design,rank,algorithm,variant_label,final_score,active_weight_sum,and,and_rank,and_score,lev,lev_rank,lev_score,runtime,runtime_rank,runtime_score,memory,memory_rank,memory_score
tc_public_1/input.blif,1,baseline_mab_prefix,"steps=10,iters=20,ucb_c=0.2,seed=5",7.5,1.0,126.0,1,10,9.0,87,5,9.66,40,5,21080.0,36,5
tc_public_1/input.blif,1,baseline_mab_prefix,"steps=10,iters=20,ucb_c=0.4,seed=5",7.5,1.0,126.0,1,10,9.0,87,5,10.11,44,5,21236.0,39,5
tc_public_1/input.blif,1,baseline_mab_prefix,"steps=10,iters=20,ucb_c=0.8,seed=5",7.5,1.0,126.0,1,10,9.0,87,5,10.54,56,5,21240.0,47,5
tc_public_1/input.blif,4,baseline_mab,"steps=10,iters=20,ucb_c=1.0,seed=0",7.2,1.0,128.0,4,7,8.0,1,10,0.92,13,5,15120.0,4,7
tc_public_1/input.blif,5,alphasyn,"seq=10,iters=20,cpuct=1.0,mu=0.9,",7.0,1.0,128.0,4,7,8.0,1,10,78.61,82,5,23164.0,76,5
tc_public_1/input.blif,5,alphasyn,"seq=10,iters=20,cpuct=1.0,mu=0.9,",7.0,1.0,128.0,4,7,8.0,1,10,78.67,84,5,23160.0,73,5
tc_public_1/input.blif,5,alphasyn,"seq=10,iters=20,cpuct=1.0,mu=0.9,",7.0,1.0,128.0,4,7,8.0,1,10,78.84,87,5,23164.0,76,5
tc_public_1/input.blif,5,alphasyn,"seq=10,iters=20,cpuct=1.0,mu=0.9,",7.0,1.0,128.0,4,7,8.0,1,10,79.61,89,5,23000.0,66,5
tc_public_1/input.blif,5,alphasyn,"seq=10,iters=20,cpuct=1.0,mu=0.9,",7.0,1.0,128.0,4,7,8.0,1,10,78.61,82,5,23520.0,90,5
tc_public_1/input.blif,5,alphasyn,"seq=10,iters=20,cpuct=1.0,mu=0.9,",7.0,1.0,128.0,4,7,8.0,1,10,78.67,84,5,23324.0,88,5
tc_public_1/input.blif,5,alphasyn,"seq=10,iters=20,cpuct=1.0,mu=0.9,",7.0,1.0,128.0,4,7,8.0,1,10,78.58,80,5,23320.0,87,5
tc_public_1/input.blif,5,alphasyn,"seq=10,iters=20,cpuct=1.0,mu=0.9,",7.0,1.0,128.0,4,7,8.0,1,10,79.66,90,5,23160.0,73,5
tc_public_1/input.blif,5,alphasyn,"seq=10,iters=20,cpuct=1.0,mu=0.9,",7.0,1.0,128.0,4,7,8.0,1,10,78.58,80,5,23328.0,89,5
tc_public_1/input.blif,5,alphasyn,"seq=10,iters=20,cpuct=1.0,mu=0.9,",7.0,1.0,128.0,4,7,8.0,1,10,78.68,86,5,23008.0,71,5
tc_public_1/input.blif,5,baseline_mab,"steps=10,iters=20,ucb_c=0.4,seed=2",7.0,1.0,132.0,44,5,8.0,1,10,0.9,1,10,15160.0,14,5
tc_public_1/input.blif,5,baseline_mab,"steps=10,iters=20,ucb_c=1.0,seed=4",7.0,1.0,132.0,44,5,8.0,1,10,0.9,1,10,15124.0,7,5
tc_public_1/input.blif,5,baseline_mab,"steps=10,iters=20,ucb_c=1.5,seed=7",7.0,1.0,131.0,20,5,8.0,1,10,0.9,1,10,16832.0,29,5
tc_public_1/input.blif,18,baseline_mab,"steps=10,iters=20,ucb_c=1.0,seed=6",6.9,1.0,133.0,50,5,8.0,1,10,0.91,4,7,15092.0,1,10
tc_public_1/input.blif,19,baseline_mab,"steps=10,iters=20,ucb_c=0.4,seed=1",6.4,1.0,134.0,59,5,8.0,1,10,0.91,4,7,15136.0,12,5
tc_public_1/input.blif,19,baseline_mab,"steps=10,iters=20,ucb_c=0.4,seed=7",6.4,1.0,139.0,78,5,8.0,1,10,0.91,4,7,15200.0,23,5
tc_public_1/input.blif,19,baseline_mab,"steps=10,iters=20,ucb_c=0.4,seed=8",6.4,1.0,133.0,50,5,8.0,1,10,0.91,4,7,15172.0,17,5
tc_public_1/input.blif,19,baseline_mab,"steps=10,iters=20,ucb_c=0.4,seed=9",6.4,1.0,129.0,15,5,8.0,1,10,0.91,4,7,16256.0,24,5
tc_public_1/input.blif,19,baseline_mab,"steps=10,iters=20,ucb_c=1.0,seed=1",6.4,1.0,139.0,78,5,8.0,1,10,0.91,4,7,16688.0,27,5
tc_public_1/input.blif,19,baseline_mab,"steps=10,iters=20,ucb_c=1.0,seed=2",6.4,1.0,132.0,44,5,8.0,1,10,0.91,4,7,16676.0,26,5
tc_public_1/input.blif,19,baseline_mab,"steps=10,iters=20,ucb_c=1.0,seed=7",6.4,1.0,131.0,20,5,8.0,1,10,0.91,4,7,15176.0,18,5
tc_public_1/input.blif,19,baseline_mab,"steps=10,iters=20,ucb_c=1.5,seed=3",6.4,1.0,133.0,50,5,8.0,1,10,0.91,4,7,15184.0,20,5
tc_public_1/input.blif,19,baseline_mab,"steps=10,iters=20,ucb_c=1.5,seed=9",6.4,1.0,133.0,50,5,8.0,1,10,0.93,23,5,15104.0,2,9
tc_public_1/input.blif,28,baseline_mab,"steps=10,iters=20,ucb_c=0.4,seed=4",6.3,1.0,133.0,50,5,8.0,1,10,0.92,13,5,15108.0,3,8
tc_public_1/input.blif,29,baseline_mab,"steps=10,iters=20,ucb_c=1.0,seed=5",6.2,1.0,135.0,66,5,8.0,1,10,0.92,13,5,15120.0,4,7
tc_public_1/input.blif,29,baseline_mab,"steps=10,iters=20,ucb_c=1.5,seed=8",6.2,1.0,133.0,50,5,8.0,1,10,0.95,28,5,15120.0,4,7
tc_public_1/input.blif,31,alphasyn,"seq=10,iters=20,cpuct=0.5,mu=0.9,",6.0,1.0,131.0,20,5,8.0,1,10,29.75,70,5,22840.0,61,5
tc_public_1/input.blif,31,alphasyn,"seq=10,iters=20,cpuct=0.5,mu=0.9,",6.0,1.0,131.0,20,5,8.0,1,10,60.58,75,5,23160.0,73,5
tc_public_1/input.blif,31,alphasyn,"seq=10,iters=20,cpuct=0.5,mu=0.9,",6.0,1.0,131.0,20,5,8.0,1,10,57.17,72,5,23004.0,68,5
tc_public_1/input.blif,31,alphasyn,"seq=10,iters=20,cpuct=0.5,mu=0.9,",6.0,1.0,131.0,20,5,8.0,1,10,61.54,76,5,23004.0,68,5
tc_public_1/input.blif,31,alphasyn,"seq=10,iters=20,cpuct=0.5,mu=0.9,",6.0,1.0,131.0,20,5,8.0,1,10,59.92,74,5,22880.0,65,5
tc_public_1/input.blif,31,alphasyn,"seq=10,iters=20,cpuct=0.5,mu=0.9,",6.0,1.0,131.0,20,5,8.0,1,10,59.31,73,5,23168.0,80,5
tc_public_1/input.blif,31,alphasyn,"seq=10,iters=20,cpuct=0.5,mu=0.9,",6.0,1.0,131.0,20,5,8.0,1,10,28.13,65,5,23008.0,71,5
tc_public_1/input.blif,31,alphasyn,"seq=10,iters=20,cpuct=0.5,mu=0.9,",6.0,1.0,131.0,20,5,8.0,1,10,77.15,77,5,23168.0,80,5
tc_public_1/input.blif,31,alphasyn,"seq=10,iters=20,cpuct=0.5,mu=0.9,",6.0,1.0,131.0,20,5,8.0,1,10,77.7,78,5,22844.0,63,5
tc_public_1/input.blif,31,alphasyn,"seq=10,iters=20,cpuct=0.5,mu=0.9,",6.0,1.0,131.0,20,5,8.0,1,10,77.74,79,5,23168.0,80,5
tc_public_1/input.blif,31,alphasyn,"seq=10,iters=20,cpuct=1.5,mu=0.9,",6.0,1.0,131.0,20,5,8.0,1,10,79.26,88,5,23164.0,76,5
tc_public_1/input.blif,31,alphasyn,"seq=10,iters=20,cpuct=1.5,mu=0.9,",6.0,1.0,131.0,20,5,8.0,1,10,28.26,68,5,23168.0,80,5
tc_public_1/input.blif,31,alphasyn,"seq=10,iters=20,cpuct=1.5,mu=0.9,",6.0,1.0,131.0,20,5,8.0,1,10,28.01,62,5,23200.0,86,5
tc_public_1/input.blif,31,alphasyn,"seq=10,iters=20,cpuct=1.5,mu=0.9,",6.0,1.0,131.0,20,5,8.0,1,10,28.19,67,5,22840.0,61,5
tc_public_1/input.blif,31,alphasyn,"seq=10,iters=20,cpuct=1.5,mu=0.9,",6.0,1.0,131.0,20,5,8.0,1,10,28.18,66,5,23000.0,66,5
tc_public_1/input.blif,31,alphasyn,"seq=10,iters=20,cpuct=1.5,mu=0.9,",6.0,1.0,131.0,20,5,8.0,1,10,28.4,69,5,22844.0,63,5
tc_public_1/input.blif,31,alphasyn,"seq=10,iters=20,cpuct=1.5,mu=0.9,",6.0,1.0,131.0,20,5,8.0,1,10,27.98,61,5,23168.0,80,5
tc_public_1/input.blif,31,alphasyn,"seq=10,iters=20,cpuct=1.5,mu=0.9,",6.0,1.0,131.0,20,5,8.0,1,10,28.03,63,5,23004.0,68,5
tc_public_1/input.blif,31,alphasyn,"seq=10,iters=20,cpuct=1.5,mu=0.9,",6.0,1.0,131.0,20,5,8.0,1,10,28.1,64,5,23164.0,76,5
tc_public_1/input.blif,31,alphasyn,"seq=10,iters=20,cpuct=1.5,mu=0.9,",6.0,1.0,131.0,20,5,8.0,1,10,30.03,71,5,23168.0,80,5
tc_public_1/input.blif,31,baseline_mab,"steps=10,iters=20,ucb_c=0.4,seed=0",6.0,1.0,132.0,44,5,8.0,1,10,0.92,13,5,15164.0,15,5
tc_public_1/input.blif,31,baseline_mab,"steps=10,iters=20,ucb_c=0.4,seed=3",6.0,1.0,137.0,72,5,8.0,1,10,0.94,26,5,15196.0,22,5
tc_public_1/input.blif,31,baseline_mab,"steps=10,iters=20,ucb_c=0.4,seed=5",6.0,1.0,132.0,44,5,8.0,1,10,0.93,23,5,15168.0,16,5
tc_public_1/input.blif,31,baseline_mab,"steps=10,iters=20,ucb_c=0.4,seed=6",6.0,1.0,132.0,44,5,8.0,1,10,0.92,13,5,16524.0,25,5
tc_public_1/input.blif,31,baseline_mab,"steps=10,iters=20,ucb_c=1.0,seed=3",6.0,1.0,139.0,78,5,8.0,1,10,0.92,13,5,15180.0,19,5
tc_public_1/input.blif,31,baseline_mab,"steps=10,iters=20,ucb_c=1.0,seed=8",6.0,1.0,133.0,50,5,8.0,1,10,0.95,28,5,15128.0,10,5
tc_public_1/input.blif,31,baseline_mab,"steps=10,iters=20,ucb_c=1.0,seed=9",6.0,1.0,130.0,18,5,8.0,1,10,0.92,13,5,15124.0,7,5
tc_public_1/input.blif,31,baseline_mab,"steps=10,iters=20,ucb_c=1.5,seed=0",6.0,1.0,139.0,78,5,8.0,1,10,0.92,13,5,15124.0,7,5
tc_public_1/input.blif,31,baseline_mab,"steps=10,iters=20,ucb_c=1.5,seed=1",6.0,1.0,134.0,59,5,8.0,1,10,0.92,13,5,15136.0,12,5
tc_public_1/input.blif,31,baseline_mab,"steps=10,iters=20,ucb_c=1.5,seed=2",6.0,1.0,129.0,15,5,8.0,1,10,0.93,23,5,15184.0,20,5
tc_public_1/input.blif,31,baseline_mab,"steps=10,iters=20,ucb_c=1.5,seed=4",6.0,1.0,131.0,20,5,8.0,1,10,0.92,13,5,16840.0,30,5
tc_public_1/input.blif,31,baseline_mab,"steps=10,iters=20,ucb_c=1.5,seed=5",6.0,1.0,131.0,20,5,8.0,1,10,0.94,26,5,15128.0,10,5
tc_public_1/input.blif,31,baseline_mab,"steps=10,iters=20,ucb_c=1.5,seed=6",6.0,1.0,134.0,59,5,8.0,1,10,0.96,30,5,16824.0,28,5
tc_public_1/input.blif,31,baseline_mab_prefix,"steps=10,iters=20,ucb_c=0.2,seed=0",6.0,1.0,138.0,75,5,8.0,1,10,4.81,32,5,21240.0,47,5
tc_public_1/input.blif,31,baseline_mab_prefix,"steps=10,iters=20,ucb_c=0.2,seed=1",6.0,1.0,136.0,70,5,8.0,1,10,4.87,34,5,21236.0,39,5
tc_public_1/input.blif,31,baseline_mab_prefix,"steps=10,iters=20,ucb_c=0.2,seed=2",6.0,1.0,139.0,78,5,8.0,1,10,4.86,33,5,21236.0,39,5
tc_public_1/input.blif,31,baseline_mab_prefix,"steps=10,iters=20,ucb_c=0.2,seed=3",6.0,1.0,137.0,72,5,8.0,1,10,4.77,31,5,21240.0,47,5
tc_public_1/input.blif,31,baseline_mab_prefix,"steps=10,iters=20,ucb_c=0.2,seed=4",6.0,1.0,133.0,50,5,8.0,1,10,9.27,39,5,21280.0,55,5
tc_public_1/input.blif,31,baseline_mab_prefix,"steps=10,iters=20,ucb_c=0.2,seed=6",6.0,1.0,139.0,78,5,8.0,1,10,10.21,46,5,21244.0,54,5
tc_public_1/input.blif,31,baseline_mab_prefix,"steps=10,iters=20,ucb_c=0.2,seed=7",6.0,1.0,134.0,59,5,8.0,1,10,10.36,52,5,21076.0,32,5
tc_public_1/input.blif,31,baseline_mab_prefix,"steps=10,iters=20,ucb_c=0.2,seed=8",6.0,1.0,133.0,50,5,8.0,1,10,9.99,42,5,21240.0,47,5
tc_public_1/input.blif,31,baseline_mab_prefix,"steps=10,iters=20,ucb_c=0.2,seed=9",6.0,1.0,139.0,78,5,8.0,1,10,9.21,38,5,21076.0,32,5
tc_public_1/input.blif,31,baseline_mab_prefix,"steps=10,iters=20,ucb_c=0.4,seed=0",6.0,1.0,135.0,66,5,8.0,1,10,10.31,49,5,21280.0,55,5
tc_public_1/input.blif,31,baseline_mab_prefix,"steps=10,iters=20,ucb_c=0.4,seed=1",6.0,1.0,139.0,78,5,8.0,1,10,9.73,41,5,21236.0,39,5
tc_public_1/input.blif,31,baseline_mab_prefix,"steps=10,iters=20,ucb_c=0.4,seed=2",6.0,1.0,140.0,89,5,8.0,1,10,10.08,43,5,21076.0,32,5
tc_public_1/input.blif,31,baseline_mab_prefix,"steps=10,iters=20,ucb_c=0.4,seed=3",6.0,1.0,134.0,59,5,8.0,1,10,10.68,58,5,21240.0,47,5
tc_public_1/input.blif,31,baseline_mab_prefix,"steps=10,iters=20,ucb_c=0.4,seed=4",6.0,1.0,136.0,70,5,8.0,1,10,8.66,36,5,21076.0,32,5
tc_public_1/input.blif,31,baseline_mab_prefix,"steps=10,iters=20,ucb_c=0.4,seed=6",6.0,1.0,139.0,78,5,8.0,1,10,10.17,45,5,21236.0,39,5
tc_public_1/input.blif,31,baseline_mab_prefix,"steps=10,iters=20,ucb_c=0.4,seed=7",6.0,1.0,134.0,59,5,8.0,1,10,10.37,53,5,21236.0,39,5
tc_public_1/input.blif,31,baseline_mab_prefix,"steps=10,iters=20,ucb_c=0.4,seed=8",6.0,1.0,135.0,66,5,8.0,1,10,10.46,55,5,21240.0,47,5
tc_public_1/input.blif,31,baseline_mab_prefix,"steps=10,iters=20,ucb_c=0.4,seed=9",6.0,1.0,139.0,78,5,8.0,1,10,8.66,36,5,21280.0,55,5
tc_public_1/input.blif,31,baseline_mab_prefix,"steps=10,iters=20,ucb_c=0.8,seed=0",6.0,1.0,138.0,75,5,8.0,1,10,10.7,59,5,21120.0,38,5
tc_public_1/input.blif,31,baseline_mab_prefix,"steps=10,iters=20,ucb_c=0.8,seed=1",6.0,1.0,139.0,78,5,8.0,1,10,10.34,51,5,21240.0,47,5
tc_public_1/input.blif,31,baseline_mab_prefix,"steps=10,iters=20,ucb_c=0.8,seed=2",6.0,1.0,140.0,89,5,8.0,1,10,10.55,57,5,21280.0,55,5
tc_public_1/input.blif,31,baseline_mab_prefix,"steps=10,iters=20,ucb_c=0.8,seed=3",6.0,1.0,138.0,75,5,8.0,1,10,10.75,60,5,21112.0,37,5
tc_public_1/input.blif,31,baseline_mab_prefix,"steps=10,iters=20,ucb_c=0.8,seed=6",6.0,1.0,137.0,72,5,8.0,1,10,10.32,50,5,21280.0,55,5
tc_public_1/input.blif,31,baseline_mab_prefix,"steps=10,iters=20,ucb_c=0.8,seed=7",6.0,1.0,134.0,59,5,8.0,1,10,8.29,35,5,21236.0,39,5
tc_public_1/input.blif,31,baseline_mab_prefix,"steps=10,iters=20,ucb_c=0.8,seed=8",6.0,1.0,135.0,66,5,8.0,1,10,10.24,47,5,21236.0,39,5
tc_public_1/input.blif,31,baseline_mab_prefix,"steps=10,iters=20,ucb_c=0.8,seed=9",6.0,1.0,129.0,15,5,8.0,1,10,10.29,48,5,21280.0,55,5
tc_public_1/input.blif,90,baseline_mab_prefix,"steps=10,iters=20,ucb_c=0.8,seed=4",5.0,1.0,130.0,18,5,9.0,87,5,10.43,54,5,20960.0,31,5
tc_public_2/input.blif,1,baseline_mab,"steps=10,iters=20,ucb_c=1.5,seed=3",9.7,1.0,18.0,1,10,4.0,1,10,0.83,1,10,14932.0,4,7
tc_public_2/input.blif,2,baseline_mab,"steps=10,iters=20,ucb_c=0.4,seed=4",9.5,1.0,18.0,1,10,4.0,1,10,0.83,1,10,14972.0,17,5
tc_public_2/input.blif,2,baseline_mab,"steps=10,iters=20,ucb_c=1.0,seed=4",9.5,1.0,18.0,1,10,4.0,1,10,0.83,1,10,14968.0,12,5
tc_public_2/input.blif,2,baseline_mab,"steps=10,iters=20,ucb_c=1.0,seed=5",9.5,1.0,18.0,1,10,4.0,1,10,0.83,1,10,14972.0,17,5
tc_public_2/input.blif,2,baseline_mab,"steps=10,iters=20,ucb_c=1.0,seed=6",9.5,1.0,18.0,1,10,4.0,1,10,0.83,1,10,14972.0,17,5
tc_public_2/input.blif,6,baseline_mab,"steps=10,iters=20,ucb_c=0.4,seed=1",9.0,1.0,18.0,1,10,4.0,1,10,0.84,7,5,14908.0,1,10
tc_public_2/input.blif,7,baseline_mab,"steps=10,iters=20,ucb_c=1.0,seed=1",8.9,1.0,18.0,1,10,4.0,1,10,0.84,7,5,14916.0,2,9
tc_public_2/input.blif,7,baseline_mab,"steps=10,iters=20,ucb_c=1.0,seed=7",8.9,1.0,18.0,1,10,4.0,1,10,0.84,7,5,14916.0,2,9
tc_public_2/input.blif,9,baseline_mab,"steps=10,iters=20,ucb_c=0.4,seed=0",8.7,1.0,18.0,1,10,4.0,1,10,0.86,25,5,14932.0,4,7
tc_public_2/input.blif,9,baseline_mab,"steps=10,iters=20,ucb_c=1.0,seed=3",8.7,1.0,18.0,1,10,4.0,1,10,0.84,7,5,14932.0,4,7
tc_public_2/input.blif,11,alphasyn,"seq=10,iters=20,cpuct=1.0,mu=0.9,",8.5,1.0,18.0,1,10,4.0,1,10,82.06,84,5,23328.0,81,5
tc_public_2/input.blif,11,alphasyn,"seq=10,iters=20,cpuct=1.0,mu=0.9,",8.5,1.0,18.0,1,10,4.0,1,10,82.02,82,5,23160.0,65,5
tc_public_2/input.blif,11,alphasyn,"seq=10,iters=20,cpuct=1.0,mu=0.9,",8.5,1.0,18.0,1,10,4.0,1,10,82.83,89,5,23160.0,65,5
tc_public_2/input.blif,11,alphasyn,"seq=10,iters=20,cpuct=1.0,mu=0.9,",8.5,1.0,18.0,1,10,4.0,1,10,82.88,90,5,23488.0,89,5
tc_public_2/input.blif,11,alphasyn,"seq=10,iters=20,cpuct=1.0,mu=0.9,",8.5,1.0,18.0,1,10,4.0,1,10,81.99,79,5,23320.0,72,5
tc_public_2/input.blif,11,alphasyn,"seq=10,iters=20,cpuct=1.0,mu=0.9,",8.5,1.0,18.0,1,10,4.0,1,10,81.95,78,5,23160.0,65,5
tc_public_2/input.blif,11,alphasyn,"seq=10,iters=20,cpuct=1.0,mu=0.9,",8.5,1.0,18.0,1,10,4.0,1,10,81.99,79,5,23484.0,85,5
tc_public_2/input.blif,11,alphasyn,"seq=10,iters=20,cpuct=1.0,mu=0.9,",8.5,1.0,18.0,1,10,4.0,1,10,82.31,86,5,23160.0,65,5
tc_public_2/input.blif,11,alphasyn,"seq=10,iters=20,cpuct=1.0,mu=0.9,",8.5,1.0,18.0,1,10,4.0,1,10,82.0,81,5,23160.0,65,5
tc_public_2/input.blif,11,alphasyn,"seq=10,iters=20,cpuct=1.0,mu=0.9,",8.5,1.0,18.0,1,10,4.0,1,10,81.9,77,5,23328.0,81,5
tc_public_2/input.blif,11,baseline_mab,"steps=10,iters=20,ucb_c=0.4,seed=6",8.5,1.0,18.0,1,10,4.0,1,10,0.85,17,5,14968.0,12,5
tc_public_2/input.blif,11,baseline_mab,"steps=10,iters=20,ucb_c=0.4,seed=8",8.5,1.0,18.0,1,10,4.0,1,10,0.84,7,5,14968.0,12,5
tc_public_2/input.blif,11,baseline_mab,"steps=10,iters=20,ucb_c=0.4,seed=9",8.5,1.0,18.0,1,10,4.0,1,10,0.85,17,5,14980.0,28,5
tc_public_2/input.blif,11,baseline_mab,"steps=10,iters=20,ucb_c=1.0,seed=0",8.5,1.0,18.0,1,10,4.0,1,10,0.85,17,5,14936.0,8,5
tc_public_2/input.blif,11,baseline_mab,"steps=10,iters=20,ucb_c=1.0,seed=2",8.5,1.0,18.0,1,10,4.0,1,10,0.84,7,5,14968.0,12,5
tc_public_2/input.blif,11,baseline_mab,"steps=10,iters=20,ucb_c=1.0,seed=8",8.5,1.0,18.0,1,10,4.0,1,10,0.85,17,5,14968.0,12,5
tc_public_2/input.blif,11,baseline_mab,"steps=10,iters=20,ucb_c=1.0,seed=9",8.5,1.0,18.0,1,10,4.0,1,10,0.84,7,5,14972.0,17,5
tc_public_2/input.blif,11,baseline_mab,"steps=10,iters=20,ucb_c=1.5,seed=0",8.5,1.0,18.0,1,10,4.0,1,10,0.85,17,5,14964.0,10,5
tc_public_2/input.blif,11,baseline_mab,"steps=10,iters=20,ucb_c=1.5,seed=1",8.5,1.0,18.0,1,10,4.0,1,10,0.86,25,5,14976.0,25,5
tc_public_2/input.blif,11,baseline_mab,"steps=10,iters=20,ucb_c=1.5,seed=2",8.5,1.0,18.0,1,10,4.0,1,10,0.86,25,5,14964.0,10,5
tc_public_2/input.blif,11,baseline_mab,"steps=10,iters=20,ucb_c=1.5,seed=6",8.5,1.0,18.0,1,10,4.0,1,10,0.85,17,5,14972.0,17,5
tc_public_2/input.blif,11,baseline_mab,"steps=10,iters=20,ucb_c=1.5,seed=9",8.5,1.0,18.0,1,10,4.0,1,10,0.86,25,5,14972.0,17,5
tc_public_2/input.blif,11,baseline_mab_prefix,"steps=10,iters=20,ucb_c=0.2,seed=1",8.5,1.0,18.0,1,10,4.0,1,10,4.77,33,5,21240.0,47,5
tc_public_2/input.blif,11,baseline_mab_prefix,"steps=10,iters=20,ucb_c=0.2,seed=2",8.5,1.0,18.0,1,10,4.0,1,10,4.76,32,5,21240.0,47,5
tc_public_2/input.blif,11,baseline_mab_prefix,"steps=10,iters=20,ucb_c=0.2,seed=5",8.5,1.0,18.0,1,10,4.0,1,10,9.82,43,5,21076.0,32,5
tc_public_2/input.blif,11,baseline_mab_prefix,"steps=10,iters=20,ucb_c=0.2,seed=6",8.5,1.0,18.0,1,10,4.0,1,10,10.43,55,5,21280.0,54,5
tc_public_2/input.blif,11,baseline_mab_prefix,"steps=10,iters=20,ucb_c=0.2,seed=7",8.5,1.0,18.0,1,10,4.0,1,10,10.17,49,5,21236.0,43,5
tc_public_2/input.blif,11,baseline_mab_prefix,"steps=10,iters=20,ucb_c=0.4,seed=0",8.5,1.0,18.0,1,10,4.0,1,10,9.93,45,5,21120.0,38,5
tc_public_2/input.blif,11,baseline_mab_prefix,"steps=10,iters=20,ucb_c=0.4,seed=1",8.5,1.0,18.0,1,10,4.0,1,10,9.76,41,5,21076.0,32,5
tc_public_2/input.blif,11,baseline_mab_prefix,"steps=10,iters=20,ucb_c=0.4,seed=2",8.5,1.0,18.0,1,10,4.0,1,10,10.3,53,5,21396.0,59,5
tc_public_2/input.blif,11,baseline_mab_prefix,"steps=10,iters=20,ucb_c=0.4,seed=5",8.5,1.0,18.0,1,10,4.0,1,10,9.81,42,5,21280.0,54,5
tc_public_2/input.blif,11,baseline_mab_prefix,"steps=10,iters=20,ucb_c=0.4,seed=6",8.5,1.0,18.0,1,10,4.0,1,10,9.84,44,5,21236.0,43,5
tc_public_2/input.blif,11,baseline_mab_prefix,"steps=10,iters=20,ucb_c=0.4,seed=7",8.5,1.0,18.0,1,10,4.0,1,10,9.66,40,5,21236.0,43,5
tc_public_2/input.blif,11,baseline_mab_prefix,"steps=10,iters=20,ucb_c=0.4,seed=9",8.5,1.0,18.0,1,10,4.0,1,10,8.31,35,5,21120.0,38,5
tc_public_2/input.blif,11,baseline_mab_prefix,"steps=10,iters=20,ucb_c=0.8,seed=0",8.5,1.0,18.0,1,10,4.0,1,10,10.24,51,5,21120.0,38,5
tc_public_2/input.blif,11,baseline_mab_prefix,"steps=10,iters=20,ucb_c=0.8,seed=2",8.5,1.0,18.0,1,10,4.0,1,10,10.44,56,5,21396.0,59,5
tc_public_2/input.blif,11,baseline_mab_prefix,"steps=10,iters=20,ucb_c=0.8,seed=4",8.5,1.0,18.0,1,10,4.0,1,10,10.59,58,5,21076.0,32,5
tc_public_2/input.blif,11,baseline_mab_prefix,"steps=10,iters=20,ucb_c=0.8,seed=5",8.5,1.0,18.0,1,10,4.0,1,10,10.56,57,5,21236.0,43,5
tc_public_2/input.blif,11,baseline_mab_prefix,"steps=10,iters=20,ucb_c=0.8,seed=6",8.5,1.0,18.0,1,10,4.0,1,10,10.81,60,5,21120.0,38,5
tc_public_2/input.blif,11,baseline_mab_prefix,"steps=10,iters=20,ucb_c=0.8,seed=7",8.5,1.0,18.0,1,10,4.0,1,10,8.75,37,5,21076.0,32,5
tc_public_2/input.blif,11,baseline_mab_prefix,"steps=10,iters=20,ucb_c=0.8,seed=8",8.5,1.0,18.0,1,10,4.0,1,10,10.26,52,5,21240.0,47,5
tc_public_2/input.blif,52,baseline_mab,"steps=10,iters=20,ucb_c=0.4,seed=5",7.0,1.0,19.0,52,5,4.0,1,10,0.83,1,10,14980.0,28,5
tc_public_2/input.blif,53,baseline_mab,"steps=10,iters=20,ucb_c=0.4,seed=3",6.2,1.0,19.0,52,5,4.0,1,10,0.85,17,5,14932.0,4,7
tc_public_2/input.blif,54,alphasyn,"seq=10,iters=20,cpuct=0.5,mu=0.9,",6.0,1.0,19.0,52,5,4.0,1,10,32.73,71,5,23000.0,61,5
tc_public_2/input.blif,54,alphasyn,"seq=10,iters=20,cpuct=0.5,mu=0.9,",6.0,1.0,19.0,52,5,4.0,1,10,64.85,73,5,23036.0,64,5
tc_public_2/input.blif,54,alphasyn,"seq=10,iters=20,cpuct=0.5,mu=0.9,",6.0,1.0,19.0,52,5,4.0,1,10,66.4,76,5,23484.0,85,5
tc_public_2/input.blif,54,alphasyn,"seq=10,iters=20,cpuct=0.5,mu=0.9,",6.0,1.0,19.0,52,5,4.0,1,10,64.85,73,5,23164.0,70,5
tc_public_2/input.blif,54,alphasyn,"seq=10,iters=20,cpuct=0.5,mu=0.9,",6.0,1.0,19.0,52,5,4.0,1,10,65.25,75,5,23320.0,72,5
tc_public_2/input.blif,54,alphasyn,"seq=10,iters=20,cpuct=0.5,mu=0.9,",6.0,1.0,19.0,52,5,4.0,1,10,62.4,72,5,23320.0,72,5
tc_public_2/input.blif,54,alphasyn,"seq=10,iters=20,cpuct=0.5,mu=0.9,",6.0,1.0,19.0,52,5,4.0,1,10,29.82,69,5,23320.0,72,5
tc_public_2/input.blif,54,alphasyn,"seq=10,iters=20,cpuct=0.5,mu=0.9,",6.0,1.0,19.0,52,5,4.0,1,10,82.32,87,5,23320.0,72,5
tc_public_2/input.blif,54,alphasyn,"seq=10,iters=20,cpuct=0.5,mu=0.9,",6.0,1.0,19.0,52,5,4.0,1,10,82.65,88,5,23320.0,72,5
tc_public_2/input.blif,54,alphasyn,"seq=10,iters=20,cpuct=0.5,mu=0.9,",6.0,1.0,19.0,52,5,4.0,1,10,82.22,85,5,23484.0,85,5
tc_public_2/input.blif,54,alphasyn,"seq=10,iters=20,cpuct=1.5,mu=0.9,",6.0,1.0,19.0,52,5,4.0,1,10,82.05,83,5,23320.0,72,5
tc_public_2/input.blif,54,alphasyn,"seq=10,iters=20,cpuct=1.5,mu=0.9,",6.0,1.0,19.0,52,5,4.0,1,10,29.13,65,5,23320.0,72,5
tc_public_2/input.blif,54,alphasyn,"seq=10,iters=20,cpuct=1.5,mu=0.9,",6.0,1.0,19.0,52,5,4.0,1,10,29.01,62,5,23484.0,85,5
tc_public_2/input.blif,54,alphasyn,"seq=10,iters=20,cpuct=1.5,mu=0.9,",6.0,1.0,19.0,52,5,4.0,1,10,29.24,66,5,23004.0,62,5
tc_public_2/input.blif,54,alphasyn,"seq=10,iters=20,cpuct=1.5,mu=0.9,",6.0,1.0,19.0,52,5,4.0,1,10,29.01,62,5,23004.0,62,5
tc_public_2/input.blif,54,alphasyn,"seq=10,iters=20,cpuct=1.5,mu=0.9,",6.0,1.0,19.0,52,5,4.0,1,10,29.4,68,5,23320.0,72,5
tc_public_2/input.blif,54,alphasyn,"seq=10,iters=20,cpuct=1.5,mu=0.9,",6.0,1.0,19.0,52,5,4.0,1,10,29.0,61,5,23328.0,81,5
tc_public_2/input.blif,54,alphasyn,"seq=10,iters=20,cpuct=1.5,mu=0.9,",6.0,1.0,19.0,52,5,4.0,1,10,29.11,64,5,23648.0,90,5
tc_public_2/input.blif,54,alphasyn,"seq=10,iters=20,cpuct=1.5,mu=0.9,",6.0,1.0,19.0,52,5,4.0,1,10,29.26,67,5,23328.0,81,5
tc_public_2/input.blif,54,alphasyn,"seq=10,iters=20,cpuct=1.5,mu=0.9,",6.0,1.0,19.0,52,5,4.0,1,10,32.48,70,5,23164.0,70,5
tc_public_2/input.blif,54,baseline_mab,"steps=10,iters=20,ucb_c=0.4,seed=2",6.0,1.0,19.0,52,5,4.0,1,10,0.84,7,5,14972.0,17,5
tc_public_2/input.blif,54,baseline_mab,"steps=10,iters=20,ucb_c=0.4,seed=7",6.0,1.0,19.0,52,5,4.0,1,10,0.84,7,5,14976.0,25,5
tc_public_2/input.blif,54,baseline_mab,"steps=10,iters=20,ucb_c=1.5,seed=4",6.0,1.0,19.0,52,5,4.0,1,10,0.85,17,5,14980.0,28,5
tc_public_2/input.blif,54,baseline_mab,"steps=10,iters=20,ucb_c=1.5,seed=5",6.0,1.0,19.0,52,5,4.0,1,10,0.86,25,5,14976.0,25,5
tc_public_2/input.blif,54,baseline_mab,"steps=10,iters=20,ucb_c=1.5,seed=7",6.0,1.0,19.0,52,5,4.0,1,10,0.84,7,5,14944.0,9,5
tc_public_2/input.blif,54,baseline_mab,"steps=10,iters=20,ucb_c=1.5,seed=8",6.0,1.0,19.0,52,5,4.0,1,10,0.86,25,5,14972.0,17,5
tc_public_2/input.blif,54,baseline_mab_prefix,"steps=10,iters=20,ucb_c=0.2,seed=0",6.0,1.0,19.0,52,5,4.0,1,10,4.74,31,5,21076.0,32,5
tc_public_2/input.blif,54,baseline_mab_prefix,"steps=10,iters=20,ucb_c=0.2,seed=3",6.0,1.0,19.0,52,5,4.0,1,10,4.8,34,5,21240.0,47,5
tc_public_2/input.blif,54,baseline_mab_prefix,"steps=10,iters=20,ucb_c=0.2,seed=4",6.0,1.0,19.0,52,5,4.0,1,10,8.34,36,5,21280.0,54,5
tc_public_2/input.blif,54,baseline_mab_prefix,"steps=10,iters=20,ucb_c=0.2,seed=8",6.0,1.0,19.0,52,5,4.0,1,10,9.5,39,5,20920.0,31,5
tc_public_2/input.blif,54,baseline_mab_prefix,"steps=10,iters=20,ucb_c=0.2,seed=9",6.0,1.0,19.0,52,5,4.0,1,10,9.21,38,5,21240.0,47,5
tc_public_2/input.blif,54,baseline_mab_prefix,"steps=10,iters=20,ucb_c=0.4,seed=3",6.0,1.0,19.0,52,5,4.0,1,10,10.08,47,5,21240.0,47,5
tc_public_2/input.blif,54,baseline_mab_prefix,"steps=10,iters=20,ucb_c=0.4,seed=4",6.0,1.0,19.0,52,5,4.0,1,10,9.95,46,5,21280.0,54,5
tc_public_2/input.blif,54,baseline_mab_prefix,"steps=10,iters=20,ucb_c=0.4,seed=8",6.0,1.0,19.0,52,5,4.0,1,10,10.08,47,5,21240.0,47,5
tc_public_2/input.blif,54,baseline_mab_prefix,"steps=10,iters=20,ucb_c=0.8,seed=1",6.0,1.0,19.0,52,5,4.0,1,10,10.23,50,5,21120.0,38,5
tc_public_2/input.blif,54,baseline_mab_prefix,"steps=10,iters=20,ucb_c=0.8,seed=3",6.0,1.0,19.0,52,5,4.0,1,10,10.73,59,5,21080.0,37,5
tc_public_2/input.blif,54,baseline_mab_prefix,"steps=10,iters=20,ucb_c=0.8,seed=9",6.0,1.0,19.0,52,5,4.0,1,10,10.42,54,5,21280.0,54,5
tc_public_3/input.blif,1,baseline_mab,"steps=10,iters=20,ucb_c=1.0,seed=3",8.2,1.0,123.0,1,10,11.0,46,5,0.91,3,8,15116.0,5,6
tc_public_3/input.blif,2,baseline_mab,"steps=10,iters=20,ucb_c=1.0,seed=2",7.5,1.0,123.0,1,10,11.0,46,5,0.93,23,5,15120.0,6,5
tc_public_3/input.blif,2,baseline_mab,"steps=10,iters=20,ucb_c=1.5,seed=3",7.5,1.0,123.0,1,10,11.0,46,5,0.92,10,5,15132.0,13,5
tc_public_3/input.blif,4,baseline_mab,"steps=10,iters=20,ucb_c=0.4,seed=8",6.6,1.0,124.0,4,7,11.0,46,5,0.91,3,8,15120.0,6,5
tc_public_3/input.blif,5,baseline_mab,"steps=10,iters=20,ucb_c=0.4,seed=4",6.5,1.0,125.0,5,6,11.0,46,5,0.9,1,10,15120.0,6,5
tc_public_3/input.blif,6,baseline_mab,"steps=10,iters=20,ucb_c=0.4,seed=0",6.4,1.0,130.0,68,5,10.0,2,9,0.91,3,8,16524.0,26,5
tc_public_3/input.blif,6,baseline_mab,"steps=10,iters=20,ucb_c=1.5,seed=0",6.4,1.0,129.0,62,5,10.0,2,9,0.91,3,8,15176.0,22,5
tc_public_3/input.blif,6,baseline_mab,"steps=10,iters=20,ucb_c=1.5,seed=4",6.4,1.0,127.0,21,5,10.0,2,9,0.91,3,8,15168.0,20,5
tc_public_3/input.blif,6,baseline_mab,"steps=10,iters=20,ucb_c=1.5,seed=6",6.4,1.0,131.0,82,5,10.0,2,9,0.91,3,8,15124.0,12,5
tc_public_3/input.blif,10,baseline_mab,"steps=10,iters=20,ucb_c=0.4,seed=2",6.3,1.0,128.0,38,5,11.0,46,5,0.9,1,10,15108.0,3,8
tc_public_3/input.blif,10,baseline_mab,"steps=10,iters=20,ucb_c=1.0,seed=1",6.3,1.0,125.0,5,6,10.0,2,9,0.92,10,5,16528.0,27,5
tc_public_3/input.blif,12,baseline_mab,"steps=10,iters=20,ucb_c=0.4,seed=1",6.1,1.0,125.0,5,6,11.0,46,5,0.91,3,8,16688.0,28,5
tc_public_3/input.blif,13,baseline_mab,"steps=10,iters=20,ucb_c=1.5,seed=9",6.0,1.0,132.0,85,5,9.0,1,10,0.95,29,5,15148.0,15,5
tc_public_3/input.blif,14,alphasyn,"seq=10,iters=20,cpuct=0.5,mu=0.9,",5.8,1.0,130.0,68,5,10.0,2,9,16.88,61,5,21408.0,60,5
tc_public_3/input.blif,14,alphasyn,"seq=10,iters=20,cpuct=0.5,mu=0.9,",5.8,1.0,130.0,68,5,10.0,2,9,30.84,72,5,21720.0,64,5
tc_public_3/input.blif,14,alphasyn,"seq=10,iters=20,cpuct=0.5,mu=0.9,",5.8,1.0,130.0,68,5,10.0,2,9,32.5,76,5,21884.0,69,5
tc_public_3/input.blif,14,alphasyn,"seq=10,iters=20,cpuct=0.5,mu=0.9,",5.8,1.0,130.0,68,5,10.0,2,9,31.41,74,5,21720.0,64,5
tc_public_3/input.blif,14,alphasyn,"seq=10,iters=20,cpuct=0.5,mu=0.9,",5.8,1.0,130.0,68,5,10.0,2,9,30.9,73,5,21884.0,69,5
tc_public_3/input.blif,14,alphasyn,"seq=10,iters=20,cpuct=0.5,mu=0.9,",5.8,1.0,130.0,68,5,10.0,2,9,29.63,71,5,21564.0,62,5
tc_public_3/input.blif,14,alphasyn,"seq=10,iters=20,cpuct=0.5,mu=0.9,",5.8,1.0,130.0,68,5,10.0,2,9,24.5,62,5,21716.0,63,5
tc_public_3/input.blif,14,alphasyn,"seq=10,iters=20,cpuct=0.5,mu=0.9,",5.8,1.0,130.0,68,5,10.0,2,9,39.48,77,5,21880.0,67,5
tc_public_3/input.blif,14,alphasyn,"seq=10,iters=20,cpuct=0.5,mu=0.9,",5.8,1.0,130.0,68,5,10.0,2,9,39.85,79,5,21880.0,67,5
tc_public_3/input.blif,14,alphasyn,"seq=10,iters=20,cpuct=0.5,mu=0.9,",5.8,1.0,130.0,68,5,10.0,2,9,39.48,77,5,21720.0,64,5
tc_public_3/input.blif,14,alphasyn,"seq=10,iters=20,cpuct=1.0,mu=0.9,",5.8,1.0,127.0,21,5,10.0,2,9,76.47,87,5,23164.0,82,5
tc_public_3/input.blif,14,alphasyn,"seq=10,iters=20,cpuct=1.0,mu=0.9,",5.8,1.0,127.0,21,5,10.0,2,9,76.09,82,5,23164.0,82,5
tc_public_3/input.blif,14,alphasyn,"seq=10,iters=20,cpuct=1.0,mu=0.9,",5.8,1.0,127.0,21,5,10.0,2,9,76.93,88,5,23160.0,79,5
tc_public_3/input.blif,14,alphasyn,"seq=10,iters=20,cpuct=1.0,mu=0.9,",5.8,1.0,127.0,21,5,10.0,2,9,77.15,89,5,22844.0,73,5
tc_public_3/input.blif,14,alphasyn,"seq=10,iters=20,cpuct=1.0,mu=0.9,",5.8,1.0,127.0,21,5,10.0,2,9,76.02,80,5,23000.0,74,5
tc_public_3/input.blif,14,alphasyn,"seq=10,iters=20,cpuct=1.0,mu=0.9,",5.8,1.0,127.0,21,5,10.0,2,9,76.23,83,5,23000.0,74,5
tc_public_3/input.blif,14,alphasyn,"seq=10,iters=20,cpuct=1.0,mu=0.9,",5.8,1.0,127.0,21,5,10.0,2,9,76.27,84,5,23168.0,86,5
tc_public_3/input.blif,14,alphasyn,"seq=10,iters=20,cpuct=1.0,mu=0.9,",5.8,1.0,127.0,21,5,10.0,2,9,76.34,86,5,23160.0,79,5
tc_public_3/input.blif,14,alphasyn,"seq=10,iters=20,cpuct=1.0,mu=0.9,",5.8,1.0,127.0,21,5,10.0,2,9,76.32,85,5,23004.0,77,5
tc_public_3/input.blif,14,alphasyn,"seq=10,iters=20,cpuct=1.0,mu=0.9,",5.8,1.0,127.0,21,5,10.0,2,9,76.03,81,5,23164.0,82,5
tc_public_3/input.blif,14,alphasyn,"seq=10,iters=20,cpuct=1.5,mu=0.9,",5.8,1.0,128.0,38,5,10.0,2,9,81.25,90,5,23160.0,79,5
tc_public_3/input.blif,14,alphasyn,"seq=10,iters=20,cpuct=1.5,mu=0.9,",5.8,1.0,128.0,38,5,10.0,2,9,29.02,68,5,23000.0,74,5
tc_public_3/input.blif,14,alphasyn,"seq=10,iters=20,cpuct=1.5,mu=0.9,",5.8,1.0,128.0,38,5,10.0,2,9,28.76,64,5,23004.0,77,5
tc_public_3/input.blif,14,alphasyn,"seq=10,iters=20,cpuct=1.5,mu=0.9,",5.8,1.0,128.0,38,5,10.0,2,9,28.7,63,5,22840.0,72,5
tc_public_3/input.blif,14,alphasyn,"seq=10,iters=20,cpuct=1.5,mu=0.9,",5.8,1.0,128.0,38,5,10.0,2,9,28.84,66,5,23168.0,86,5
tc_public_3/input.blif,14,alphasyn,"seq=10,iters=20,cpuct=1.5,mu=0.9,",5.8,1.0,128.0,38,5,10.0,2,9,28.85,67,5,22524.0,71,5
tc_public_3/input.blif,14,alphasyn,"seq=10,iters=20,cpuct=1.5,mu=0.9,",5.8,1.0,128.0,38,5,10.0,2,9,28.77,65,5,23168.0,86,5
tc_public_3/input.blif,14,alphasyn,"seq=10,iters=20,cpuct=1.5,mu=0.9,",5.8,1.0,128.0,38,5,10.0,2,9,29.07,70,5,23324.0,90,5
tc_public_3/input.blif,14,alphasyn,"seq=10,iters=20,cpuct=1.5,mu=0.9,",5.8,1.0,128.0,38,5,10.0,2,9,29.05,69,5,23164.0,82,5
tc_public_3/input.blif,14,alphasyn,"seq=10,iters=20,cpuct=1.5,mu=0.9,",5.8,1.0,128.0,38,5,10.0,2,9,32.46,75,5,23168.0,86,5
tc_public_3/input.blif,14,baseline_mab,"steps=10,iters=20,ucb_c=0.4,seed=3",5.8,1.0,133.0,87,5,10.0,2,9,0.93,23,5,15188.0,25,5
tc_public_3/input.blif,14,baseline_mab,"steps=10,iters=20,ucb_c=0.4,seed=9",5.8,1.0,134.0,88,5,10.0,2,9,0.94,28,5,16848.0,29,5
tc_public_3/input.blif,14,baseline_mab,"steps=10,iters=20,ucb_c=1.0,seed=0",5.8,1.0,128.0,38,5,10.0,2,9,0.93,23,5,15152.0,16,5
tc_public_3/input.blif,14,baseline_mab,"steps=10,iters=20,ucb_c=1.0,seed=4",5.8,1.0,130.0,68,5,10.0,2,9,0.92,10,5,15120.0,6,5
tc_public_3/input.blif,14,baseline_mab,"steps=10,iters=20,ucb_c=1.5,seed=2",5.8,1.0,128.0,38,5,10.0,2,9,0.93,23,5,15184.0,24,5
tc_public_3/input.blif,14,baseline_mab,"steps=10,iters=20,ucb_c=1.5,seed=7",5.8,1.0,130.0,68,5,10.0,2,9,0.92,10,5,15120.0,6,5
tc_public_3/input.blif,14,baseline_mab,"steps=10,iters=20,ucb_c=1.5,seed=8",5.8,1.0,132.0,85,5,10.0,2,9,0.95,29,5,15164.0,19,5
tc_public_3/input.blif,14,baseline_mab_prefix,"steps=10,iters=20,ucb_c=0.2,seed=7",5.8,1.0,137.0,90,5,10.0,2,9,10.39,49,5,21236.0,45,5
tc_public_3/input.blif,14,baseline_mab_prefix,"steps=10,iters=20,ucb_c=0.4,seed=5",5.8,1.0,134.0,88,5,10.0,2,9,10.03,42,5,21076.0,34,5
tc_public_3/input.blif,53,baseline_mab,"steps=10,iters=20,ucb_c=1.0,seed=5",5.5,1.0,126.0,11,5,11.0,46,5,0.92,10,5,15060.0,1,10
tc_public_3/input.blif,53,baseline_mab,"steps=10,iters=20,ucb_c=1.0,seed=7",5.5,1.0,125.0,5,6,11.0,46,5,0.92,10,5,15160.0,18,5
tc_public_3/input.blif,53,baseline_mab,"steps=10,iters=20,ucb_c=1.5,seed=5",5.5,1.0,125.0,5,6,11.0,46,5,0.93,23,5,15132.0,13,5
tc_public_3/input.blif,53,baseline_mab_prefix,"steps=10,iters=20,ucb_c=0.2,seed=5",5.5,1.0,125.0,5,6,11.0,46,5,10.14,44,5,21120.0,38,5
tc_public_3/input.blif,57,baseline_mab,"steps=10,iters=20,ucb_c=0.4,seed=5",5.4,1.0,126.0,11,5,11.0,46,5,0.92,10,5,15064.0,2,9
tc_public_3/input.blif,58,baseline_mab,"steps=10,iters=20,ucb_c=0.4,seed=6",5.3,1.0,131.0,82,5,11.0,46,5,0.92,10,5,15108.0,3,8
tc_public_3/input.blif,59,baseline_mab,"steps=10,iters=20,ucb_c=0.4,seed=7",5.0,1.0,127.0,21,5,11.0,46,5,0.92,10,5,15120.0,6,5
tc_public_3/input.blif,59,baseline_mab,"steps=10,iters=20,ucb_c=1.0,seed=6",5.0,1.0,127.0,21,5,11.0,46,5,0.92,10,5,15176.0,22,5
tc_public_3/input.blif,59,baseline_mab,"steps=10,iters=20,ucb_c=1.0,seed=8",5.0,1.0,126.0,11,5,11.0,46,5,0.92,10,5,15168.0,20,5
tc_public_3/input.blif,59,baseline_mab,"steps=10,iters=20,ucb_c=1.0,seed=9",5.0,1.0,126.0,11,5,11.0,46,5,0.92,10,5,16868.0,30,5
tc_public_3/input.blif,59,baseline_mab,"steps=10,iters=20,ucb_c=1.5,seed=1",5.0,1.0,126.0,11,5,11.0,46,5,0.92,10,5,15152.0,16,5
tc_public_3/input.blif,59,baseline_mab_prefix,"steps=10,iters=20,ucb_c=0.2,seed=0",5.0,1.0,128.0,38,5,11.0,46,5,5.0,33,5,21120.0,38,5
tc_public_3/input.blif,59,baseline_mab_prefix,"steps=10,iters=20,ucb_c=0.2,seed=1",5.0,1.0,129.0,62,5,11.0,46,5,4.93,31,5,21280.0,57,5
tc_public_3/input.blif,59,baseline_mab_prefix,"steps=10,iters=20,ucb_c=0.2,seed=2",5.0,1.0,128.0,38,5,11.0,46,5,4.95,32,5,21240.0,50,5
tc_public_3/input.blif,59,baseline_mab_prefix,"steps=10,iters=20,ucb_c=0.2,seed=3",5.0,1.0,127.0,21,5,11.0,46,5,5.0,33,5,21080.0,36,5
tc_public_3/input.blif,59,baseline_mab_prefix,"steps=10,iters=20,ucb_c=0.2,seed=4",5.0,1.0,126.0,11,5,11.0,46,5,6.69,35,5,21236.0,45,5
tc_public_3/input.blif,59,baseline_mab_prefix,"steps=10,iters=20,ucb_c=0.2,seed=6",5.0,1.0,128.0,38,5,11.0,46,5,10.86,58,5,20960.0,33,5
tc_public_3/input.blif,59,baseline_mab_prefix,"steps=10,iters=20,ucb_c=0.2,seed=8",5.0,1.0,126.0,11,5,11.0,46,5,11.26,60,5,21236.0,45,5
tc_public_3/input.blif,59,baseline_mab_prefix,"steps=10,iters=20,ucb_c=0.2,seed=9",5.0,1.0,126.0,11,5,11.0,46,5,9.75,38,5,21236.0,45,5
tc_public_3/input.blif,59,baseline_mab_prefix,"steps=10,iters=20,ucb_c=0.4,seed=0",5.0,1.0,128.0,38,5,11.0,46,5,10.22,46,5,21240.0,50,5
tc_public_3/input.blif,59,baseline_mab_prefix,"steps=10,iters=20,ucb_c=0.4,seed=1",5.0,1.0,129.0,62,5,11.0,46,5,10.16,45,5,21440.0,61,5
tc_public_3/input.blif,59,baseline_mab_prefix,"steps=10,iters=20,ucb_c=0.4,seed=2",5.0,1.0,128.0,38,5,11.0,46,5,10.5,52,5,21240.0,50,5
tc_public_3/input.blif,59,baseline_mab_prefix,"steps=10,iters=20,ucb_c=0.4,seed=3",5.0,1.0,127.0,21,5,11.0,46,5,10.07,43,5,21076.0,34,5
tc_public_3/input.blif,59,baseline_mab_prefix,"steps=10,iters=20,ucb_c=0.4,seed=4",5.0,1.0,128.0,38,5,11.0,46,5,9.19,37,5,20948.0,31,5
tc_public_3/input.blif,59,baseline_mab_prefix,"steps=10,iters=20,ucb_c=0.4,seed=6",5.0,1.0,127.0,21,5,11.0,46,5,9.8,40,5,21236.0,45,5
tc_public_3/input.blif,59,baseline_mab_prefix,"steps=10,iters=20,ucb_c=0.4,seed=7",5.0,1.0,128.0,38,5,11.0,46,5,10.63,56,5,21120.0,38,5
tc_public_3/input.blif,59,baseline_mab_prefix,"steps=10,iters=20,ucb_c=0.4,seed=8",5.0,1.0,129.0,62,5,11.0,46,5,10.53,53,5,21240.0,50,5
tc_public_3/input.blif,59,baseline_mab_prefix,"steps=10,iters=20,ucb_c=0.4,seed=9",5.0,1.0,126.0,11,5,11.0,46,5,7.58,36,5,21120.0,38,5
tc_public_3/input.blif,59,baseline_mab_prefix,"steps=10,iters=20,ucb_c=0.8,seed=0",5.0,1.0,128.0,38,5,11.0,46,5,9.87,41,5,21120.0,38,5
tc_public_3/input.blif,59,baseline_mab_prefix,"steps=10,iters=20,ucb_c=0.8,seed=1",5.0,1.0,129.0,62,5,11.0,46,5,10.4,50,5,21120.0,38,5
tc_public_3/input.blif,59,baseline_mab_prefix,"steps=10,iters=20,ucb_c=0.8,seed=2",5.0,1.0,128.0,38,5,11.0,46,5,10.88,59,5,21280.0,57,5
tc_public_3/input.blif,59,baseline_mab_prefix,"steps=10,iters=20,ucb_c=0.8,seed=3",5.0,1.0,130.0,68,5,11.0,46,5,10.63,56,5,21120.0,38,5
tc_public_3/input.blif,59,baseline_mab_prefix,"steps=10,iters=20,ucb_c=0.8,seed=4",5.0,1.0,127.0,21,5,11.0,46,5,10.23,47,5,20952.0,32,5
tc_public_3/input.blif,59,baseline_mab_prefix,"steps=10,iters=20,ucb_c=0.8,seed=5",5.0,1.0,128.0,38,5,11.0,46,5,10.53,53,5,21240.0,50,5
tc_public_3/input.blif,59,baseline_mab_prefix,"steps=10,iters=20,ucb_c=0.8,seed=6",5.0,1.0,128.0,38,5,11.0,46,5,10.49,51,5,21240.0,50,5
tc_public_3/input.blif,59,baseline_mab_prefix,"steps=10,iters=20,ucb_c=0.8,seed=7",5.0,1.0,131.0,82,5,11.0,46,5,9.78,39,5,21080.0,36,5
tc_public_3/input.blif,59,baseline_mab_prefix,"steps=10,iters=20,ucb_c=0.8,seed=8",5.0,1.0,129.0,62,5,11.0,46,5,10.36,48,5,21280.0,57,5
tc_public_3/input.blif,59,baseline_mab_prefix,"steps=10,iters=20,ucb_c=0.8,seed=9",5.0,1.0,126.0,11,5,11.0,46,5,10.54,55,5,21244.0,56,5
tc_public_4/input.blif,1,baseline_mab,"steps=10,iters=20,ucb_c=1.0,seed=8",9.1,1.0,102.0,2,9,9.0,1,10,0.88,2,9,15040.0,3,8
tc_public_4/input.blif,2,baseline_mab,"steps=10,iters=20,ucb_c=1.0,seed=4",8.8,1.0,102.0,2,9,9.0,1,10,0.88,2,9,15044.0,9,5
tc_public_4/input.blif,3,baseline_mab,"steps=10,iters=20,ucb_c=1.0,seed=0",8.5,1.0,101.0,1,10,9.0,1,10,0.9,22,5,15052.0,22,5
tc_public_4/input.blif,4,baseline_mab,"steps=10,iters=20,ucb_c=1.5,seed=8",8.3,1.0,102.0,2,9,9.0,1,10,0.9,22,5,15040.0,3,8
tc_public_4/input.blif,5,baseline_mab,"steps=10,iters=20,ucb_c=0.4,seed=9",8.0,1.0,102.0,2,9,9.0,1,10,0.89,9,5,15052.0,22,5
tc_public_4/input.blif,5,baseline_mab,"steps=10,iters=20,ucb_c=1.5,seed=9",8.0,1.0,102.0,2,9,9.0,1,10,0.89,9,5,15056.0,29,5
tc_public_4/input.blif,5,baseline_mab_prefix,"steps=10,iters=20,ucb_c=0.2,seed=7",8.0,1.0,102.0,2,9,9.0,1,10,10.16,51,5,21120.0,38,5
tc_public_4/input.blif,5,baseline_mab_prefix,"steps=10,iters=20,ucb_c=0.4,seed=7",8.0,1.0,102.0,2,9,9.0,1,10,10.37,54,5,21280.0,52,5
tc_public_4/input.blif,5,baseline_mab_prefix,"steps=10,iters=20,ucb_c=0.4,seed=9",8.0,1.0,102.0,2,9,9.0,1,10,6.9,36,5,21076.0,35,5
tc_public_4/input.blif,5,baseline_mab_prefix,"steps=10,iters=20,ucb_c=0.8,seed=7",8.0,1.0,102.0,2,9,9.0,1,10,9.51,39,5,21076.0,35,5
tc_public_4/input.blif,5,baseline_mab_prefix,"steps=10,iters=20,ucb_c=0.8,seed=9",8.0,1.0,102.0,2,9,9.0,1,10,10.09,49,5,21280.0,52,5
tc_public_4/input.blif,12,baseline_mab,"steps=10,iters=20,ucb_c=0.4,seed=4",7.2,1.0,103.0,12,5,9.0,1,10,0.88,2,9,15000.0,2,9
tc_public_4/input.blif,13,baseline_mab,"steps=10,iters=20,ucb_c=1.0,seed=1",7.1,1.0,103.0,12,5,9.0,1,10,0.88,2,9,15040.0,3,8
tc_public_4/input.blif,13,baseline_mab,"steps=10,iters=20,ucb_c=1.0,seed=6",7.1,1.0,104.0,47,5,9.0,1,10,0.88,2,9,15040.0,3,8
tc_public_4/input.blif,15,baseline_mab,"steps=10,iters=20,ucb_c=1.0,seed=5",7.0,1.0,104.0,47,5,9.0,1,10,0.87,1,10,15048.0,15,5
tc_public_4/input.blif,16,baseline_mab,"steps=10,iters=20,ucb_c=1.0,seed=9",6.8,1.0,103.0,12,5,9.0,1,10,0.88,2,9,15048.0,15,5
tc_public_4/input.blif,16,baseline_mab,"steps=10,iters=20,ucb_c=1.5,seed=4",6.8,1.0,103.0,12,5,9.0,1,10,0.88,2,9,15048.0,15,5
tc_public_4/input.blif,18,baseline_mab,"steps=10,iters=20,ucb_c=0.4,seed=5",6.5,1.0,103.0,12,5,9.0,1,10,0.9,22,5,14996.0,1,10
tc_public_4/input.blif,19,baseline_mab,"steps=10,iters=20,ucb_c=1.0,seed=3",6.3,1.0,104.0,47,5,9.0,1,10,0.9,22,5,15040.0,3,8
tc_public_4/input.blif,19,baseline_mab,"steps=10,iters=20,ucb_c=1.5,seed=3",6.3,1.0,104.0,47,5,9.0,1,10,0.89,9,5,15040.0,3,8
tc_public_4/input.blif,21,alphasyn,"seq=10,iters=20,cpuct=0.5,mu=0.9,",6.0,1.0,104.0,47,5,9.0,1,10,34.21,70,5,23328.0,84,5
tc_public_4/input.blif,21,alphasyn,"seq=10,iters=20,cpuct=0.5,mu=0.9,",6.0,1.0,104.0,47,5,9.0,1,10,64.12,73,5,23520.0,89,5
tc_public_4/input.blif,21,alphasyn,"seq=10,iters=20,cpuct=0.5,mu=0.9,",6.0,1.0,104.0,47,5,9.0,1,10,67.81,75,5,23320.0,73,5
tc_public_4/input.blif,21,alphasyn,"seq=10,iters=20,cpuct=0.5,mu=0.9,",6.0,1.0,104.0,47,5,9.0,1,10,67.12,74,5,23164.0,67,5
tc_public_4/input.blif,21,alphasyn,"seq=10,iters=20,cpuct=0.5,mu=0.9,",6.0,1.0,104.0,47,5,9.0,1,10,64.03,72,5,23324.0,78,5
tc_public_4/input.blif,21,alphasyn,"seq=10,iters=20,cpuct=0.5,mu=0.9,",6.0,1.0,104.0,47,5,9.0,1,10,63.67,71,5,23488.0,88,5
tc_public_4/input.blif,21,alphasyn,"seq=10,iters=20,cpuct=0.5,mu=0.9,",6.0,1.0,104.0,47,5,9.0,1,10,82.65,76,5,23320.0,73,5
tc_public_4/input.blif,21,alphasyn,"seq=10,iters=20,cpuct=0.5,mu=0.9,",6.0,1.0,104.0,47,5,9.0,1,10,82.96,83,5,23644.0,90,5
tc_public_4/input.blif,21,alphasyn,"seq=10,iters=20,cpuct=0.5,mu=0.9,",6.0,1.0,104.0,47,5,9.0,1,10,83.01,84,5,23324.0,78,5
tc_public_4/input.blif,21,alphasyn,"seq=10,iters=20,cpuct=0.5,mu=0.9,",6.0,1.0,104.0,47,5,9.0,1,10,83.11,85,5,23320.0,73,5
tc_public_4/input.blif,21,alphasyn,"seq=10,iters=20,cpuct=1.0,mu=0.9,",6.0,1.0,104.0,47,5,9.0,1,10,82.81,79,5,23324.0,78,5
tc_public_4/input.blif,21,alphasyn,"seq=10,iters=20,cpuct=1.0,mu=0.9,",6.0,1.0,104.0,47,5,9.0,1,10,82.88,80,5,23160.0,65,5
tc_public_4/input.blif,21,alphasyn,"seq=10,iters=20,cpuct=1.0,mu=0.9,",6.0,1.0,104.0,47,5,9.0,1,10,84.03,90,5,23324.0,78,5
tc_public_4/input.blif,21,alphasyn,"seq=10,iters=20,cpuct=1.0,mu=0.9,",6.0,1.0,104.0,47,5,9.0,1,10,83.76,89,5,23168.0,71,5
tc_public_4/input.blif,21,alphasyn,"seq=10,iters=20,cpuct=1.0,mu=0.9,",6.0,1.0,104.0,47,5,9.0,1,10,82.76,78,5,23160.0,65,5
tc_public_4/input.blif,21,alphasyn,"seq=10,iters=20,cpuct=1.0,mu=0.9,",6.0,1.0,104.0,47,5,9.0,1,10,82.93,82,5,23320.0,73,5
tc_public_4/input.blif,21,alphasyn,"seq=10,iters=20,cpuct=1.0,mu=0.9,",6.0,1.0,104.0,47,5,9.0,1,10,83.5,88,5,23164.0,67,5
tc_public_4/input.blif,21,alphasyn,"seq=10,iters=20,cpuct=1.0,mu=0.9,",6.0,1.0,104.0,47,5,9.0,1,10,82.89,81,5,23000.0,62,5
tc_public_4/input.blif,21,alphasyn,"seq=10,iters=20,cpuct=1.0,mu=0.9,",6.0,1.0,104.0,47,5,9.0,1,10,83.12,86,5,23328.0,84,5
tc_public_4/input.blif,21,alphasyn,"seq=10,iters=20,cpuct=1.0,mu=0.9,",6.0,1.0,104.0,47,5,9.0,1,10,83.16,87,5,23320.0,73,5
tc_public_4/input.blif,21,alphasyn,"seq=10,iters=20,cpuct=1.5,mu=0.9,",6.0,1.0,103.0,12,5,9.0,1,10,82.66,77,5,23164.0,67,5
tc_public_4/input.blif,21,alphasyn,"seq=10,iters=20,cpuct=1.5,mu=0.9,",6.0,1.0,103.0,12,5,9.0,1,10,29.32,64,5,23324.0,78,5
tc_public_4/input.blif,21,alphasyn,"seq=10,iters=20,cpuct=1.5,mu=0.9,",6.0,1.0,103.0,12,5,9.0,1,10,29.2,63,5,23004.0,63,5
tc_public_4/input.blif,21,alphasyn,"seq=10,iters=20,cpuct=1.5,mu=0.9,",6.0,1.0,103.0,12,5,9.0,1,10,29.09,61,5,23324.0,78,5
tc_public_4/input.blif,21,alphasyn,"seq=10,iters=20,cpuct=1.5,mu=0.9,",6.0,1.0,103.0,12,5,9.0,1,10,29.41,67,5,23004.0,63,5
tc_public_4/input.blif,21,alphasyn,"seq=10,iters=20,cpuct=1.5,mu=0.9,",6.0,1.0,103.0,12,5,9.0,1,10,29.51,68,5,23480.0,86,5
tc_public_4/input.blif,21,alphasyn,"seq=10,iters=20,cpuct=1.5,mu=0.9,",6.0,1.0,103.0,12,5,9.0,1,10,29.19,62,5,22840.0,61,5
tc_public_4/input.blif,21,alphasyn,"seq=10,iters=20,cpuct=1.5,mu=0.9,",6.0,1.0,103.0,12,5,9.0,1,10,29.39,66,5,23164.0,67,5
tc_public_4/input.blif,21,alphasyn,"seq=10,iters=20,cpuct=1.5,mu=0.9,",6.0,1.0,103.0,12,5,9.0,1,10,29.33,65,5,23200.0,72,5
tc_public_4/input.blif,21,alphasyn,"seq=10,iters=20,cpuct=1.5,mu=0.9,",6.0,1.0,103.0,12,5,9.0,1,10,29.88,69,5,23480.0,86,5
tc_public_4/input.blif,21,baseline_mab,"steps=10,iters=20,ucb_c=0.4,seed=0",6.0,1.0,103.0,12,5,9.0,1,10,0.9,22,5,15052.0,22,5
tc_public_4/input.blif,21,baseline_mab,"steps=10,iters=20,ucb_c=0.4,seed=1",6.0,1.0,103.0,12,5,9.0,1,10,0.89,9,5,15048.0,15,5
tc_public_4/input.blif,21,baseline_mab,"steps=10,iters=20,ucb_c=0.4,seed=2",6.0,1.0,104.0,47,5,9.0,1,10,0.89,9,5,15044.0,9,5
tc_public_4/input.blif,21,baseline_mab,"steps=10,iters=20,ucb_c=0.4,seed=3",6.0,1.0,104.0,47,5,9.0,1,10,0.89,9,5,15052.0,22,5
tc_public_4/input.blif,21,baseline_mab,"steps=10,iters=20,ucb_c=0.4,seed=6",6.0,1.0,105.0,85,5,9.0,1,10,0.9,22,5,15044.0,9,5
tc_public_4/input.blif,21,baseline_mab,"steps=10,iters=20,ucb_c=0.4,seed=7",6.0,1.0,103.0,12,5,9.0,1,10,0.89,9,5,15052.0,22,5
tc_public_4/input.blif,21,baseline_mab,"steps=10,iters=20,ucb_c=0.4,seed=8",6.0,1.0,103.0,12,5,9.0,1,10,0.89,9,5,15044.0,9,5
tc_public_4/input.blif,21,baseline_mab,"steps=10,iters=20,ucb_c=1.0,seed=2",6.0,1.0,104.0,47,5,9.0,1,10,0.9,22,5,15044.0,9,5
tc_public_4/input.blif,21,baseline_mab,"steps=10,iters=20,ucb_c=1.0,seed=7",6.0,1.0,103.0,12,5,9.0,1,10,0.89,9,5,15052.0,22,5
tc_public_4/input.blif,21,baseline_mab,"steps=10,iters=20,ucb_c=1.5,seed=0",6.0,1.0,105.0,85,5,9.0,1,10,0.9,22,5,15056.0,29,5
tc_public_4/input.blif,21,baseline_mab,"steps=10,iters=20,ucb_c=1.5,seed=1",6.0,1.0,104.0,47,5,9.0,1,10,0.89,9,5,15048.0,15,5
tc_public_4/input.blif,21,baseline_mab,"steps=10,iters=20,ucb_c=1.5,seed=2",6.0,1.0,104.0,47,5,9.0,1,10,0.91,30,5,15044.0,9,5
tc_public_4/input.blif,21,baseline_mab,"steps=10,iters=20,ucb_c=1.5,seed=5",6.0,1.0,103.0,12,5,9.0,1,10,0.89,9,5,15048.0,15,5
tc_public_4/input.blif,21,baseline_mab,"steps=10,iters=20,ucb_c=1.5,seed=6",6.0,1.0,104.0,47,5,9.0,1,10,0.89,9,5,15048.0,15,5
tc_public_4/input.blif,21,baseline_mab,"steps=10,iters=20,ucb_c=1.5,seed=7",6.0,1.0,103.0,12,5,9.0,1,10,0.89,9,5,15052.0,22,5
tc_public_4/input.blif,21,baseline_mab_prefix,"steps=10,iters=20,ucb_c=0.2,seed=0",6.0,1.0,103.0,12,5,9.0,1,10,4.76,31,5,21236.0,42,5
tc_public_4/input.blif,21,baseline_mab_prefix,"steps=10,iters=20,ucb_c=0.2,seed=1",6.0,1.0,103.0,12,5,9.0,1,10,4.84,34,5,20944.0,33,5
tc_public_4/input.blif,21,baseline_mab_prefix,"steps=10,iters=20,ucb_c=0.2,seed=2",6.0,1.0,103.0,12,5,9.0,1,10,4.76,31,5,21120.0,38,5
tc_public_4/input.blif,21,baseline_mab_prefix,"steps=10,iters=20,ucb_c=0.2,seed=3",6.0,1.0,104.0,47,5,9.0,1,10,4.78,33,5,21076.0,35,5
tc_public_4/input.blif,21,baseline_mab_prefix,"steps=10,iters=20,ucb_c=0.2,seed=4",6.0,1.0,104.0,47,5,9.0,1,10,6.69,35,5,21236.0,42,5
tc_public_4/input.blif,21,baseline_mab_prefix,"steps=10,iters=20,ucb_c=0.2,seed=5",6.0,1.0,104.0,47,5,9.0,1,10,9.78,41,5,21240.0,49,5
tc_public_4/input.blif,21,baseline_mab_prefix,"steps=10,iters=20,ucb_c=0.2,seed=6",6.0,1.0,103.0,12,5,9.0,1,10,9.92,45,5,21280.0,52,5
tc_public_4/input.blif,21,baseline_mab_prefix,"steps=10,iters=20,ucb_c=0.2,seed=8",6.0,1.0,103.0,12,5,9.0,1,10,10.0,47,5,21236.0,42,5
tc_public_4/input.blif,21,baseline_mab_prefix,"steps=10,iters=20,ucb_c=0.2,seed=9",6.0,1.0,104.0,47,5,9.0,1,10,9.31,38,5,21120.0,38,5
tc_public_4/input.blif,21,baseline_mab_prefix,"steps=10,iters=20,ucb_c=0.4,seed=0",6.0,1.0,103.0,12,5,9.0,1,10,9.79,42,5,21240.0,49,5
tc_public_4/input.blif,21,baseline_mab_prefix,"steps=10,iters=20,ucb_c=0.4,seed=1",6.0,1.0,103.0,12,5,9.0,1,10,10.36,53,5,21396.0,60,5
tc_public_4/input.blif,21,baseline_mab_prefix,"steps=10,iters=20,ucb_c=0.4,seed=2",6.0,1.0,103.0,12,5,9.0,1,10,10.39,55,5,20800.0,31,5
tc_public_4/input.blif,21,baseline_mab_prefix,"steps=10,iters=20,ucb_c=0.4,seed=3",6.0,1.0,103.0,12,5,9.0,1,10,9.97,46,5,21236.0,42,5
tc_public_4/input.blif,21,baseline_mab_prefix,"steps=10,iters=20,ucb_c=0.4,seed=4",6.0,1.0,103.0,12,5,9.0,1,10,8.63,37,5,21236.0,42,5
tc_public_4/input.blif,21,baseline_mab_prefix,"steps=10,iters=20,ucb_c=0.4,seed=5",6.0,1.0,105.0,85,5,9.0,1,10,10.01,48,5,21280.0,52,5
tc_public_4/input.blif,21,baseline_mab_prefix,"steps=10,iters=20,ucb_c=0.4,seed=6",6.0,1.0,104.0,47,5,9.0,1,10,9.85,44,5,21240.0,49,5
tc_public_4/input.blif,21,baseline_mab_prefix,"steps=10,iters=20,ucb_c=0.4,seed=8",6.0,1.0,104.0,47,5,9.0,1,10,9.61,40,5,21280.0,52,5
tc_public_4/input.blif,21,baseline_mab_prefix,"steps=10,iters=20,ucb_c=0.8,seed=0",6.0,1.0,103.0,12,5,9.0,1,10,10.15,50,5,21280.0,52,5
tc_public_4/input.blif,21,baseline_mab_prefix,"steps=10,iters=20,ucb_c=0.8,seed=1",6.0,1.0,103.0,12,5,9.0,1,10,10.41,56,5,21236.0,42,5
tc_public_4/input.blif,21,baseline_mab_prefix,"steps=10,iters=20,ucb_c=0.8,seed=2",6.0,1.0,103.0,12,5,9.0,1,10,10.47,58,5,21280.0,52,5
tc_public_4/input.blif,21,baseline_mab_prefix,"steps=10,iters=20,ucb_c=0.8,seed=3",6.0,1.0,105.0,85,5,9.0,1,10,10.75,60,5,21280.0,52,5
tc_public_4/input.blif,21,baseline_mab_prefix,"steps=10,iters=20,ucb_c=0.8,seed=4",6.0,1.0,104.0,47,5,9.0,1,10,10.16,51,5,20960.0,34,5
tc_public_4/input.blif,21,baseline_mab_prefix,"steps=10,iters=20,ucb_c=0.8,seed=5",6.0,1.0,105.0,85,5,9.0,1,10,10.44,57,5,20920.0,32,5
tc_public_4/input.blif,21,baseline_mab_prefix,"steps=10,iters=20,ucb_c=0.8,seed=6",6.0,1.0,105.0,85,5,9.0,1,10,10.74,59,5,21120.0,38,5
tc_public_4/input.blif,21,baseline_mab_prefix,"steps=10,iters=20,ucb_c=0.8,seed=8",6.0,1.0,104.0,47,5,9.0,1,10,9.82,43,5,21236.0,42,5
tc_public_5/input.blif,1,baseline_mab,"steps=10,iters=20,ucb_c=0.4,seed=4",10.0,1.0,65.0,1,10,2.0,1,10,0.79,1,10,15164.0,1,10
tc_public_5/input.blif,2,baseline_mab,"steps=10,iters=20,ucb_c=1.0,seed=4",9.6,1.0,65.0,1,10,2.0,1,10,0.82,2,9,15172.0,3,8
tc_public_5/input.blif,3,baseline_mab,"steps=10,iters=20,ucb_c=1.0,seed=5",9.3,1.0,65.0,1,10,2.0,1,10,0.82,2,9,15176.0,8,5
tc_public_5/input.blif,3,baseline_mab,"steps=10,iters=20,ucb_c=1.0,seed=6",9.3,1.0,65.0,1,10,2.0,1,10,0.82,2,9,15180.0,25,5
tc_public_5/input.blif,3,baseline_mab,"steps=10,iters=20,ucb_c=1.5,seed=7",9.3,1.0,65.0,1,10,2.0,1,10,0.82,2,9,15176.0,8,5
tc_public_5/input.blif,6,baseline_mab,"steps=10,iters=20,ucb_c=1.5,seed=0",8.9,1.0,65.0,1,10,2.0,1,10,0.84,16,5,15168.0,2,9
tc_public_5/input.blif,7,baseline_mab,"steps=10,iters=20,ucb_c=0.4,seed=2",8.8,1.0,65.0,1,10,2.0,1,10,0.84,16,5,15172.0,3,8
tc_public_5/input.blif,7,baseline_mab,"steps=10,iters=20,ucb_c=1.0,seed=3",8.8,1.0,65.0,1,10,2.0,1,10,0.83,6,5,15172.0,3,8
tc_public_5/input.blif,7,baseline_mab,"steps=10,iters=20,ucb_c=1.5,seed=3",8.8,1.0,65.0,1,10,2.0,1,10,0.83,6,5,15172.0,3,8
tc_public_5/input.blif,7,baseline_mab,"steps=10,iters=20,ucb_c=1.5,seed=4",8.8,1.0,65.0,1,10,2.0,1,10,0.83,6,5,15172.0,3,8
tc_public_5/input.blif,11,alphasyn,"seq=10,iters=20,cpuct=0.5,mu=0.9,",8.5,1.0,65.0,1,10,2.0,1,10,29.45,67,5,23320.0,74,5
tc_public_5/input.blif,11,alphasyn,"seq=10,iters=20,cpuct=0.5,mu=0.9,",8.5,1.0,65.0,1,10,2.0,1,10,65.38,75,5,23484.0,87,5
tc_public_5/input.blif,11,alphasyn,"seq=10,iters=20,cpuct=0.5,mu=0.9,",8.5,1.0,65.0,1,10,2.0,1,10,65.33,73,5,23328.0,82,5
tc_public_5/input.blif,11,alphasyn,"seq=10,iters=20,cpuct=0.5,mu=0.9,",8.5,1.0,65.0,1,10,2.0,1,10,65.36,74,5,23484.0,87,5
tc_public_5/input.blif,11,alphasyn,"seq=10,iters=20,cpuct=0.5,mu=0.9,",8.5,1.0,65.0,1,10,2.0,1,10,63.71,71,5,23160.0,65,5
tc_public_5/input.blif,11,alphasyn,"seq=10,iters=20,cpuct=0.5,mu=0.9,",8.5,1.0,65.0,1,10,2.0,1,10,64.76,72,5,23036.0,64,5
tc_public_5/input.blif,11,alphasyn,"seq=10,iters=20,cpuct=0.5,mu=0.9,",8.5,1.0,65.0,1,10,2.0,1,10,83.27,89,5,23168.0,73,5
tc_public_5/input.blif,11,alphasyn,"seq=10,iters=20,cpuct=0.5,mu=0.9,",8.5,1.0,65.0,1,10,2.0,1,10,82.4,77,5,23320.0,74,5
tc_public_5/input.blif,11,alphasyn,"seq=10,iters=20,cpuct=0.5,mu=0.9,",8.5,1.0,65.0,1,10,2.0,1,10,82.89,86,5,23324.0,77,5
tc_public_5/input.blif,11,alphasyn,"seq=10,iters=20,cpuct=0.5,mu=0.9,",8.5,1.0,65.0,1,10,2.0,1,10,82.64,84,5,23480.0,85,5
tc_public_5/input.blif,11,alphasyn,"seq=10,iters=20,cpuct=1.0,mu=0.9,",8.5,1.0,65.0,1,10,2.0,1,10,82.49,81,5,23324.0,77,5
tc_public_5/input.blif,11,alphasyn,"seq=10,iters=20,cpuct=1.0,mu=0.9,",8.5,1.0,65.0,1,10,2.0,1,10,82.66,85,5,23008.0,63,5
tc_public_5/input.blif,11,alphasyn,"seq=10,iters=20,cpuct=1.0,mu=0.9,",8.5,1.0,65.0,1,10,2.0,1,10,82.45,79,5,23484.0,87,5
tc_public_5/input.blif,11,alphasyn,"seq=10,iters=20,cpuct=1.0,mu=0.9,",8.5,1.0,65.0,1,10,2.0,1,10,83.33,90,5,23320.0,74,5
tc_public_5/input.blif,11,alphasyn,"seq=10,iters=20,cpuct=1.0,mu=0.9,",8.5,1.0,65.0,1,10,2.0,1,10,82.42,78,5,23000.0,61,5
tc_public_5/input.blif,11,alphasyn,"seq=10,iters=20,cpuct=1.0,mu=0.9,",8.5,1.0,65.0,1,10,2.0,1,10,82.37,76,5,23328.0,82,5
tc_public_5/input.blif,11,alphasyn,"seq=10,iters=20,cpuct=1.0,mu=0.9,",8.5,1.0,65.0,1,10,2.0,1,10,82.48,80,5,23324.0,77,5
tc_public_5/input.blif,11,alphasyn,"seq=10,iters=20,cpuct=1.0,mu=0.9,",8.5,1.0,65.0,1,10,2.0,1,10,82.54,82,5,23160.0,65,5
tc_public_5/input.blif,11,alphasyn,"seq=10,iters=20,cpuct=1.0,mu=0.9,",8.5,1.0,65.0,1,10,2.0,1,10,83.15,88,5,23160.0,65,5
tc_public_5/input.blif,11,alphasyn,"seq=10,iters=20,cpuct=1.0,mu=0.9,",8.5,1.0,65.0,1,10,2.0,1,10,82.58,83,5,23164.0,71,5
tc_public_5/input.blif,11,alphasyn,"seq=10,iters=20,cpuct=1.5,mu=0.9,",8.5,1.0,65.0,1,10,2.0,1,10,83.09,87,5,23648.0,90,5
tc_public_5/input.blif,11,alphasyn,"seq=10,iters=20,cpuct=1.5,mu=0.9,",8.5,1.0,65.0,1,10,2.0,1,10,29.31,63,5,23164.0,71,5
tc_public_5/input.blif,11,alphasyn,"seq=10,iters=20,cpuct=1.5,mu=0.9,",8.5,1.0,65.0,1,10,2.0,1,10,29.38,65,5,23324.0,77,5
tc_public_5/input.blif,11,alphasyn,"seq=10,iters=20,cpuct=1.5,mu=0.9,",8.5,1.0,65.0,1,10,2.0,1,10,29.2,61,5,23000.0,61,5
tc_public_5/input.blif,11,alphasyn,"seq=10,iters=20,cpuct=1.5,mu=0.9,",8.5,1.0,65.0,1,10,2.0,1,10,29.55,69,5,23324.0,77,5
tc_public_5/input.blif,11,alphasyn,"seq=10,iters=20,cpuct=1.5,mu=0.9,",8.5,1.0,65.0,1,10,2.0,1,10,29.4,66,5,23160.0,65,5
tc_public_5/input.blif,11,alphasyn,"seq=10,iters=20,cpuct=1.5,mu=0.9,",8.5,1.0,65.0,1,10,2.0,1,10,29.21,62,5,23328.0,82,5
tc_public_5/input.blif,11,alphasyn,"seq=10,iters=20,cpuct=1.5,mu=0.9,",8.5,1.0,65.0,1,10,2.0,1,10,29.37,64,5,23480.0,85,5
tc_public_5/input.blif,11,alphasyn,"seq=10,iters=20,cpuct=1.5,mu=0.9,",8.5,1.0,65.0,1,10,2.0,1,10,29.47,68,5,23160.0,65,5
tc_public_5/input.blif,11,alphasyn,"seq=10,iters=20,cpuct=1.5,mu=0.9,",8.5,1.0,65.0,1,10,2.0,1,10,29.69,70,5,23160.0,65,5
tc_public_5/input.blif,11,baseline_mab,"steps=10,iters=20,ucb_c=0.4,seed=0",8.5,1.0,65.0,1,10,2.0,1,10,0.83,6,5,15188.0,29,5
tc_public_5/input.blif,11,baseline_mab,"steps=10,iters=20,ucb_c=0.4,seed=1",8.5,1.0,65.0,1,10,2.0,1,10,0.83,6,5,15176.0,8,5
tc_public_5/input.blif,11,baseline_mab,"steps=10,iters=20,ucb_c=0.4,seed=3",8.5,1.0,65.0,1,10,2.0,1,10,0.85,27,5,15180.0,25,5
tc_public_5/input.blif,11,baseline_mab,"steps=10,iters=20,ucb_c=0.4,seed=5",8.5,1.0,65.0,1,10,2.0,1,10,0.83,6,5,15176.0,8,5
tc_public_5/input.blif,11,baseline_mab,"steps=10,iters=20,ucb_c=0.4,seed=6",8.5,1.0,65.0,1,10,2.0,1,10,0.84,16,5,15176.0,8,5
tc_public_5/input.blif,11,baseline_mab,"steps=10,iters=20,ucb_c=0.4,seed=7",8.5,1.0,65.0,1,10,2.0,1,10,0.84,16,5,15176.0,8,5
tc_public_5/input.blif,11,baseline_mab,"steps=10,iters=20,ucb_c=0.4,seed=8",8.5,1.0,65.0,1,10,2.0,1,10,0.84,16,5,15176.0,8,5
tc_public_5/input.blif,11,baseline_mab,"steps=10,iters=20,ucb_c=0.4,seed=9",8.5,1.0,65.0,1,10,2.0,1,10,0.84,16,5,15176.0,8,5
tc_public_5/input.blif,11,baseline_mab,"steps=10,iters=20,ucb_c=1.0,seed=0",8.5,1.0,65.0,1,10,2.0,1,10,0.84,16,5,15188.0,29,5
tc_public_5/input.blif,11,baseline_mab,"steps=10,iters=20,ucb_c=1.0,seed=1",8.5,1.0,65.0,1,10,2.0,1,10,0.84,16,5,15176.0,8,5
tc_public_5/input.blif,11,baseline_mab,"steps=10,iters=20,ucb_c=1.0,seed=2",8.5,1.0,65.0,1,10,2.0,1,10,0.85,27,5,15176.0,8,5
tc_public_5/input.blif,11,baseline_mab,"steps=10,iters=20,ucb_c=1.0,seed=7",8.5,1.0,65.0,1,10,2.0,1,10,0.84,16,5,15180.0,25,5
tc_public_5/input.blif,11,baseline_mab,"steps=10,iters=20,ucb_c=1.0,seed=8",8.5,1.0,65.0,1,10,2.0,1,10,0.83,6,5,15176.0,8,5
tc_public_5/input.blif,11,baseline_mab,"steps=10,iters=20,ucb_c=1.0,seed=9",8.5,1.0,65.0,1,10,2.0,1,10,0.83,6,5,15176.0,8,5
tc_public_5/input.blif,11,baseline_mab,"steps=10,iters=20,ucb_c=1.5,seed=1",8.5,1.0,65.0,1,10,2.0,1,10,0.83,6,5,15176.0,8,5
tc_public_5/input.blif,11,baseline_mab,"steps=10,iters=20,ucb_c=1.5,seed=2",8.5,1.0,65.0,1,10,2.0,1,10,0.84,16,5,15176.0,8,5
tc_public_5/input.blif,11,baseline_mab,"steps=10,iters=20,ucb_c=1.5,seed=5",8.5,1.0,65.0,1,10,2.0,1,10,0.84,16,5,15180.0,25,5
tc_public_5/input.blif,11,baseline_mab,"steps=10,iters=20,ucb_c=1.5,seed=6",8.5,1.0,65.0,1,10,2.0,1,10,0.83,6,5,15176.0,8,5
tc_public_5/input.blif,11,baseline_mab,"steps=10,iters=20,ucb_c=1.5,seed=8",8.5,1.0,65.0,1,10,2.0,1,10,0.85,27,5,15176.0,8,5
tc_public_5/input.blif,11,baseline_mab,"steps=10,iters=20,ucb_c=1.5,seed=9",8.5,1.0,65.0,1,10,2.0,1,10,0.85,27,5,15176.0,8,5
tc_public_5/input.blif,11,baseline_mab_prefix,"steps=10,iters=20,ucb_c=0.2,seed=0",8.5,1.0,65.0,1,10,2.0,1,10,4.34,31,5,21120.0,39,5
tc_public_5/input.blif,11,baseline_mab_prefix,"steps=10,iters=20,ucb_c=0.2,seed=1",8.5,1.0,65.0,1,10,2.0,1,10,4.42,33,5,21280.0,54,5
tc_public_5/input.blif,11,baseline_mab_prefix,"steps=10,iters=20,ucb_c=0.2,seed=2",8.5,1.0,65.0,1,10,2.0,1,10,4.42,33,5,21236.0,45,5
tc_public_5/input.blif,11,baseline_mab_prefix,"steps=10,iters=20,ucb_c=0.2,seed=3",8.5,1.0,65.0,1,10,2.0,1,10,4.38,32,5,21236.0,45,5
tc_public_5/input.blif,11,baseline_mab_prefix,"steps=10,iters=20,ucb_c=0.2,seed=4",8.5,1.0,65.0,1,10,2.0,1,10,6.13,35,5,21076.0,33,5
tc_public_5/input.blif,11,baseline_mab_prefix,"steps=10,iters=20,ucb_c=0.2,seed=5",8.5,1.0,65.0,1,10,2.0,1,10,9.67,48,5,21120.0,39,5
tc_public_5/input.blif,11,baseline_mab_prefix,"steps=10,iters=20,ucb_c=0.2,seed=6",8.5,1.0,65.0,1,10,2.0,1,10,8.61,37,5,21280.0,54,5
tc_public_5/input.blif,11,baseline_mab_prefix,"steps=10,iters=20,ucb_c=0.2,seed=7",8.5,1.0,65.0,1,10,2.0,1,10,9.67,48,5,21236.0,45,5
tc_public_5/input.blif,11,baseline_mab_prefix,"steps=10,iters=20,ucb_c=0.2,seed=8",8.5,1.0,65.0,1,10,2.0,1,10,9.48,45,5,21280.0,54,5
tc_public_5/input.blif,11,baseline_mab_prefix,"steps=10,iters=20,ucb_c=0.2,seed=9",8.5,1.0,65.0,1,10,2.0,1,10,8.94,38,5,21236.0,45,5
tc_public_5/input.blif,11,baseline_mab_prefix,"steps=10,iters=20,ucb_c=0.4,seed=0",8.5,1.0,65.0,1,10,2.0,1,10,9.54,46,5,20960.0,31,5
tc_public_5/input.blif,11,baseline_mab_prefix,"steps=10,iters=20,ucb_c=0.4,seed=1",8.5,1.0,65.0,1,10,2.0,1,10,9.4,42,5,21280.0,54,5
tc_public_5/input.blif,11,baseline_mab_prefix,"steps=10,iters=20,ucb_c=0.4,seed=2",8.5,1.0,65.0,1,10,2.0,1,10,9.27,41,5,21236.0,45,5
tc_public_5/input.blif,11,baseline_mab_prefix,"steps=10,iters=20,ucb_c=0.4,seed=3",8.5,1.0,65.0,1,10,2.0,1,10,9.47,44,5,21236.0,45,5
tc_public_5/input.blif,11,baseline_mab_prefix,"steps=10,iters=20,ucb_c=0.4,seed=4",8.5,1.0,65.0,1,10,2.0,1,10,8.98,39,5,21280.0,54,5
tc_public_5/input.blif,11,baseline_mab_prefix,"steps=10,iters=20,ucb_c=0.4,seed=5",8.5,1.0,65.0,1,10,2.0,1,10,9.41,43,5,21076.0,33,5
tc_public_5/input.blif,11,baseline_mab_prefix,"steps=10,iters=20,ucb_c=0.4,seed=6",8.5,1.0,65.0,1,10,2.0,1,10,9.68,50,5,21236.0,45,5
tc_public_5/input.blif,11,baseline_mab_prefix,"steps=10,iters=20,ucb_c=0.4,seed=7",8.5,1.0,65.0,1,10,2.0,1,10,9.62,47,5,21280.0,54,5
tc_public_5/input.blif,11,baseline_mab_prefix,"steps=10,iters=20,ucb_c=0.4,seed=8",8.5,1.0,65.0,1,10,2.0,1,10,9.23,40,5,21120.0,39,5
tc_public_5/input.blif,11,baseline_mab_prefix,"steps=10,iters=20,ucb_c=0.4,seed=9",8.5,1.0,65.0,1,10,2.0,1,10,6.23,36,5,21080.0,37,5
tc_public_5/input.blif,11,baseline_mab_prefix,"steps=10,iters=20,ucb_c=0.8,seed=0",8.5,1.0,65.0,1,10,2.0,1,10,10.02,51,5,21076.0,33,5
tc_public_5/input.blif,11,baseline_mab_prefix,"steps=10,iters=20,ucb_c=0.8,seed=1",8.5,1.0,65.0,1,10,2.0,1,10,10.26,56,5,21120.0,39,5
tc_public_5/input.blif,11,baseline_mab_prefix,"steps=10,iters=20,ucb_c=0.8,seed=2",8.5,1.0,65.0,1,10,2.0,1,10,10.35,57,5,20960.0,31,5
tc_public_5/input.blif,11,baseline_mab_prefix,"steps=10,iters=20,ucb_c=0.8,seed=3",8.5,1.0,65.0,1,10,2.0,1,10,10.73,60,5,21240.0,53,5
tc_public_5/input.blif,11,baseline_mab_prefix,"steps=10,iters=20,ucb_c=0.8,seed=4",8.5,1.0,65.0,1,10,2.0,1,10,10.19,54,5,21076.0,33,5
tc_public_5/input.blif,11,baseline_mab_prefix,"steps=10,iters=20,ucb_c=0.8,seed=5",8.5,1.0,65.0,1,10,2.0,1,10,10.46,58,5,21120.0,39,5
tc_public_5/input.blif,11,baseline_mab_prefix,"steps=10,iters=20,ucb_c=0.8,seed=6",8.5,1.0,65.0,1,10,2.0,1,10,10.15,53,5,21084.0,38,5
tc_public_5/input.blif,11,baseline_mab_prefix,"steps=10,iters=20,ucb_c=0.8,seed=7",8.5,1.0,65.0,1,10,2.0,1,10,10.47,59,5,21120.0,39,5
tc_public_5/input.blif,11,baseline_mab_prefix,"steps=10,iters=20,ucb_c=0.8,seed=8",8.5,1.0,65.0,1,10,2.0,1,10,10.21,55,5,21280.0,54,5
tc_public_5/input.blif,11,baseline_mab_prefix,"steps=10,iters=20,ucb_c=0.8,seed=9",8.5,1.0,65.0,1,10,2.0,1,10,10.12,52,5,21236.0,45,5
tc_public_6/input.blif,1,baseline_mab,"steps=10,iters=20,ucb_c=0.4,seed=5",9.7,1.0,162.0,1,10,4.0,1,10,0.87,2,9,15344.0,2,9
tc_public_6/input.blif,2,baseline_mab,"steps=10,iters=20,ucb_c=0.4,seed=4",9.5,1.0,162.0,1,10,4.0,1,10,0.86,1,10,15376.0,9,5
tc_public_6/input.blif,2,baseline_mab,"steps=10,iters=20,ucb_c=1.0,seed=5",9.5,1.0,162.0,1,10,4.0,1,10,0.87,2,9,15364.0,4,7
tc_public_6/input.blif,4,baseline_mab,"steps=10,iters=20,ucb_c=0.4,seed=7",9.3,1.0,162.0,1,10,4.0,1,10,0.87,2,9,15392.0,15,5
tc_public_6/input.blif,4,baseline_mab,"steps=10,iters=20,ucb_c=1.0,seed=6",9.3,1.0,162.0,1,10,4.0,1,10,0.87,2,9,15372.0,7,5
tc_public_6/input.blif,4,baseline_mab,"steps=10,iters=20,ucb_c=1.0,seed=7",9.3,1.0,162.0,1,10,4.0,1,10,0.87,2,9,15372.0,7,5
tc_public_6/input.blif,4,baseline_mab,"steps=10,iters=20,ucb_c=1.0,seed=9",9.3,1.0,162.0,1,10,4.0,1,10,0.87,2,9,16812.0,22,5
tc_public_6/input.blif,4,baseline_mab,"steps=10,iters=20,ucb_c=1.5,seed=3",9.3,1.0,162.0,1,10,4.0,1,10,0.87,2,9,17072.0,29,5
tc_public_6/input.blif,9,baseline_mab,"steps=10,iters=20,ucb_c=1.0,seed=3",9.0,1.0,162.0,1,10,4.0,1,10,0.88,9,5,15328.0,1,10
tc_public_6/input.blif,10,baseline_mab,"steps=10,iters=20,ucb_c=0.4,seed=2",8.8,1.0,162.0,1,10,4.0,1,10,0.88,9,5,15356.0,3,8
tc_public_6/input.blif,11,baseline_mab,"steps=10,iters=20,ucb_c=1.5,seed=5",8.7,1.0,162.0,1,10,4.0,1,10,0.89,21,5,15364.0,4,7
tc_public_6/input.blif,11,baseline_mab,"steps=10,iters=20,ucb_c=1.5,seed=6",8.7,1.0,162.0,1,10,4.0,1,10,0.88,9,5,15364.0,4,7
tc_public_6/input.blif,13,alphasyn,"seq=10,iters=20,cpuct=0.5,mu=0.9,",8.5,1.0,162.0,1,10,4.0,1,10,32.33,70,5,23040.0,63,5
tc_public_6/input.blif,13,alphasyn,"seq=10,iters=20,cpuct=0.5,mu=0.9,",8.5,1.0,162.0,1,10,4.0,1,10,49.84,72,5,23328.0,84,5
tc_public_6/input.blif,13,alphasyn,"seq=10,iters=20,cpuct=0.5,mu=0.9,",8.5,1.0,162.0,1,10,4.0,1,10,67.81,75,5,23320.0,74,5
tc_public_6/input.blif,13,alphasyn,"seq=10,iters=20,cpuct=0.5,mu=0.9,",8.5,1.0,162.0,1,10,4.0,1,10,66.68,74,5,23488.0,90,5
tc_public_6/input.blif,13,alphasyn,"seq=10,iters=20,cpuct=0.5,mu=0.9,",8.5,1.0,162.0,1,10,4.0,1,10,64.35,73,5,23168.0,71,5
tc_public_6/input.blif,13,alphasyn,"seq=10,iters=20,cpuct=0.5,mu=0.9,",8.5,1.0,162.0,1,10,4.0,1,10,38.69,71,5,23200.0,73,5
tc_public_6/input.blif,13,alphasyn,"seq=10,iters=20,cpuct=0.5,mu=0.9,",8.5,1.0,162.0,1,10,4.0,1,10,83.46,86,5,23484.0,86,5
tc_public_6/input.blif,13,alphasyn,"seq=10,iters=20,cpuct=0.5,mu=0.9,",8.5,1.0,162.0,1,10,4.0,1,10,82.98,77,5,23320.0,74,5
tc_public_6/input.blif,13,alphasyn,"seq=10,iters=20,cpuct=0.5,mu=0.9,",8.5,1.0,162.0,1,10,4.0,1,10,83.03,79,5,23160.0,64,5
tc_public_6/input.blif,13,alphasyn,"seq=10,iters=20,cpuct=0.5,mu=0.9,",8.5,1.0,162.0,1,10,4.0,1,10,83.03,79,5,23324.0,80,5
tc_public_6/input.blif,13,alphasyn,"seq=10,iters=20,cpuct=1.0,mu=0.9,",8.5,1.0,162.0,1,10,4.0,1,10,83.34,85,5,23324.0,80,5
tc_public_6/input.blif,13,alphasyn,"seq=10,iters=20,cpuct=1.0,mu=0.9,",8.5,1.0,162.0,1,10,4.0,1,10,83.47,87,5,23484.0,86,5
tc_public_6/input.blif,13,alphasyn,"seq=10,iters=20,cpuct=1.0,mu=0.9,",8.5,1.0,162.0,1,10,4.0,1,10,83.04,81,5,23168.0,71,5
tc_public_6/input.blif,13,alphasyn,"seq=10,iters=20,cpuct=1.0,mu=0.9,",8.5,1.0,162.0,1,10,4.0,1,10,83.92,90,5,23484.0,86,5
tc_public_6/input.blif,13,alphasyn,"seq=10,iters=20,cpuct=1.0,mu=0.9,",8.5,1.0,162.0,1,10,4.0,1,10,82.81,76,5,23324.0,80,5
tc_public_6/input.blif,13,alphasyn,"seq=10,iters=20,cpuct=1.0,mu=0.9,",8.5,1.0,162.0,1,10,4.0,1,10,83.58,88,5,23160.0,64,5
tc_public_6/input.blif,13,alphasyn,"seq=10,iters=20,cpuct=1.0,mu=0.9,",8.5,1.0,162.0,1,10,4.0,1,10,83.19,83,5,23032.0,62,5
tc_public_6/input.blif,13,alphasyn,"seq=10,iters=20,cpuct=1.0,mu=0.9,",8.5,1.0,162.0,1,10,4.0,1,10,83.3,84,5,23484.0,86,5
tc_public_6/input.blif,13,alphasyn,"seq=10,iters=20,cpuct=1.0,mu=0.9,",8.5,1.0,162.0,1,10,4.0,1,10,83.83,89,5,23164.0,67,5
tc_public_6/input.blif,13,alphasyn,"seq=10,iters=20,cpuct=1.0,mu=0.9,",8.5,1.0,162.0,1,10,4.0,1,10,83.02,78,5,23328.0,84,5
tc_public_6/input.blif,13,alphasyn,"seq=10,iters=20,cpuct=1.5,mu=0.9,",8.5,1.0,162.0,1,10,4.0,1,10,83.1,82,5,23320.0,74,5
tc_public_6/input.blif,13,alphasyn,"seq=10,iters=20,cpuct=1.5,mu=0.9,",8.5,1.0,162.0,1,10,4.0,1,10,29.48,66,5,23004.0,61,5
tc_public_6/input.blif,13,alphasyn,"seq=10,iters=20,cpuct=1.5,mu=0.9,",8.5,1.0,162.0,1,10,4.0,1,10,29.75,68,5,23320.0,74,5
tc_public_6/input.blif,13,alphasyn,"seq=10,iters=20,cpuct=1.5,mu=0.9,",8.5,1.0,162.0,1,10,4.0,1,10,29.51,67,5,23324.0,80,5
tc_public_6/input.blif,13,alphasyn,"seq=10,iters=20,cpuct=1.5,mu=0.9,",8.5,1.0,162.0,1,10,4.0,1,10,29.42,65,5,23320.0,74,5
tc_public_6/input.blif,13,alphasyn,"seq=10,iters=20,cpuct=1.5,mu=0.9,",8.5,1.0,162.0,1,10,4.0,1,10,29.26,61,5,23160.0,64,5
tc_public_6/input.blif,13,alphasyn,"seq=10,iters=20,cpuct=1.5,mu=0.9,",8.5,1.0,162.0,1,10,4.0,1,10,29.41,64,5,23164.0,67,5
tc_public_6/input.blif,13,alphasyn,"seq=10,iters=20,cpuct=1.5,mu=0.9,",8.5,1.0,162.0,1,10,4.0,1,10,29.4,63,5,23164.0,67,5
tc_public_6/input.blif,13,alphasyn,"seq=10,iters=20,cpuct=1.5,mu=0.9,",8.5,1.0,162.0,1,10,4.0,1,10,29.38,62,5,23320.0,74,5
tc_public_6/input.blif,13,alphasyn,"seq=10,iters=20,cpuct=1.5,mu=0.9,",8.5,1.0,162.0,1,10,4.0,1,10,30.27,69,5,23164.0,67,5
tc_public_6/input.blif,13,baseline_mab,"steps=10,iters=20,ucb_c=0.4,seed=0",8.5,1.0,162.0,1,10,4.0,1,10,0.89,21,5,16964.0,26,5
tc_public_6/input.blif,13,baseline_mab,"steps=10,iters=20,ucb_c=0.4,seed=1",8.5,1.0,162.0,1,10,4.0,1,10,0.88,9,5,15376.0,9,5
tc_public_6/input.blif,13,baseline_mab,"steps=10,iters=20,ucb_c=0.4,seed=3",8.5,1.0,162.0,1,10,4.0,1,10,0.9,26,5,15404.0,18,5
tc_public_6/input.blif,13,baseline_mab,"steps=10,iters=20,ucb_c=0.4,seed=6",8.5,1.0,162.0,1,10,4.0,1,10,0.88,9,5,15384.0,14,5
tc_public_6/input.blif,13,baseline_mab,"steps=10,iters=20,ucb_c=0.4,seed=8",8.5,1.0,162.0,1,10,4.0,1,10,0.88,9,5,16964.0,26,5
tc_public_6/input.blif,13,baseline_mab,"steps=10,iters=20,ucb_c=0.4,seed=9",8.5,1.0,162.0,1,10,4.0,1,10,0.89,21,5,16932.0,25,5
tc_public_6/input.blif,13,baseline_mab,"steps=10,iters=20,ucb_c=1.0,seed=0",8.5,1.0,162.0,1,10,4.0,1,10,0.88,9,5,15400.0,17,5
tc_public_6/input.blif,13,baseline_mab,"steps=10,iters=20,ucb_c=1.0,seed=1",8.5,1.0,162.0,1,10,4.0,1,10,0.88,9,5,16972.0,28,5
tc_public_6/input.blif,13,baseline_mab,"steps=10,iters=20,ucb_c=1.0,seed=2",8.5,1.0,162.0,1,10,4.0,1,10,0.89,21,5,15380.0,13,5
tc_public_6/input.blif,13,baseline_mab,"steps=10,iters=20,ucb_c=1.0,seed=4",8.5,1.0,162.0,1,10,4.0,1,10,0.88,9,5,16868.0,24,5
tc_public_6/input.blif,13,baseline_mab,"steps=10,iters=20,ucb_c=1.0,seed=8",8.5,1.0,162.0,1,10,4.0,1,10,0.9,26,5,15376.0,9,5
tc_public_6/input.blif,13,baseline_mab,"steps=10,iters=20,ucb_c=1.5,seed=0",8.5,1.0,162.0,1,10,4.0,1,10,0.88,9,5,15376.0,9,5
tc_public_6/input.blif,13,baseline_mab,"steps=10,iters=20,ucb_c=1.5,seed=1",8.5,1.0,162.0,1,10,4.0,1,10,0.88,9,5,16616.0,19,5
tc_public_6/input.blif,13,baseline_mab,"steps=10,iters=20,ucb_c=1.5,seed=2",8.5,1.0,162.0,1,10,4.0,1,10,0.89,21,5,17088.0,30,5
tc_public_6/input.blif,13,baseline_mab,"steps=10,iters=20,ucb_c=1.5,seed=4",8.5,1.0,162.0,1,10,4.0,1,10,0.88,9,5,16668.0,20,5
tc_public_6/input.blif,13,baseline_mab,"steps=10,iters=20,ucb_c=1.5,seed=7",8.5,1.0,162.0,1,10,4.0,1,10,0.9,26,5,16816.0,23,5
tc_public_6/input.blif,13,baseline_mab,"steps=10,iters=20,ucb_c=1.5,seed=8",8.5,1.0,162.0,1,10,4.0,1,10,0.91,29,5,15392.0,15,5
tc_public_6/input.blif,13,baseline_mab,"steps=10,iters=20,ucb_c=1.5,seed=9",8.5,1.0,162.0,1,10,4.0,1,10,0.94,30,5,16808.0,21,5
tc_public_6/input.blif,13,baseline_mab_prefix,"steps=10,iters=20,ucb_c=0.2,seed=0",8.5,1.0,162.0,1,10,4.0,1,10,4.87,34,5,21120.0,36,5
tc_public_6/input.blif,13,baseline_mab_prefix,"steps=10,iters=20,ucb_c=0.2,seed=1",8.5,1.0,162.0,1,10,4.0,1,10,4.72,31,5,21236.0,39,5
tc_public_6/input.blif,13,baseline_mab_prefix,"steps=10,iters=20,ucb_c=0.2,seed=2",8.5,1.0,162.0,1,10,4.0,1,10,4.81,33,5,21280.0,49,5
tc_public_6/input.blif,13,baseline_mab_prefix,"steps=10,iters=20,ucb_c=0.2,seed=3",8.5,1.0,162.0,1,10,4.0,1,10,4.75,32,5,21120.0,36,5
tc_public_6/input.blif,13,baseline_mab_prefix,"steps=10,iters=20,ucb_c=0.2,seed=4",8.5,1.0,162.0,1,10,4.0,1,10,6.39,35,5,21236.0,39,5
tc_public_6/input.blif,13,baseline_mab_prefix,"steps=10,iters=20,ucb_c=0.2,seed=5",8.5,1.0,162.0,1,10,4.0,1,10,9.91,44,5,21076.0,32,5
tc_public_6/input.blif,13,baseline_mab_prefix,"steps=10,iters=20,ucb_c=0.2,seed=6",8.5,1.0,162.0,1,10,4.0,1,10,8.26,37,5,21120.0,36,5
tc_public_6/input.blif,13,baseline_mab_prefix,"steps=10,iters=20,ucb_c=0.2,seed=7",8.5,1.0,162.0,1,10,4.0,1,10,10.01,48,5,21280.0,49,5
tc_public_6/input.blif,13,baseline_mab_prefix,"steps=10,iters=20,ucb_c=0.2,seed=8",8.5,1.0,162.0,1,10,4.0,1,10,9.93,45,5,21240.0,46,5
tc_public_6/input.blif,13,baseline_mab_prefix,"steps=10,iters=20,ucb_c=0.2,seed=9",8.5,1.0,162.0,1,10,4.0,1,10,9.89,43,5,21280.0,49,5
tc_public_6/input.blif,13,baseline_mab_prefix,"steps=10,iters=20,ucb_c=0.4,seed=0",8.5,1.0,162.0,1,10,4.0,1,10,10.18,50,5,21280.0,49,5
tc_public_6/input.blif,13,baseline_mab_prefix,"steps=10,iters=20,ucb_c=0.4,seed=1",8.5,1.0,162.0,1,10,4.0,1,10,10.0,47,5,21280.0,49,5
tc_public_6/input.blif,13,baseline_mab_prefix,"steps=10,iters=20,ucb_c=0.4,seed=2",8.5,1.0,162.0,1,10,4.0,1,10,9.72,41,5,21076.0,32,5
tc_public_6/input.blif,13,baseline_mab_prefix,"steps=10,iters=20,ucb_c=0.4,seed=3",8.5,1.0,162.0,1,10,4.0,1,10,9.71,40,5,20920.0,31,5
tc_public_6/input.blif,13,baseline_mab_prefix,"steps=10,iters=20,ucb_c=0.4,seed=4",8.5,1.0,162.0,1,10,4.0,1,10,8.54,38,5,21280.0,49,5
tc_public_6/input.blif,13,baseline_mab_prefix,"steps=10,iters=20,ucb_c=0.4,seed=5",8.5,1.0,162.0,1,10,4.0,1,10,10.39,54,5,21236.0,39,5
tc_public_6/input.blif,13,baseline_mab_prefix,"steps=10,iters=20,ucb_c=0.4,seed=6",8.5,1.0,162.0,1,10,4.0,1,10,10.03,49,5,21236.0,39,5
tc_public_6/input.blif,13,baseline_mab_prefix,"steps=10,iters=20,ucb_c=0.4,seed=7",8.5,1.0,162.0,1,10,4.0,1,10,9.81,42,5,21076.0,32,5
tc_public_6/input.blif,13,baseline_mab_prefix,"steps=10,iters=20,ucb_c=0.4,seed=8",8.5,1.0,162.0,1,10,4.0,1,10,9.67,39,5,21240.0,46,5
tc_public_6/input.blif,13,baseline_mab_prefix,"steps=10,iters=20,ucb_c=0.4,seed=9",8.5,1.0,162.0,1,10,4.0,1,10,6.79,36,5,21396.0,60,5
tc_public_6/input.blif,13,baseline_mab_prefix,"steps=10,iters=20,ucb_c=0.8,seed=0",8.5,1.0,162.0,1,10,4.0,1,10,10.45,57,5,21280.0,49,5
tc_public_6/input.blif,13,baseline_mab_prefix,"steps=10,iters=20,ucb_c=0.8,seed=1",8.5,1.0,162.0,1,10,4.0,1,10,10.41,55,5,21280.0,49,5
tc_public_6/input.blif,13,baseline_mab_prefix,"steps=10,iters=20,ucb_c=0.8,seed=2",8.5,1.0,162.0,1,10,4.0,1,10,10.34,51,5,21280.0,49,5
tc_public_6/input.blif,13,baseline_mab_prefix,"steps=10,iters=20,ucb_c=0.8,seed=3",8.5,1.0,162.0,1,10,4.0,1,10,10.49,59,5,21236.0,39,5
tc_public_6/input.blif,13,baseline_mab_prefix,"steps=10,iters=20,ucb_c=0.8,seed=4",8.5,1.0,162.0,1,10,4.0,1,10,10.37,53,5,21280.0,49,5
tc_public_6/input.blif,13,baseline_mab_prefix,"steps=10,iters=20,ucb_c=0.8,seed=5",8.5,1.0,162.0,1,10,4.0,1,10,10.44,56,5,21236.0,39,5
tc_public_6/input.blif,13,baseline_mab_prefix,"steps=10,iters=20,ucb_c=0.8,seed=6",8.5,1.0,162.0,1,10,4.0,1,10,10.63,60,5,21280.0,49,5
tc_public_6/input.blif,13,baseline_mab_prefix,"steps=10,iters=20,ucb_c=0.8,seed=7",8.5,1.0,162.0,1,10,4.0,1,10,9.95,46,5,21076.0,32,5
tc_public_6/input.blif,13,baseline_mab_prefix,"steps=10,iters=20,ucb_c=0.8,seed=8",8.5,1.0,162.0,1,10,4.0,1,10,10.34,51,5,21240.0,46,5
tc_public_6/input.blif,13,baseline_mab_prefix,"steps=10,iters=20,ucb_c=0.8,seed=9",8.5,1.0,162.0,1,10,4.0,1,10,10.47,58,5,21236.0,39,5
tc_public_7/input.blif,1,baseline_mab,"steps=10,iters=20,ucb_c=0.4,seed=7",9.8,1.0,252.0,1,10,3.0,1,10,0.87,1,10,15456.0,3,8
tc_public_7/input.blif,2,baseline_mab,"steps=10,iters=20,ucb_c=1.0,seed=0",9.5,1.0,252.0,1,10,3.0,1,10,0.87,1,10,15468.0,11,5
tc_public_7/input.blif,2,baseline_mab,"steps=10,iters=20,ucb_c=1.0,seed=4",9.5,1.0,252.0,1,10,3.0,1,10,0.87,1,10,15476.0,20,5
tc_public_7/input.blif,4,baseline_mab,"steps=10,iters=20,ucb_c=1.0,seed=1",9.4,1.0,252.0,1,10,3.0,1,10,0.88,4,7,15312.0,1,10
tc_public_7/input.blif,5,baseline_mab,"steps=10,iters=20,ucb_c=1.5,seed=1",9.3,1.0,252.0,1,10,3.0,1,10,0.88,4,7,15408.0,2,9
tc_public_7/input.blif,6,baseline_mab,"steps=10,iters=20,ucb_c=0.4,seed=5",9.0,1.0,252.0,1,10,3.0,1,10,0.88,4,7,15464.0,5,6
tc_public_7/input.blif,6,baseline_mab,"steps=10,iters=20,ucb_c=1.0,seed=6",9.0,1.0,252.0,1,10,3.0,1,10,0.88,4,7,15464.0,5,6
tc_public_7/input.blif,6,baseline_mab,"steps=10,iters=20,ucb_c=1.5,seed=6",9.0,1.0,252.0,1,10,3.0,1,10,0.88,4,7,15464.0,5,6
tc_public_7/input.blif,9,baseline_mab,"steps=10,iters=20,ucb_c=0.4,seed=0",8.9,1.0,252.0,1,10,3.0,1,10,0.88,4,7,15468.0,11,5
tc_public_7/input.blif,9,baseline_mab,"steps=10,iters=20,ucb_c=0.4,seed=1",8.9,1.0,252.0,1,10,3.0,1,10,0.88,4,7,15472.0,15,5
tc_public_7/input.blif,9,baseline_mab,"steps=10,iters=20,ucb_c=0.4,seed=3",8.9,1.0,252.0,1,10,3.0,1,10,0.88,4,7,17004.0,26,5
tc_public_7/input.blif,9,baseline_mab,"steps=10,iters=20,ucb_c=0.4,seed=4",8.9,1.0,252.0,1,10,3.0,1,10,0.88,4,7,15476.0,20,5
tc_public_7/input.blif,9,baseline_mab,"steps=10,iters=20,ucb_c=0.4,seed=8",8.9,1.0,252.0,1,10,3.0,1,10,0.88,4,7,16752.0,23,5
tc_public_7/input.blif,9,baseline_mab,"steps=10,iters=20,ucb_c=1.0,seed=3",8.9,1.0,252.0,1,10,3.0,1,10,0.88,4,7,17004.0,26,5
tc_public_7/input.blif,9,baseline_mab,"steps=10,iters=20,ucb_c=1.0,seed=5",8.9,1.0,252.0,1,10,3.0,1,10,0.88,4,7,15472.0,15,5
tc_public_7/input.blif,9,baseline_mab,"steps=10,iters=20,ucb_c=1.0,seed=7",8.9,1.0,252.0,1,10,3.0,1,10,0.88,4,7,15472.0,15,5
tc_public_7/input.blif,9,baseline_mab,"steps=10,iters=20,ucb_c=1.0,seed=8",8.9,1.0,252.0,1,10,3.0,1,10,0.88,4,7,16748.0,22,5
tc_public_7/input.blif,9,baseline_mab,"steps=10,iters=20,ucb_c=1.0,seed=9",8.9,1.0,252.0,1,10,3.0,1,10,0.88,4,7,15468.0,11,5
tc_public_7/input.blif,9,baseline_mab,"steps=10,iters=20,ucb_c=1.5,seed=3",8.9,1.0,252.0,1,10,3.0,1,10,0.88,4,7,17004.0,26,5
tc_public_7/input.blif,9,baseline_mab,"steps=10,iters=20,ucb_c=1.5,seed=7",8.9,1.0,252.0,1,10,3.0,1,10,0.88,4,7,15472.0,15,5
tc_public_7/input.blif,21,baseline_mab,"steps=10,iters=20,ucb_c=0.4,seed=9",8.7,1.0,252.0,1,10,3.0,1,10,0.89,21,5,15460.0,4,7
tc_public_7/input.blif,22,baseline_mab,"steps=10,iters=20,ucb_c=0.4,seed=6",8.6,1.0,252.0,1,10,3.0,1,10,0.9,25,5,15464.0,5,6
tc_public_7/input.blif,22,baseline_mab,"steps=10,iters=20,ucb_c=1.5,seed=0",8.6,1.0,252.0,1,10,3.0,1,10,0.9,25,5,15464.0,5,6
tc_public_7/input.blif,22,baseline_mab,"steps=10,iters=20,ucb_c=1.5,seed=5",8.6,1.0,252.0,1,10,3.0,1,10,0.89,21,5,15464.0,5,6
tc_public_7/input.blif,25,alphasyn,"seq=10,iters=20,cpuct=0.5,mu=0.9,",8.5,1.0,252.0,1,10,3.0,1,10,31.87,70,5,23320.0,74,5
tc_public_7/input.blif,25,alphasyn,"seq=10,iters=20,cpuct=0.5,mu=0.9,",8.5,1.0,252.0,1,10,3.0,1,10,61.42,72,5,23320.0,74,5
tc_public_7/input.blif,25,alphasyn,"seq=10,iters=20,cpuct=0.5,mu=0.9,",8.5,1.0,252.0,1,10,3.0,1,10,69.73,75,5,23324.0,81,5
tc_public_7/input.blif,25,alphasyn,"seq=10,iters=20,cpuct=0.5,mu=0.9,",8.5,1.0,252.0,1,10,3.0,1,10,65.92,74,5,23200.0,72,5
tc_public_7/input.blif,25,alphasyn,"seq=10,iters=20,cpuct=0.5,mu=0.9,",8.5,1.0,252.0,1,10,3.0,1,10,65.72,73,5,23328.0,86,5
tc_public_7/input.blif,25,alphasyn,"seq=10,iters=20,cpuct=0.5,mu=0.9,",8.5,1.0,252.0,1,10,3.0,1,10,32.88,71,5,23320.0,74,5
tc_public_7/input.blif,25,alphasyn,"seq=10,iters=20,cpuct=0.5,mu=0.9,",8.5,1.0,252.0,1,10,3.0,1,10,83.51,84,5,23480.0,87,5
tc_public_7/input.blif,25,alphasyn,"seq=10,iters=20,cpuct=0.5,mu=0.9,",8.5,1.0,252.0,1,10,3.0,1,10,83.32,79,5,23324.0,81,5
tc_public_7/input.blif,25,alphasyn,"seq=10,iters=20,cpuct=0.5,mu=0.9,",8.5,1.0,252.0,1,10,3.0,1,10,83.62,85,5,22996.0,63,5
tc_public_7/input.blif,25,alphasyn,"seq=10,iters=20,cpuct=0.5,mu=0.9,",8.5,1.0,252.0,1,10,3.0,1,10,83.32,79,5,23168.0,71,5
tc_public_7/input.blif,25,alphasyn,"seq=10,iters=20,cpuct=1.0,mu=0.9,",8.5,1.0,252.0,1,10,3.0,1,10,83.65,86,5,23640.0,89,5
tc_public_7/input.blif,25,alphasyn,"seq=10,iters=20,cpuct=1.0,mu=0.9,",8.5,1.0,252.0,1,10,3.0,1,10,83.38,83,5,22876.0,62,5
tc_public_7/input.blif,25,alphasyn,"seq=10,iters=20,cpuct=1.0,mu=0.9,",8.5,1.0,252.0,1,10,3.0,1,10,83.35,82,5,23324.0,81,5
tc_public_7/input.blif,25,alphasyn,"seq=10,iters=20,cpuct=1.0,mu=0.9,",8.5,1.0,252.0,1,10,3.0,1,10,83.97,89,5,23480.0,87,5
tc_public_7/input.blif,25,alphasyn,"seq=10,iters=20,cpuct=1.0,mu=0.9,",8.5,1.0,252.0,1,10,3.0,1,10,83.16,76,5,22400.0,61,5
tc_public_7/input.blif,25,alphasyn,"seq=10,iters=20,cpuct=1.0,mu=0.9,",8.5,1.0,252.0,1,10,3.0,1,10,83.92,88,5,23040.0,66,5
tc_public_7/input.blif,25,alphasyn,"seq=10,iters=20,cpuct=1.0,mu=0.9,",8.5,1.0,252.0,1,10,3.0,1,10,83.21,77,5,23164.0,69,5
tc_public_7/input.blif,25,alphasyn,"seq=10,iters=20,cpuct=1.0,mu=0.9,",8.5,1.0,252.0,1,10,3.0,1,10,83.34,81,5,23320.0,74,5
tc_public_7/input.blif,25,alphasyn,"seq=10,iters=20,cpuct=1.0,mu=0.9,",8.5,1.0,252.0,1,10,3.0,1,10,83.77,87,5,23324.0,81,5
tc_public_7/input.blif,25,alphasyn,"seq=10,iters=20,cpuct=1.0,mu=0.9,",8.5,1.0,252.0,1,10,3.0,1,10,83.29,78,5,23160.0,67,5
tc_public_7/input.blif,25,alphasyn,"seq=10,iters=20,cpuct=1.5,mu=0.9,",8.5,1.0,252.0,1,10,3.0,1,10,84.09,90,5,23324.0,81,5
tc_public_7/input.blif,25,alphasyn,"seq=10,iters=20,cpuct=1.5,mu=0.9,",8.5,1.0,252.0,1,10,3.0,1,10,29.63,64,5,23320.0,74,5
tc_public_7/input.blif,25,alphasyn,"seq=10,iters=20,cpuct=1.5,mu=0.9,",8.5,1.0,252.0,1,10,3.0,1,10,29.69,66,5,23644.0,90,5
tc_public_7/input.blif,25,alphasyn,"seq=10,iters=20,cpuct=1.5,mu=0.9,",8.5,1.0,252.0,1,10,3.0,1,10,29.73,67,5,23160.0,67,5
tc_public_7/input.blif,25,alphasyn,"seq=10,iters=20,cpuct=1.5,mu=0.9,",8.5,1.0,252.0,1,10,3.0,1,10,29.49,61,5,23004.0,65,5
tc_public_7/input.blif,25,alphasyn,"seq=10,iters=20,cpuct=1.5,mu=0.9,",8.5,1.0,252.0,1,10,3.0,1,10,29.55,62,5,23320.0,74,5
tc_public_7/input.blif,25,alphasyn,"seq=10,iters=20,cpuct=1.5,mu=0.9,",8.5,1.0,252.0,1,10,3.0,1,10,29.75,68,5,23320.0,74,5
tc_public_7/input.blif,25,alphasyn,"seq=10,iters=20,cpuct=1.5,mu=0.9,",8.5,1.0,252.0,1,10,3.0,1,10,29.66,65,5,23200.0,72,5
tc_public_7/input.blif,25,alphasyn,"seq=10,iters=20,cpuct=1.5,mu=0.9,",8.5,1.0,252.0,1,10,3.0,1,10,29.61,63,5,23000.0,64,5
tc_public_7/input.blif,25,alphasyn,"seq=10,iters=20,cpuct=1.5,mu=0.9,",8.5,1.0,252.0,1,10,3.0,1,10,30.84,69,5,23164.0,69,5
tc_public_7/input.blif,25,baseline_mab,"steps=10,iters=20,ucb_c=0.4,seed=2",8.5,1.0,252.0,1,10,3.0,1,10,0.89,21,5,16832.0,24,5
tc_public_7/input.blif,25,baseline_mab,"steps=10,iters=20,ucb_c=1.0,seed=2",8.5,1.0,252.0,1,10,3.0,1,10,0.9,25,5,17152.0,29,5
tc_public_7/input.blif,25,baseline_mab,"steps=10,iters=20,ucb_c=1.5,seed=2",8.5,1.0,252.0,1,10,3.0,1,10,0.89,21,5,17152.0,29,5
tc_public_7/input.blif,25,baseline_mab,"steps=10,iters=20,ucb_c=1.5,seed=4",8.5,1.0,252.0,1,10,3.0,1,10,0.9,25,5,15472.0,15,5
tc_public_7/input.blif,25,baseline_mab,"steps=10,iters=20,ucb_c=1.5,seed=8",8.5,1.0,252.0,1,10,3.0,1,10,0.91,29,5,16912.0,25,5
tc_public_7/input.blif,25,baseline_mab,"steps=10,iters=20,ucb_c=1.5,seed=9",8.5,1.0,252.0,1,10,3.0,1,10,0.96,30,5,15468.0,11,5
tc_public_7/input.blif,25,baseline_mab_prefix,"steps=10,iters=20,ucb_c=0.2,seed=0",8.5,1.0,252.0,1,10,3.0,1,10,4.76,32,5,21236.0,40,5
tc_public_7/input.blif,25,baseline_mab_prefix,"steps=10,iters=20,ucb_c=0.2,seed=1",8.5,1.0,252.0,1,10,3.0,1,10,4.81,34,5,21236.0,40,5
tc_public_7/input.blif,25,baseline_mab_prefix,"steps=10,iters=20,ucb_c=0.2,seed=2",8.5,1.0,252.0,1,10,3.0,1,10,4.8,33,5,21400.0,59,5
tc_public_7/input.blif,25,baseline_mab_prefix,"steps=10,iters=20,ucb_c=0.2,seed=3",8.5,1.0,252.0,1,10,3.0,1,10,4.71,31,5,21236.0,40,5
tc_public_7/input.blif,25,baseline_mab_prefix,"steps=10,iters=20,ucb_c=0.2,seed=4",8.5,1.0,252.0,1,10,3.0,1,10,6.48,36,5,21236.0,40,5
tc_public_7/input.blif,25,baseline_mab_prefix,"steps=10,iters=20,ucb_c=0.2,seed=5",8.5,1.0,252.0,1,10,3.0,1,10,9.57,38,5,21076.0,32,5
tc_public_7/input.blif,25,baseline_mab_prefix,"steps=10,iters=20,ucb_c=0.2,seed=6",8.5,1.0,252.0,1,10,3.0,1,10,8.23,37,5,21236.0,40,5
tc_public_7/input.blif,25,baseline_mab_prefix,"steps=10,iters=20,ucb_c=0.2,seed=7",8.5,1.0,252.0,1,10,3.0,1,10,9.86,45,5,21236.0,40,5
tc_public_7/input.blif,25,baseline_mab_prefix,"steps=10,iters=20,ucb_c=0.2,seed=8",8.5,1.0,252.0,1,10,3.0,1,10,10.52,59,5,21280.0,54,5
tc_public_7/input.blif,25,baseline_mab_prefix,"steps=10,iters=20,ucb_c=0.2,seed=9",8.5,1.0,252.0,1,10,3.0,1,10,9.94,47,5,21236.0,40,5
tc_public_7/input.blif,25,baseline_mab_prefix,"steps=10,iters=20,ucb_c=0.4,seed=0",8.5,1.0,252.0,1,10,3.0,1,10,9.95,48,5,21236.0,40,5
tc_public_7/input.blif,25,baseline_mab_prefix,"steps=10,iters=20,ucb_c=0.4,seed=1",8.5,1.0,252.0,1,10,3.0,1,10,10.07,49,5,20944.0,31,5
tc_public_7/input.blif,25,baseline_mab_prefix,"steps=10,iters=20,ucb_c=0.4,seed=2",8.5,1.0,252.0,1,10,3.0,1,10,9.79,41,5,21280.0,54,5
tc_public_7/input.blif,25,baseline_mab_prefix,"steps=10,iters=20,ucb_c=0.4,seed=3",8.5,1.0,252.0,1,10,3.0,1,10,9.81,42,5,21280.0,54,5
tc_public_7/input.blif,25,baseline_mab_prefix,"steps=10,iters=20,ucb_c=0.4,seed=4",8.5,1.0,252.0,1,10,3.0,1,10,9.74,39,5,21076.0,32,5
tc_public_7/input.blif,25,baseline_mab_prefix,"steps=10,iters=20,ucb_c=0.4,seed=5",8.5,1.0,252.0,1,10,3.0,1,10,9.77,40,5,21240.0,51,5
tc_public_7/input.blif,25,baseline_mab_prefix,"steps=10,iters=20,ucb_c=0.4,seed=6",8.5,1.0,252.0,1,10,3.0,1,10,9.82,43,5,21076.0,32,5
tc_public_7/input.blif,25,baseline_mab_prefix,"steps=10,iters=20,ucb_c=0.4,seed=7",8.5,1.0,252.0,1,10,3.0,1,10,9.83,44,5,21236.0,40,5
tc_public_7/input.blif,25,baseline_mab_prefix,"steps=10,iters=20,ucb_c=0.4,seed=8",8.5,1.0,252.0,1,10,3.0,1,10,9.91,46,5,21240.0,51,5
tc_public_7/input.blif,25,baseline_mab_prefix,"steps=10,iters=20,ucb_c=0.4,seed=9",8.5,1.0,252.0,1,10,3.0,1,10,6.26,35,5,21236.0,40,5
tc_public_7/input.blif,25,baseline_mab_prefix,"steps=10,iters=20,ucb_c=0.8,seed=0",8.5,1.0,252.0,1,10,3.0,1,10,10.32,53,5,21080.0,36,5
tc_public_7/input.blif,25,baseline_mab_prefix,"steps=10,iters=20,ucb_c=0.8,seed=1",8.5,1.0,252.0,1,10,3.0,1,10,10.51,58,5,21240.0,51,5
tc_public_7/input.blif,25,baseline_mab_prefix,"steps=10,iters=20,ucb_c=0.8,seed=2",8.5,1.0,252.0,1,10,3.0,1,10,10.32,53,5,21440.0,60,5
tc_public_7/input.blif,25,baseline_mab_prefix,"steps=10,iters=20,ucb_c=0.8,seed=3",8.5,1.0,252.0,1,10,3.0,1,10,10.26,52,5,21280.0,54,5
tc_public_7/input.blif,25,baseline_mab_prefix,"steps=10,iters=20,ucb_c=0.8,seed=4",8.5,1.0,252.0,1,10,3.0,1,10,10.44,56,5,21280.0,54,5
tc_public_7/input.blif,25,baseline_mab_prefix,"steps=10,iters=20,ucb_c=0.8,seed=5",8.5,1.0,252.0,1,10,3.0,1,10,10.1,50,5,21120.0,38,5
tc_public_7/input.blif,25,baseline_mab_prefix,"steps=10,iters=20,ucb_c=0.8,seed=6",8.5,1.0,252.0,1,10,3.0,1,10,10.39,55,5,21076.0,32,5
tc_public_7/input.blif,25,baseline_mab_prefix,"steps=10,iters=20,ucb_c=0.8,seed=7",8.5,1.0,252.0,1,10,3.0,1,10,10.19,51,5,21120.0,38,5
tc_public_7/input.blif,25,baseline_mab_prefix,"steps=10,iters=20,ucb_c=0.8,seed=8",8.5,1.0,252.0,1,10,3.0,1,10,10.67,60,5,21080.0,36,5
tc_public_7/input.blif,25,baseline_mab_prefix,"steps=10,iters=20,ucb_c=0.8,seed=9",8.5,1.0,252.0,1,10,3.0,1,10,10.5,57,5,21236.0,40,5
tc_public_8/input.blif,1,baseline_mab,"steps=10,iters=20,ucb_c=1.0,seed=1",9.8,1.0,193.0,1,10,3.0,1,10,0.87,1,10,15328.0,3,8
tc_public_8/input.blif,1,baseline_mab,"steps=10,iters=20,ucb_c=1.0,seed=4",9.8,1.0,193.0,1,10,3.0,1,10,0.87,1,10,15328.0,3,8
tc_public_8/input.blif,1,baseline_mab,"steps=10,iters=20,ucb_c=1.5,seed=1",9.8,1.0,193.0,1,10,3.0,1,10,0.87,1,10,15328.0,3,8
tc_public_8/input.blif,4,baseline_mab,"steps=10,iters=20,ucb_c=0.4,seed=0",9.5,1.0,193.0,1,10,3.0,1,10,0.87,1,10,16776.0,22,5
tc_public_8/input.blif,4,baseline_mab,"steps=10,iters=20,ucb_c=0.4,seed=7",9.5,1.0,193.0,1,10,3.0,1,10,0.87,1,10,15332.0,8,5
tc_public_8/input.blif,4,baseline_mab,"steps=10,iters=20,ucb_c=1.0,seed=0",9.5,1.0,193.0,1,10,3.0,1,10,0.87,1,10,16936.0,27,5
tc_public_8/input.blif,4,baseline_mab,"steps=10,iters=20,ucb_c=1.0,seed=3",9.5,1.0,193.0,1,10,3.0,1,10,0.87,1,10,16920.0,24,5
tc_public_8/input.blif,4,baseline_mab,"steps=10,iters=20,ucb_c=1.0,seed=6",9.5,1.0,193.0,1,10,3.0,1,10,0.87,1,10,15332.0,8,5
tc_public_8/input.blif,4,baseline_mab,"steps=10,iters=20,ucb_c=1.0,seed=7",9.5,1.0,193.0,1,10,3.0,1,10,0.87,1,10,15332.0,8,5
tc_public_8/input.blif,4,baseline_mab,"steps=10,iters=20,ucb_c=1.5,seed=3",9.5,1.0,193.0,1,10,3.0,1,10,0.87,1,10,16920.0,24,5
tc_public_8/input.blif,4,baseline_mab,"steps=10,iters=20,ucb_c=1.5,seed=7",9.5,1.0,193.0,1,10,3.0,1,10,0.87,1,10,15336.0,16,5
tc_public_8/input.blif,12,baseline_mab,"steps=10,iters=20,ucb_c=0.4,seed=5",9.0,1.0,193.0,1,10,3.0,1,10,0.88,12,5,15324.0,1,10
tc_public_8/input.blif,12,baseline_mab,"steps=10,iters=20,ucb_c=1.5,seed=9",9.0,1.0,193.0,1,10,3.0,1,10,0.9,29,5,15324.0,1,10
tc_public_8/input.blif,14,baseline_mab,"steps=10,iters=20,ucb_c=0.4,seed=1",8.8,1.0,193.0,1,10,3.0,1,10,0.88,12,5,15328.0,3,8
tc_public_8/input.blif,14,baseline_mab,"steps=10,iters=20,ucb_c=0.4,seed=9",8.8,1.0,193.0,1,10,3.0,1,10,0.89,26,5,15328.0,3,8
tc_public_8/input.blif,16,alphasyn,"seq=10,iters=20,cpuct=0.5,mu=0.9,",8.5,1.0,193.0,1,10,3.0,1,10,32.46,71,5,23164.0,66,5
tc_public_8/input.blif,16,alphasyn,"seq=10,iters=20,cpuct=0.5,mu=0.9,",8.5,1.0,193.0,1,10,3.0,1,10,63.08,72,5,23320.0,74,5
tc_public_8/input.blif,16,alphasyn,"seq=10,iters=20,cpuct=0.5,mu=0.9,",8.5,1.0,193.0,1,10,3.0,1,10,67.04,75,5,23320.0,74,5
tc_public_8/input.blif,16,alphasyn,"seq=10,iters=20,cpuct=0.5,mu=0.9,",8.5,1.0,193.0,1,10,3.0,1,10,66.76,74,5,23200.0,72,5
tc_public_8/input.blif,16,alphasyn,"seq=10,iters=20,cpuct=0.5,mu=0.9,",8.5,1.0,193.0,1,10,3.0,1,10,64.09,73,5,23168.0,70,5
tc_public_8/input.blif,16,alphasyn,"seq=10,iters=20,cpuct=0.5,mu=0.9,",8.5,1.0,193.0,1,10,3.0,1,10,31.36,70,5,23328.0,87,5
tc_public_8/input.blif,16,alphasyn,"seq=10,iters=20,cpuct=0.5,mu=0.9,",8.5,1.0,193.0,1,10,3.0,1,10,83.54,88,5,23164.0,66,5
tc_public_8/input.blif,16,alphasyn,"seq=10,iters=20,cpuct=0.5,mu=0.9,",8.5,1.0,193.0,1,10,3.0,1,10,83.04,78,5,23320.0,74,5
tc_public_8/input.blif,16,alphasyn,"seq=10,iters=20,cpuct=0.5,mu=0.9,",8.5,1.0,193.0,1,10,3.0,1,10,83.32,86,5,23324.0,78,5
tc_public_8/input.blif,16,alphasyn,"seq=10,iters=20,cpuct=0.5,mu=0.9,",8.5,1.0,193.0,1,10,3.0,1,10,83.04,78,5,23324.0,78,5
tc_public_8/input.blif,16,alphasyn,"seq=10,iters=20,cpuct=1.0,mu=0.9,",8.5,1.0,193.0,1,10,3.0,1,10,83.53,87,5,23200.0,72,5
tc_public_8/input.blif,16,alphasyn,"seq=10,iters=20,cpuct=1.0,mu=0.9,",8.5,1.0,193.0,1,10,3.0,1,10,83.14,83,5,23328.0,87,5
tc_public_8/input.blif,16,alphasyn,"seq=10,iters=20,cpuct=1.0,mu=0.9,",8.5,1.0,193.0,1,10,3.0,1,10,83.12,82,5,23164.0,66,5
tc_public_8/input.blif,16,alphasyn,"seq=10,iters=20,cpuct=1.0,mu=0.9,",8.5,1.0,193.0,1,10,3.0,1,10,83.1,80,5,23160.0,62,5
tc_public_8/input.blif,16,alphasyn,"seq=10,iters=20,cpuct=1.0,mu=0.9,",8.5,1.0,193.0,1,10,3.0,1,10,83.1,80,5,23324.0,78,5
tc_public_8/input.blif,16,alphasyn,"seq=10,iters=20,cpuct=1.0,mu=0.9,",8.5,1.0,193.0,1,10,3.0,1,10,82.89,77,5,23320.0,74,5
tc_public_8/input.blif,16,alphasyn,"seq=10,iters=20,cpuct=1.0,mu=0.9,",8.5,1.0,193.0,1,10,3.0,1,10,82.87,76,5,23160.0,62,5
tc_public_8/input.blif,16,alphasyn,"seq=10,iters=20,cpuct=1.0,mu=0.9,",8.5,1.0,193.0,1,10,3.0,1,10,83.14,83,5,23004.0,61,5
tc_public_8/input.blif,16,alphasyn,"seq=10,iters=20,cpuct=1.0,mu=0.9,",8.5,1.0,193.0,1,10,3.0,1,10,83.56,89,5,23160.0,62,5
tc_public_8/input.blif,16,alphasyn,"seq=10,iters=20,cpuct=1.0,mu=0.9,",8.5,1.0,193.0,1,10,3.0,1,10,83.23,85,5,23324.0,78,5
tc_public_8/input.blif,16,alphasyn,"seq=10,iters=20,cpuct=1.5,mu=0.9,",8.5,1.0,193.0,1,10,3.0,1,10,83.86,90,5,23324.0,78,5
tc_public_8/input.blif,16,alphasyn,"seq=10,iters=20,cpuct=1.5,mu=0.9,",8.5,1.0,193.0,1,10,3.0,1,10,29.75,69,5,23324.0,78,5
tc_public_8/input.blif,16,alphasyn,"seq=10,iters=20,cpuct=1.5,mu=0.9,",8.5,1.0,193.0,1,10,3.0,1,10,29.67,67,5,23480.0,90,5
tc_public_8/input.blif,16,alphasyn,"seq=10,iters=20,cpuct=1.5,mu=0.9,",8.5,1.0,193.0,1,10,3.0,1,10,29.62,66,5,23168.0,70,5
tc_public_8/input.blif,16,alphasyn,"seq=10,iters=20,cpuct=1.5,mu=0.9,",8.5,1.0,193.0,1,10,3.0,1,10,29.5,62,5,23324.0,78,5
tc_public_8/input.blif,16,alphasyn,"seq=10,iters=20,cpuct=1.5,mu=0.9,",8.5,1.0,193.0,1,10,3.0,1,10,29.53,64,5,23164.0,66,5
tc_public_8/input.blif,16,alphasyn,"seq=10,iters=20,cpuct=1.5,mu=0.9,",8.5,1.0,193.0,1,10,3.0,1,10,29.49,61,5,23328.0,87,5
tc_public_8/input.blif,16,alphasyn,"seq=10,iters=20,cpuct=1.5,mu=0.9,",8.5,1.0,193.0,1,10,3.0,1,10,29.72,68,5,23160.0,62,5
tc_public_8/input.blif,16,alphasyn,"seq=10,iters=20,cpuct=1.5,mu=0.9,",8.5,1.0,193.0,1,10,3.0,1,10,29.56,65,5,23324.0,78,5
tc_public_8/input.blif,16,alphasyn,"seq=10,iters=20,cpuct=1.5,mu=0.9,",8.5,1.0,193.0,1,10,3.0,1,10,29.51,63,5,23324.0,78,5
tc_public_8/input.blif,16,baseline_mab,"steps=10,iters=20,ucb_c=0.4,seed=2",8.5,1.0,193.0,1,10,3.0,1,10,0.88,12,5,16972.0,28,5
tc_public_8/input.blif,16,baseline_mab,"steps=10,iters=20,ucb_c=0.4,seed=3",8.5,1.0,193.0,1,10,3.0,1,10,0.88,12,5,16756.0,21,5
tc_public_8/input.blif,16,baseline_mab,"steps=10,iters=20,ucb_c=0.4,seed=4",8.5,1.0,193.0,1,10,3.0,1,10,0.88,12,5,15332.0,8,5
tc_public_8/input.blif,16,baseline_mab,"steps=10,iters=20,ucb_c=0.4,seed=6",8.5,1.0,193.0,1,10,3.0,1,10,0.89,26,5,15332.0,8,5
tc_public_8/input.blif,16,baseline_mab,"steps=10,iters=20,ucb_c=0.4,seed=8",8.5,1.0,193.0,1,10,3.0,1,10,0.88,12,5,16620.0,20,5
tc_public_8/input.blif,16,baseline_mab,"steps=10,iters=20,ucb_c=1.0,seed=2",8.5,1.0,193.0,1,10,3.0,1,10,0.88,12,5,16972.0,28,5
tc_public_8/input.blif,16,baseline_mab,"steps=10,iters=20,ucb_c=1.0,seed=5",8.5,1.0,193.0,1,10,3.0,1,10,0.88,12,5,15468.0,17,5
tc_public_8/input.blif,16,baseline_mab,"steps=10,iters=20,ucb_c=1.0,seed=8",8.5,1.0,193.0,1,10,3.0,1,10,0.88,12,5,16780.0,23,5
tc_public_8/input.blif,16,baseline_mab,"steps=10,iters=20,ucb_c=1.0,seed=9",8.5,1.0,193.0,1,10,3.0,1,10,0.88,12,5,15332.0,8,5
tc_public_8/input.blif,16,baseline_mab,"steps=10,iters=20,ucb_c=1.5,seed=0",8.5,1.0,193.0,1,10,3.0,1,10,0.88,12,5,16932.0,26,5
tc_public_8/input.blif,16,baseline_mab,"steps=10,iters=20,ucb_c=1.5,seed=2",8.5,1.0,193.0,1,10,3.0,1,10,0.88,12,5,17132.0,30,5
tc_public_8/input.blif,16,baseline_mab,"steps=10,iters=20,ucb_c=1.5,seed=4",8.5,1.0,193.0,1,10,3.0,1,10,0.89,26,5,15332.0,8,5
tc_public_8/input.blif,16,baseline_mab,"steps=10,iters=20,ucb_c=1.5,seed=5",8.5,1.0,193.0,1,10,3.0,1,10,0.9,29,5,15468.0,17,5
tc_public_8/input.blif,16,baseline_mab,"steps=10,iters=20,ucb_c=1.5,seed=6",8.5,1.0,193.0,1,10,3.0,1,10,0.88,12,5,15332.0,8,5
tc_public_8/input.blif,16,baseline_mab,"steps=10,iters=20,ucb_c=1.5,seed=8",8.5,1.0,193.0,1,10,3.0,1,10,0.88,12,5,16496.0,19,5
tc_public_8/input.blif,16,baseline_mab_prefix,"steps=10,iters=20,ucb_c=0.2,seed=0",8.5,1.0,193.0,1,10,3.0,1,10,4.75,32,5,21236.0,38,5
tc_public_8/input.blif,16,baseline_mab_prefix,"steps=10,iters=20,ucb_c=0.2,seed=1",8.5,1.0,193.0,1,10,3.0,1,10,4.75,32,5,21240.0,45,5
tc_public_8/input.blif,16,baseline_mab_prefix,"steps=10,iters=20,ucb_c=0.2,seed=2",8.5,1.0,193.0,1,10,3.0,1,10,4.77,34,5,21280.0,51,5
tc_public_8/input.blif,16,baseline_mab_prefix,"steps=10,iters=20,ucb_c=0.2,seed=3",8.5,1.0,193.0,1,10,3.0,1,10,4.72,31,5,21240.0,45,5
tc_public_8/input.blif,16,baseline_mab_prefix,"steps=10,iters=20,ucb_c=0.2,seed=4",8.5,1.0,193.0,1,10,3.0,1,10,6.28,36,5,21120.0,34,5
tc_public_8/input.blif,16,baseline_mab_prefix,"steps=10,iters=20,ucb_c=0.2,seed=5",8.5,1.0,193.0,1,10,3.0,1,10,9.72,41,5,21244.0,49,5
tc_public_8/input.blif,16,baseline_mab_prefix,"steps=10,iters=20,ucb_c=0.2,seed=6",8.5,1.0,193.0,1,10,3.0,1,10,9.03,37,5,21120.0,34,5
tc_public_8/input.blif,16,baseline_mab_prefix,"steps=10,iters=20,ucb_c=0.2,seed=7",8.5,1.0,193.0,1,10,3.0,1,10,10.06,47,5,21120.0,34,5
tc_public_8/input.blif,16,baseline_mab_prefix,"steps=10,iters=20,ucb_c=0.2,seed=8",8.5,1.0,193.0,1,10,3.0,1,10,10.06,47,5,21280.0,51,5
tc_public_8/input.blif,16,baseline_mab_prefix,"steps=10,iters=20,ucb_c=0.2,seed=9",8.5,1.0,193.0,1,10,3.0,1,10,10.23,54,5,21236.0,38,5
tc_public_8/input.blif,16,baseline_mab_prefix,"steps=10,iters=20,ucb_c=0.4,seed=0",8.5,1.0,193.0,1,10,3.0,1,10,9.55,38,5,21280.0,51,5
tc_public_8/input.blif,16,baseline_mab_prefix,"steps=10,iters=20,ucb_c=0.4,seed=1",8.5,1.0,193.0,1,10,3.0,1,10,10.06,47,5,21248.0,50,5
tc_public_8/input.blif,16,baseline_mab_prefix,"steps=10,iters=20,ucb_c=0.4,seed=2",8.5,1.0,193.0,1,10,3.0,1,10,9.61,39,5,21236.0,38,5
tc_public_8/input.blif,16,baseline_mab_prefix,"steps=10,iters=20,ucb_c=0.4,seed=3",8.5,1.0,193.0,1,10,3.0,1,10,10.22,53,5,21280.0,51,5
tc_public_8/input.blif,16,baseline_mab_prefix,"steps=10,iters=20,ucb_c=0.4,seed=4",8.5,1.0,193.0,1,10,3.0,1,10,9.91,42,5,21236.0,38,5
tc_public_8/input.blif,16,baseline_mab_prefix,"steps=10,iters=20,ucb_c=0.4,seed=5",8.5,1.0,193.0,1,10,3.0,1,10,9.98,45,5,21280.0,51,5
tc_public_8/input.blif,16,baseline_mab_prefix,"steps=10,iters=20,ucb_c=0.4,seed=6",8.5,1.0,193.0,1,10,3.0,1,10,9.99,46,5,21236.0,38,5
tc_public_8/input.blif,16,baseline_mab_prefix,"steps=10,iters=20,ucb_c=0.4,seed=7",8.5,1.0,193.0,1,10,3.0,1,10,9.61,39,5,21240.0,45,5
tc_public_8/input.blif,16,baseline_mab_prefix,"steps=10,iters=20,ucb_c=0.4,seed=8",8.5,1.0,193.0,1,10,3.0,1,10,9.97,44,5,21280.0,51,5
tc_public_8/input.blif,16,baseline_mab_prefix,"steps=10,iters=20,ucb_c=0.4,seed=9",8.5,1.0,193.0,1,10,3.0,1,10,6.16,35,5,21280.0,51,5
tc_public_8/input.blif,16,baseline_mab_prefix,"steps=10,iters=20,ucb_c=0.8,seed=0",8.5,1.0,193.0,1,10,3.0,1,10,10.55,59,5,21280.0,51,5
tc_public_8/input.blif,16,baseline_mab_prefix,"steps=10,iters=20,ucb_c=0.8,seed=1",8.5,1.0,193.0,1,10,3.0,1,10,10.42,56,5,21236.0,38,5
tc_public_8/input.blif,16,baseline_mab_prefix,"steps=10,iters=20,ucb_c=0.8,seed=2",8.5,1.0,193.0,1,10,3.0,1,10,10.51,58,5,21280.0,51,5
tc_public_8/input.blif,16,baseline_mab_prefix,"steps=10,iters=20,ucb_c=0.8,seed=3",8.5,1.0,193.0,1,10,3.0,1,10,10.09,51,5,21236.0,38,5
tc_public_8/input.blif,16,baseline_mab_prefix,"steps=10,iters=20,ucb_c=0.8,seed=4",8.5,1.0,193.0,1,10,3.0,1,10,10.39,55,5,21088.0,33,5
tc_public_8/input.blif,16,baseline_mab_prefix,"steps=10,iters=20,ucb_c=0.8,seed=5",8.5,1.0,193.0,1,10,3.0,1,10,9.92,43,5,21240.0,45,5
tc_public_8/input.blif,16,baseline_mab_prefix,"steps=10,iters=20,ucb_c=0.8,seed=6",8.5,1.0,193.0,1,10,3.0,1,10,10.08,50,5,20960.0,31,5
tc_public_8/input.blif,16,baseline_mab_prefix,"steps=10,iters=20,ucb_c=0.8,seed=7",8.5,1.0,193.0,1,10,3.0,1,10,10.1,52,5,21280.0,51,5
tc_public_8/input.blif,16,baseline_mab_prefix,"steps=10,iters=20,ucb_c=0.8,seed=8",8.5,1.0,193.0,1,10,3.0,1,10,11.1,60,5,21076.0,32,5
tc_public_8/input.blif,16,baseline_mab_prefix,"steps=10,iters=20,ucb_c=0.8,seed=9",8.5,1.0,193.0,1,10,3.0,1,10,10.43,57,5,21120.0,34,5
tc_public_9/input.blif,1,baseline_mab,"steps=10,iters=20,ucb_c=0.4,seed=2",9.5,1.0,224.0,1,10,5.0,1,10,0.88,1,10,16992.0,24,5
tc_public_9/input.blif,1,baseline_mab,"steps=10,iters=20,ucb_c=1.0,seed=4",9.5,1.0,224.0,1,10,5.0,1,10,0.88,1,10,16824.0,11,5
tc_public_9/input.blif,1,baseline_mab,"steps=10,iters=20,ucb_c=1.0,seed=8",9.5,1.0,224.0,1,10,5.0,1,10,0.88,1,10,16832.0,12,5
tc_public_9/input.blif,1,baseline_mab,"steps=10,iters=20,ucb_c=1.5,seed=3",9.5,1.0,224.0,1,10,5.0,1,10,0.88,1,10,17088.0,27,5
tc_public_9/input.blif,5,baseline_mab,"steps=10,iters=20,ucb_c=0.4,seed=1",9.2,1.0,224.0,1,10,5.0,1,10,0.89,5,6,15328.0,1,10
tc_public_9/input.blif,6,baseline_mab,"steps=10,iters=20,ucb_c=1.0,seed=1",9.0,1.0,224.0,1,10,5.0,1,10,0.89,5,6,15380.0,3,8
tc_public_9/input.blif,6,baseline_mab,"steps=10,iters=20,ucb_c=1.0,seed=6",9.0,1.0,224.0,1,10,5.0,1,10,0.89,5,6,15380.0,3,8
tc_public_9/input.blif,6,baseline_mab,"steps=10,iters=20,ucb_c=1.5,seed=1",9.0,1.0,224.0,1,10,5.0,1,10,0.89,5,6,15380.0,3,8
tc_public_9/input.blif,6,baseline_mab,"steps=10,iters=20,ucb_c=1.5,seed=6",9.0,1.0,224.0,1,10,5.0,1,10,0.89,5,6,15380.0,3,8
tc_public_9/input.blif,10,baseline_mab,"steps=10,iters=20,ucb_c=1.5,seed=7",8.9,1.0,224.0,1,10,5.0,1,10,0.9,18,5,15376.0,2,9
tc_public_9/input.blif,11,baseline_mab,"steps=10,iters=20,ucb_c=0.4,seed=4",8.7,1.0,224.0,1,10,5.0,1,10,0.89,5,6,16988.0,20,5
tc_public_9/input.blif,11,baseline_mab,"steps=10,iters=20,ucb_c=0.4,seed=7",8.7,1.0,224.0,1,10,5.0,1,10,0.89,5,6,15432.0,8,5
tc_public_9/input.blif,11,baseline_mab,"steps=10,iters=20,ucb_c=0.4,seed=8",8.7,1.0,224.0,1,10,5.0,1,10,0.89,5,6,16988.0,20,5
tc_public_9/input.blif,11,baseline_mab,"steps=10,iters=20,ucb_c=1.0,seed=3",8.7,1.0,224.0,1,10,5.0,1,10,0.89,5,6,17084.0,26,5
tc_public_9/input.blif,11,baseline_mab,"steps=10,iters=20,ucb_c=1.0,seed=5",8.7,1.0,224.0,1,10,5.0,1,10,0.89,5,6,16908.0,16,5
tc_public_9/input.blif,11,baseline_mab,"steps=10,iters=20,ucb_c=1.0,seed=7",8.7,1.0,224.0,1,10,5.0,1,10,0.89,5,6,15432.0,8,5
tc_public_9/input.blif,11,baseline_mab,"steps=10,iters=20,ucb_c=1.0,seed=9",8.7,1.0,224.0,1,10,5.0,1,10,0.89,5,6,16756.0,10,5
tc_public_9/input.blif,11,baseline_mab,"steps=10,iters=20,ucb_c=1.5,seed=0",8.7,1.0,224.0,1,10,5.0,1,10,0.89,5,6,17164.0,30,5
tc_public_9/input.blif,19,alphasyn,"seq=10,iters=20,cpuct=0.5,mu=0.9,",8.5,1.0,224.0,1,10,5.0,1,10,32.26,71,5,23004.0,61,5
tc_public_9/input.blif,19,alphasyn,"seq=10,iters=20,cpuct=0.5,mu=0.9,",8.5,1.0,224.0,1,10,5.0,1,10,64.38,73,5,23324.0,79,5
tc_public_9/input.blif,19,alphasyn,"seq=10,iters=20,cpuct=0.5,mu=0.9,",8.5,1.0,224.0,1,10,5.0,1,10,68.28,74,5,23320.0,74,5
tc_public_9/input.blif,19,alphasyn,"seq=10,iters=20,cpuct=0.5,mu=0.9,",8.5,1.0,224.0,1,10,5.0,1,10,68.59,75,5,23324.0,79,5
tc_public_9/input.blif,19,alphasyn,"seq=10,iters=20,cpuct=0.5,mu=0.9,",8.5,1.0,224.0,1,10,5.0,1,10,63.59,72,5,23324.0,79,5
tc_public_9/input.blif,19,alphasyn,"seq=10,iters=20,cpuct=0.5,mu=0.9,",8.5,1.0,224.0,1,10,5.0,1,10,29.85,69,5,23164.0,68,5
tc_public_9/input.blif,19,alphasyn,"seq=10,iters=20,cpuct=0.5,mu=0.9,",8.5,1.0,224.0,1,10,5.0,1,10,83.66,85,5,23032.0,63,5
tc_public_9/input.blif,19,alphasyn,"seq=10,iters=20,cpuct=0.5,mu=0.9,",8.5,1.0,224.0,1,10,5.0,1,10,83.45,82,5,23324.0,79,5
tc_public_9/input.blif,19,alphasyn,"seq=10,iters=20,cpuct=0.5,mu=0.9,",8.5,1.0,224.0,1,10,5.0,1,10,84.18,89,5,23160.0,64,5
tc_public_9/input.blif,19,alphasyn,"seq=10,iters=20,cpuct=0.5,mu=0.9,",8.5,1.0,224.0,1,10,5.0,1,10,83.45,82,5,23328.0,86,5
tc_public_9/input.blif,19,alphasyn,"seq=10,iters=20,cpuct=1.0,mu=0.9,",8.5,1.0,224.0,1,10,5.0,1,10,84.02,88,5,23164.0,68,5
tc_public_9/input.blif,19,alphasyn,"seq=10,iters=20,cpuct=1.0,mu=0.9,",8.5,1.0,224.0,1,10,5.0,1,10,83.17,77,5,23324.0,79,5
tc_public_9/input.blif,19,alphasyn,"seq=10,iters=20,cpuct=1.0,mu=0.9,",8.5,1.0,224.0,1,10,5.0,1,10,83.27,80,5,23320.0,74,5
tc_public_9/input.blif,19,alphasyn,"seq=10,iters=20,cpuct=1.0,mu=0.9,",8.5,1.0,224.0,1,10,5.0,1,10,83.49,84,5,23320.0,74,5
tc_public_9/input.blif,19,alphasyn,"seq=10,iters=20,cpuct=1.0,mu=0.9,",8.5,1.0,224.0,1,10,5.0,1,10,83.28,81,5,23160.0,64,5
tc_public_9/input.blif,19,alphasyn,"seq=10,iters=20,cpuct=1.0,mu=0.9,",8.5,1.0,224.0,1,10,5.0,1,10,83.11,76,5,23484.0,90,5
tc_public_9/input.blif,19,alphasyn,"seq=10,iters=20,cpuct=1.0,mu=0.9,",8.5,1.0,224.0,1,10,5.0,1,10,83.22,78,5,23160.0,64,5
tc_public_9/input.blif,19,alphasyn,"seq=10,iters=20,cpuct=1.0,mu=0.9,",8.5,1.0,224.0,1,10,5.0,1,10,83.96,87,5,23320.0,74,5
tc_public_9/input.blif,19,alphasyn,"seq=10,iters=20,cpuct=1.0,mu=0.9,",8.5,1.0,224.0,1,10,5.0,1,10,84.28,90,5,23328.0,86,5
tc_public_9/input.blif,19,alphasyn,"seq=10,iters=20,cpuct=1.0,mu=0.9,",8.5,1.0,224.0,1,10,5.0,1,10,83.95,86,5,23164.0,68,5
tc_public_9/input.blif,19,alphasyn,"seq=10,iters=20,cpuct=1.5,mu=0.9,",8.5,1.0,224.0,1,10,5.0,1,10,83.26,79,5,23476.0,89,5
tc_public_9/input.blif,19,alphasyn,"seq=10,iters=20,cpuct=1.5,mu=0.9,",8.5,1.0,224.0,1,10,5.0,1,10,29.66,67,5,23008.0,62,5
tc_public_9/input.blif,19,alphasyn,"seq=10,iters=20,cpuct=1.5,mu=0.9,",8.5,1.0,224.0,1,10,5.0,1,10,29.59,64,5,23164.0,68,5
tc_public_9/input.blif,19,alphasyn,"seq=10,iters=20,cpuct=1.5,mu=0.9,",8.5,1.0,224.0,1,10,5.0,1,10,29.5,62,5,23320.0,74,5
tc_public_9/input.blif,19,alphasyn,"seq=10,iters=20,cpuct=1.5,mu=0.9,",8.5,1.0,224.0,1,10,5.0,1,10,29.5,62,5,23160.0,64,5
tc_public_9/input.blif,19,alphasyn,"seq=10,iters=20,cpuct=1.5,mu=0.9,",8.5,1.0,224.0,1,10,5.0,1,10,29.72,68,5,23328.0,86,5
tc_public_9/input.blif,19,alphasyn,"seq=10,iters=20,cpuct=1.5,mu=0.9,",8.5,1.0,224.0,1,10,5.0,1,10,29.61,65,5,23164.0,68,5
tc_public_9/input.blif,19,alphasyn,"seq=10,iters=20,cpuct=1.5,mu=0.9,",8.5,1.0,224.0,1,10,5.0,1,10,29.65,66,5,23324.0,79,5
tc_public_9/input.blif,19,alphasyn,"seq=10,iters=20,cpuct=1.5,mu=0.9,",8.5,1.0,224.0,1,10,5.0,1,10,29.35,61,5,23164.0,68,5
tc_public_9/input.blif,19,alphasyn,"seq=10,iters=20,cpuct=1.5,mu=0.9,",8.5,1.0,224.0,1,10,5.0,1,10,30.22,70,5,23324.0,79,5
tc_public_9/input.blif,19,baseline_mab,"steps=10,iters=20,ucb_c=0.4,seed=0",8.5,1.0,224.0,1,10,5.0,1,10,0.9,18,5,17160.0,29,5
tc_public_9/input.blif,19,baseline_mab,"steps=10,iters=20,ucb_c=0.4,seed=3",8.5,1.0,224.0,1,10,5.0,1,10,0.91,27,5,16928.0,19,5
tc_public_9/input.blif,19,baseline_mab,"steps=10,iters=20,ucb_c=0.4,seed=5",8.5,1.0,224.0,1,10,5.0,1,10,0.91,27,5,16904.0,15,5
tc_public_9/input.blif,19,baseline_mab,"steps=10,iters=20,ucb_c=0.4,seed=6",8.5,1.0,224.0,1,10,5.0,1,10,0.9,18,5,15388.0,7,5
tc_public_9/input.blif,19,baseline_mab,"steps=10,iters=20,ucb_c=0.4,seed=9",8.5,1.0,224.0,1,10,5.0,1,10,0.9,18,5,16916.0,18,5
tc_public_9/input.blif,19,baseline_mab,"steps=10,iters=20,ucb_c=1.0,seed=0",8.5,1.0,224.0,1,10,5.0,1,10,0.9,18,5,16848.0,14,5
tc_public_9/input.blif,19,baseline_mab,"steps=10,iters=20,ucb_c=1.0,seed=2",8.5,1.0,224.0,1,10,5.0,1,10,0.9,18,5,16832.0,12,5
tc_public_9/input.blif,19,baseline_mab,"steps=10,iters=20,ucb_c=1.5,seed=2",8.5,1.0,224.0,1,10,5.0,1,10,0.9,18,5,16988.0,20,5
tc_public_9/input.blif,19,baseline_mab,"steps=10,iters=20,ucb_c=1.5,seed=4",8.5,1.0,224.0,1,10,5.0,1,10,0.91,27,5,17148.0,28,5
tc_public_9/input.blif,19,baseline_mab,"steps=10,iters=20,ucb_c=1.5,seed=5",8.5,1.0,224.0,1,10,5.0,1,10,0.9,18,5,16908.0,16,5
tc_public_9/input.blif,19,baseline_mab,"steps=10,iters=20,ucb_c=1.5,seed=8",8.5,1.0,224.0,1,10,5.0,1,10,0.91,27,5,16988.0,20,5
tc_public_9/input.blif,19,baseline_mab,"steps=10,iters=20,ucb_c=1.5,seed=9",8.5,1.0,224.0,1,10,5.0,1,10,0.9,18,5,17080.0,25,5
tc_public_9/input.blif,19,baseline_mab_prefix,"steps=10,iters=20,ucb_c=0.2,seed=0",8.5,1.0,224.0,1,10,5.0,1,10,4.75,32,5,21244.0,53,5
tc_public_9/input.blif,19,baseline_mab_prefix,"steps=10,iters=20,ucb_c=0.2,seed=1",8.5,1.0,224.0,1,10,5.0,1,10,4.77,34,5,21120.0,34,5
tc_public_9/input.blif,19,baseline_mab_prefix,"steps=10,iters=20,ucb_c=0.2,seed=2",8.5,1.0,224.0,1,10,5.0,1,10,4.76,33,5,21236.0,37,5
tc_public_9/input.blif,19,baseline_mab_prefix,"steps=10,iters=20,ucb_c=0.2,seed=3",8.5,1.0,224.0,1,10,5.0,1,10,4.72,31,5,21236.0,37,5
tc_public_9/input.blif,19,baseline_mab_prefix,"steps=10,iters=20,ucb_c=0.2,seed=4",8.5,1.0,224.0,1,10,5.0,1,10,5.93,35,5,21236.0,37,5
tc_public_9/input.blif,19,baseline_mab_prefix,"steps=10,iters=20,ucb_c=0.2,seed=5",8.5,1.0,224.0,1,10,5.0,1,10,9.92,46,5,21236.0,37,5
tc_public_9/input.blif,19,baseline_mab_prefix,"steps=10,iters=20,ucb_c=0.2,seed=6",8.5,1.0,224.0,1,10,5.0,1,10,9.59,38,5,21236.0,37,5
tc_public_9/input.blif,19,baseline_mab_prefix,"steps=10,iters=20,ucb_c=0.2,seed=7",8.5,1.0,224.0,1,10,5.0,1,10,10.27,51,5,21236.0,37,5
tc_public_9/input.blif,19,baseline_mab_prefix,"steps=10,iters=20,ucb_c=0.2,seed=8",8.5,1.0,224.0,1,10,5.0,1,10,10.32,54,5,21240.0,49,5
tc_public_9/input.blif,19,baseline_mab_prefix,"steps=10,iters=20,ucb_c=0.2,seed=9",8.5,1.0,224.0,1,10,5.0,1,10,10.29,52,5,21280.0,55,5
tc_public_9/input.blif,19,baseline_mab_prefix,"steps=10,iters=20,ucb_c=0.4,seed=0",8.5,1.0,224.0,1,10,5.0,1,10,9.79,43,5,21076.0,31,5
tc_public_9/input.blif,19,baseline_mab_prefix,"steps=10,iters=20,ucb_c=0.4,seed=1",8.5,1.0,224.0,1,10,5.0,1,10,9.79,43,5,21280.0,55,5
tc_public_9/input.blif,19,baseline_mab_prefix,"steps=10,iters=20,ucb_c=0.4,seed=2",8.5,1.0,224.0,1,10,5.0,1,10,9.75,42,5,21236.0,37,5
tc_public_9/input.blif,19,baseline_mab_prefix,"steps=10,iters=20,ucb_c=0.4,seed=3",8.5,1.0,224.0,1,10,5.0,1,10,8.92,37,5,21236.0,37,5
tc_public_9/input.blif,19,baseline_mab_prefix,"steps=10,iters=20,ucb_c=0.4,seed=4",8.5,1.0,224.0,1,10,5.0,1,10,9.71,41,5,21236.0,37,5
tc_public_9/input.blif,19,baseline_mab_prefix,"steps=10,iters=20,ucb_c=0.4,seed=5",8.5,1.0,224.0,1,10,5.0,1,10,9.65,40,5,21236.0,37,5
tc_public_9/input.blif,19,baseline_mab_prefix,"steps=10,iters=20,ucb_c=0.4,seed=6",8.5,1.0,224.0,1,10,5.0,1,10,10.18,48,5,21280.0,55,5
tc_public_9/input.blif,19,baseline_mab_prefix,"steps=10,iters=20,ucb_c=0.4,seed=7",8.5,1.0,224.0,1,10,5.0,1,10,9.61,39,5,21120.0,34,5
tc_public_9/input.blif,19,baseline_mab_prefix,"steps=10,iters=20,ucb_c=0.4,seed=8",8.5,1.0,224.0,1,10,5.0,1,10,10.45,56,5,21280.0,55,5
tc_public_9/input.blif,19,baseline_mab_prefix,"steps=10,iters=20,ucb_c=0.4,seed=9",8.5,1.0,224.0,1,10,5.0,1,10,6.35,36,5,21076.0,31,5
tc_public_9/input.blif,19,baseline_mab_prefix,"steps=10,iters=20,ucb_c=0.8,seed=0",8.5,1.0,224.0,1,10,5.0,1,10,10.39,55,5,21240.0,49,5
tc_public_9/input.blif,19,baseline_mab_prefix,"steps=10,iters=20,ucb_c=0.8,seed=1",8.5,1.0,224.0,1,10,5.0,1,10,10.3,53,5,21120.0,34,5
tc_public_9/input.blif,19,baseline_mab_prefix,"steps=10,iters=20,ucb_c=0.8,seed=2",8.5,1.0,224.0,1,10,5.0,1,10,10.1,47,5,21240.0,49,5
tc_public_9/input.blif,19,baseline_mab_prefix,"steps=10,iters=20,ucb_c=0.8,seed=3",8.5,1.0,224.0,1,10,5.0,1,10,10.21,50,5,21236.0,37,5
tc_public_9/input.blif,19,baseline_mab_prefix,"steps=10,iters=20,ucb_c=0.8,seed=4",8.5,1.0,224.0,1,10,5.0,1,10,10.73,59,5,21240.0,49,5
tc_public_9/input.blif,19,baseline_mab_prefix,"steps=10,iters=20,ucb_c=0.8,seed=5",8.5,1.0,224.0,1,10,5.0,1,10,9.85,45,5,21280.0,55,5
tc_public_9/input.blif,19,baseline_mab_prefix,"steps=10,iters=20,ucb_c=0.8,seed=6",8.5,1.0,224.0,1,10,5.0,1,10,10.63,58,5,21084.0,33,5
tc_public_9/input.blif,19,baseline_mab_prefix,"steps=10,iters=20,ucb_c=0.8,seed=7",8.5,1.0,224.0,1,10,5.0,1,10,10.18,48,5,21244.0,53,5
tc_public_9/input.blif,19,baseline_mab_prefix,"steps=10,iters=20,ucb_c=0.8,seed=8",8.5,1.0,224.0,1,10,5.0,1,10,11.3,60,5,21236.0,37,5
tc_public_9/input.blif,19,baseline_mab_prefix,"steps=10,iters=20,ucb_c=0.8,seed=9",8.5,1.0,224.0,1,10,5.0,1,10,10.49,57,5,21280.0,55,5
tc_public_10/input.blif,1,baseline_mab,"steps=10,iters=20,ucb_c=0.4,seed=4",9.5,1.0,161.0,1,10,4.0,1,10,0.82,1,10,16460.0,19,5
tc_public_10/input.blif,2,baseline_mab,"steps=10,iters=20,ucb_c=0.4,seed=2",9.4,1.0,161.0,1,10,4.0,1,10,0.85,4,7,15164.0,1,10
tc_public_10/input.blif,2,baseline_mab,"steps=10,iters=20,ucb_c=1.0,seed=5",9.4,1.0,161.0,1,10,4.0,1,10,0.84,2,9,15276.0,5,6
tc_public_10/input.blif,4,baseline_mab,"steps=10,iters=20,ucb_c=0.4,seed=8",9.3,1.0,161.0,1,10,4.0,1,10,0.85,4,7,15212.0,2,9
tc_public_10/input.blif,4,baseline_mab,"steps=10,iters=20,ucb_c=1.5,seed=0",9.3,1.0,161.0,1,10,4.0,1,10,0.84,2,9,16428.0,17,5
tc_public_10/input.blif,6,baseline_mab,"steps=10,iters=20,ucb_c=1.5,seed=5",9.2,1.0,161.0,1,10,4.0,1,10,0.85,4,7,15220.0,3,8
tc_public_10/input.blif,7,baseline_mab,"steps=10,iters=20,ucb_c=0.4,seed=3",8.9,1.0,161.0,1,10,4.0,1,10,0.85,4,7,16556.0,26,5
tc_public_10/input.blif,7,baseline_mab,"steps=10,iters=20,ucb_c=0.4,seed=5",8.9,1.0,161.0,1,10,4.0,1,10,0.85,4,7,16208.0,13,5
tc_public_10/input.blif,7,baseline_mab,"steps=10,iters=20,ucb_c=1.0,seed=0",8.9,1.0,161.0,1,10,4.0,1,10,0.85,4,7,16244.0,14,5
tc_public_10/input.blif,7,baseline_mab,"steps=10,iters=20,ucb_c=1.0,seed=1",8.9,1.0,161.0,1,10,4.0,1,10,0.85,4,7,16484.0,24,5
tc_public_10/input.blif,7,baseline_mab,"steps=10,iters=20,ucb_c=1.0,seed=4",8.9,1.0,161.0,1,10,4.0,1,10,0.85,4,7,16572.0,27,5
tc_public_10/input.blif,7,baseline_mab,"steps=10,iters=20,ucb_c=1.0,seed=6",8.9,1.0,161.0,1,10,4.0,1,10,0.85,4,7,15280.0,6,5
tc_public_10/input.blif,7,baseline_mab,"steps=10,iters=20,ucb_c=1.0,seed=8",8.9,1.0,161.0,1,10,4.0,1,10,0.85,4,7,15296.0,11,5
tc_public_10/input.blif,7,baseline_mab,"steps=10,iters=20,ucb_c=1.0,seed=9",8.9,1.0,161.0,1,10,4.0,1,10,0.85,4,7,16464.0,21,5
tc_public_10/input.blif,7,baseline_mab,"steps=10,iters=20,ucb_c=1.5,seed=4",8.9,1.0,161.0,1,10,4.0,1,10,0.85,4,7,16480.0,22,5
tc_public_10/input.blif,16,baseline_mab,"steps=10,iters=20,ucb_c=0.4,seed=1",8.7,1.0,161.0,1,10,4.0,1,10,0.86,16,5,15272.0,4,7
tc_public_10/input.blif,17,alphasyn,"seq=10,iters=20,cpuct=0.5,mu=0.9,",8.5,1.0,161.0,1,10,4.0,1,10,31.98,71,5,23320.0,72,5
tc_public_10/input.blif,17,alphasyn,"seq=10,iters=20,cpuct=0.5,mu=0.9,",8.5,1.0,161.0,1,10,4.0,1,10,65.03,73,5,23160.0,63,5
tc_public_10/input.blif,17,alphasyn,"seq=10,iters=20,cpuct=0.5,mu=0.9,",8.5,1.0,161.0,1,10,4.0,1,10,67.85,75,5,23320.0,72,5
tc_public_10/input.blif,17,alphasyn,"seq=10,iters=20,cpuct=0.5,mu=0.9,",8.5,1.0,161.0,1,10,4.0,1,10,65.06,74,5,23160.0,63,5
tc_public_10/input.blif,17,alphasyn,"seq=10,iters=20,cpuct=0.5,mu=0.9,",8.5,1.0,161.0,1,10,4.0,1,10,63.64,72,5,23480.0,86,5
tc_public_10/input.blif,17,alphasyn,"seq=10,iters=20,cpuct=0.5,mu=0.9,",8.5,1.0,161.0,1,10,4.0,1,10,29.28,61,5,23328.0,85,5
tc_public_10/input.blif,17,alphasyn,"seq=10,iters=20,cpuct=0.5,mu=0.9,",8.5,1.0,161.0,1,10,4.0,1,10,83.18,85,5,23040.0,62,5
tc_public_10/input.blif,17,alphasyn,"seq=10,iters=20,cpuct=0.5,mu=0.9,",8.5,1.0,161.0,1,10,4.0,1,10,83.07,82,5,23168.0,70,5
tc_public_10/input.blif,17,alphasyn,"seq=10,iters=20,cpuct=0.5,mu=0.9,",8.5,1.0,161.0,1,10,4.0,1,10,83.75,90,5,23164.0,67,5
tc_public_10/input.blif,17,alphasyn,"seq=10,iters=20,cpuct=0.5,mu=0.9,",8.5,1.0,161.0,1,10,4.0,1,10,82.88,77,5,23320.0,72,5
tc_public_10/input.blif,17,alphasyn,"seq=10,iters=20,cpuct=1.0,mu=0.9,",8.5,1.0,161.0,1,10,4.0,1,10,83.1,83,5,23160.0,63,5
tc_public_10/input.blif,17,alphasyn,"seq=10,iters=20,cpuct=1.0,mu=0.9,",8.5,1.0,161.0,1,10,4.0,1,10,83.44,87,5,23484.0,87,5
tc_public_10/input.blif,17,alphasyn,"seq=10,iters=20,cpuct=1.0,mu=0.9,",8.5,1.0,161.0,1,10,4.0,1,10,82.99,81,5,23320.0,72,5
tc_public_10/input.blif,17,alphasyn,"seq=10,iters=20,cpuct=1.0,mu=0.9,",8.5,1.0,161.0,1,10,4.0,1,10,82.92,78,5,23324.0,81,5
tc_public_10/input.blif,17,alphasyn,"seq=10,iters=20,cpuct=1.0,mu=0.9,",8.5,1.0,161.0,1,10,4.0,1,10,82.93,80,5,23164.0,67,5
tc_public_10/input.blif,17,alphasyn,"seq=10,iters=20,cpuct=1.0,mu=0.9,",8.5,1.0,161.0,1,10,4.0,1,10,83.23,86,5,23320.0,72,5
tc_public_10/input.blif,17,alphasyn,"seq=10,iters=20,cpuct=1.0,mu=0.9,",8.5,1.0,161.0,1,10,4.0,1,10,82.8,76,5,23324.0,81,5
tc_public_10/input.blif,17,alphasyn,"seq=10,iters=20,cpuct=1.0,mu=0.9,",8.5,1.0,161.0,1,10,4.0,1,10,83.17,84,5,23488.0,89,5
tc_public_10/input.blif,17,alphasyn,"seq=10,iters=20,cpuct=1.0,mu=0.9,",8.5,1.0,161.0,1,10,4.0,1,10,83.62,88,5,23320.0,72,5
tc_public_10/input.blif,17,alphasyn,"seq=10,iters=20,cpuct=1.0,mu=0.9,",8.5,1.0,161.0,1,10,4.0,1,10,83.67,89,5,23324.0,81,5
tc_public_10/input.blif,17,alphasyn,"seq=10,iters=20,cpuct=1.5,mu=0.9,",8.5,1.0,161.0,1,10,4.0,1,10,82.92,78,5,23484.0,87,5
tc_public_10/input.blif,17,alphasyn,"seq=10,iters=20,cpuct=1.5,mu=0.9,",8.5,1.0,161.0,1,10,4.0,1,10,29.56,67,5,23320.0,72,5
tc_public_10/input.blif,17,alphasyn,"seq=10,iters=20,cpuct=1.5,mu=0.9,",8.5,1.0,161.0,1,10,4.0,1,10,29.51,65,5,23004.0,61,5
tc_public_10/input.blif,17,alphasyn,"seq=10,iters=20,cpuct=1.5,mu=0.9,",8.5,1.0,161.0,1,10,4.0,1,10,29.3,63,5,23320.0,72,5
tc_public_10/input.blif,17,alphasyn,"seq=10,iters=20,cpuct=1.5,mu=0.9,",8.5,1.0,161.0,1,10,4.0,1,10,29.67,68,5,23168.0,70,5
tc_public_10/input.blif,17,alphasyn,"seq=10,iters=20,cpuct=1.5,mu=0.9,",8.5,1.0,161.0,1,10,4.0,1,10,29.53,66,5,23164.0,67,5
tc_public_10/input.blif,17,alphasyn,"seq=10,iters=20,cpuct=1.5,mu=0.9,",8.5,1.0,161.0,1,10,4.0,1,10,29.4,64,5,23324.0,81,5
tc_public_10/input.blif,17,alphasyn,"seq=10,iters=20,cpuct=1.5,mu=0.9,",8.5,1.0,161.0,1,10,4.0,1,10,29.28,61,5,23640.0,90,5
tc_public_10/input.blif,17,alphasyn,"seq=10,iters=20,cpuct=1.5,mu=0.9,",8.5,1.0,161.0,1,10,4.0,1,10,29.67,68,5,23160.0,63,5
tc_public_10/input.blif,17,alphasyn,"seq=10,iters=20,cpuct=1.5,mu=0.9,",8.5,1.0,161.0,1,10,4.0,1,10,30.34,70,5,23320.0,72,5
tc_public_10/input.blif,17,baseline_mab,"steps=10,iters=20,ucb_c=0.4,seed=0",8.5,1.0,161.0,1,10,4.0,1,10,0.87,22,5,16480.0,22,5
tc_public_10/input.blif,17,baseline_mab,"steps=10,iters=20,ucb_c=0.4,seed=6",8.5,1.0,161.0,1,10,4.0,1,10,0.88,28,5,15284.0,7,5
tc_public_10/input.blif,17,baseline_mab,"steps=10,iters=20,ucb_c=0.4,seed=7",8.5,1.0,161.0,1,10,4.0,1,10,0.87,22,5,16456.0,18,5
tc_public_10/input.blif,17,baseline_mab,"steps=10,iters=20,ucb_c=0.4,seed=9",8.5,1.0,161.0,1,10,4.0,1,10,0.87,22,5,16588.0,29,5
tc_public_10/input.blif,17,baseline_mab,"steps=10,iters=20,ucb_c=1.0,seed=2",8.5,1.0,161.0,1,10,4.0,1,10,0.87,22,5,15284.0,7,5
tc_public_10/input.blif,17,baseline_mab,"steps=10,iters=20,ucb_c=1.0,seed=3",8.5,1.0,161.0,1,10,4.0,1,10,0.86,16,5,16496.0,25,5
tc_public_10/input.blif,17,baseline_mab,"steps=10,iters=20,ucb_c=1.0,seed=7",8.5,1.0,161.0,1,10,4.0,1,10,0.86,16,5,15284.0,7,5
tc_public_10/input.blif,17,baseline_mab,"steps=10,iters=20,ucb_c=1.5,seed=1",8.5,1.0,161.0,1,10,4.0,1,10,0.86,16,5,15292.0,10,5
tc_public_10/input.blif,17,baseline_mab,"steps=10,iters=20,ucb_c=1.5,seed=2",8.5,1.0,161.0,1,10,4.0,1,10,0.87,22,5,16584.0,28,5
tc_public_10/input.blif,17,baseline_mab,"steps=10,iters=20,ucb_c=1.5,seed=3",8.5,1.0,161.0,1,10,4.0,1,10,0.86,16,5,16244.0,14,5
tc_public_10/input.blif,17,baseline_mab,"steps=10,iters=20,ucb_c=1.5,seed=6",8.5,1.0,161.0,1,10,4.0,1,10,0.86,16,5,16460.0,19,5
tc_public_10/input.blif,17,baseline_mab,"steps=10,iters=20,ucb_c=1.5,seed=7",8.5,1.0,161.0,1,10,4.0,1,10,0.87,22,5,16164.0,12,5
tc_public_10/input.blif,17,baseline_mab,"steps=10,iters=20,ucb_c=1.5,seed=8",8.5,1.0,161.0,1,10,4.0,1,10,0.88,28,5,16424.0,16,5
tc_public_10/input.blif,17,baseline_mab,"steps=10,iters=20,ucb_c=1.5,seed=9",8.5,1.0,161.0,1,10,4.0,1,10,0.89,30,5,16700.0,30,5
tc_public_10/input.blif,17,baseline_mab_prefix,"steps=10,iters=20,ucb_c=0.2,seed=0",8.5,1.0,161.0,1,10,4.0,1,10,4.78,34,5,21120.0,36,5
tc_public_10/input.blif,17,baseline_mab_prefix,"steps=10,iters=20,ucb_c=0.2,seed=1",8.5,1.0,161.0,1,10,4.0,1,10,4.58,31,5,21236.0,39,5
tc_public_10/input.blif,17,baseline_mab_prefix,"steps=10,iters=20,ucb_c=0.2,seed=2",8.5,1.0,161.0,1,10,4.0,1,10,4.66,32,5,21244.0,50,5
tc_public_10/input.blif,17,baseline_mab_prefix,"steps=10,iters=20,ucb_c=0.2,seed=3",8.5,1.0,161.0,1,10,4.0,1,10,4.67,33,5,21280.0,53,5
tc_public_10/input.blif,17,baseline_mab_prefix,"steps=10,iters=20,ucb_c=0.2,seed=4",8.5,1.0,161.0,1,10,4.0,1,10,5.98,36,5,21244.0,50,5
tc_public_10/input.blif,17,baseline_mab_prefix,"steps=10,iters=20,ucb_c=0.2,seed=5",8.5,1.0,161.0,1,10,4.0,1,10,9.74,43,5,21280.0,53,5
tc_public_10/input.blif,17,baseline_mab_prefix,"steps=10,iters=20,ucb_c=0.2,seed=6",8.5,1.0,161.0,1,10,4.0,1,10,9.65,39,5,21240.0,46,5
tc_public_10/input.blif,17,baseline_mab_prefix,"steps=10,iters=20,ucb_c=0.2,seed=7",8.5,1.0,161.0,1,10,4.0,1,10,9.81,48,5,21076.0,31,5
tc_public_10/input.blif,17,baseline_mab_prefix,"steps=10,iters=20,ucb_c=0.2,seed=8",8.5,1.0,161.0,1,10,4.0,1,10,10.12,50,5,21236.0,39,5
tc_public_10/input.blif,17,baseline_mab_prefix,"steps=10,iters=20,ucb_c=0.2,seed=9",8.5,1.0,161.0,1,10,4.0,1,10,9.69,40,5,21240.0,46,5
tc_public_10/input.blif,17,baseline_mab_prefix,"steps=10,iters=20,ucb_c=0.4,seed=0",8.5,1.0,161.0,1,10,4.0,1,10,9.74,43,5,21280.0,53,5
tc_public_10/input.blif,17,baseline_mab_prefix,"steps=10,iters=20,ucb_c=0.4,seed=1",8.5,1.0,161.0,1,10,4.0,1,10,9.54,38,5,21076.0,31,5
tc_public_10/input.blif,17,baseline_mab_prefix,"steps=10,iters=20,ucb_c=0.4,seed=2",8.5,1.0,161.0,1,10,4.0,1,10,9.77,46,5,21280.0,53,5
tc_public_10/input.blif,17,baseline_mab_prefix,"steps=10,iters=20,ucb_c=0.4,seed=3",8.5,1.0,161.0,1,10,4.0,1,10,7.38,37,5,21076.0,31,5
tc_public_10/input.blif,17,baseline_mab_prefix,"steps=10,iters=20,ucb_c=0.4,seed=4",8.5,1.0,161.0,1,10,4.0,1,10,9.69,40,5,21280.0,53,5
tc_public_10/input.blif,17,baseline_mab_prefix,"steps=10,iters=20,ucb_c=0.4,seed=5",8.5,1.0,161.0,1,10,4.0,1,10,9.92,49,5,21396.0,60,5
tc_public_10/input.blif,17,baseline_mab_prefix,"steps=10,iters=20,ucb_c=0.4,seed=6",8.5,1.0,161.0,1,10,4.0,1,10,9.73,42,5,21120.0,36,5
tc_public_10/input.blif,17,baseline_mab_prefix,"steps=10,iters=20,ucb_c=0.4,seed=7",8.5,1.0,161.0,1,10,4.0,1,10,10.12,50,5,21236.0,39,5
tc_public_10/input.blif,17,baseline_mab_prefix,"steps=10,iters=20,ucb_c=0.4,seed=8",8.5,1.0,161.0,1,10,4.0,1,10,9.76,45,5,21236.0,39,5
tc_public_10/input.blif,17,baseline_mab_prefix,"steps=10,iters=20,ucb_c=0.4,seed=9",8.5,1.0,161.0,1,10,4.0,1,10,5.88,35,5,21076.0,31,5
tc_public_10/input.blif,17,baseline_mab_prefix,"steps=10,iters=20,ucb_c=0.8,seed=0",8.5,1.0,161.0,1,10,4.0,1,10,10.2,53,5,21120.0,36,5
tc_public_10/input.blif,17,baseline_mab_prefix,"steps=10,iters=20,ucb_c=0.8,seed=1",8.5,1.0,161.0,1,10,4.0,1,10,10.22,54,5,21240.0,46,5
tc_public_10/input.blif,17,baseline_mab_prefix,"steps=10,iters=20,ucb_c=0.8,seed=2",8.5,1.0,161.0,1,10,4.0,1,10,9.79,47,5,21236.0,39,5
tc_public_10/input.blif,17,baseline_mab_prefix,"steps=10,iters=20,ucb_c=0.8,seed=3",8.5,1.0,161.0,1,10,4.0,1,10,10.34,56,5,21240.0,46,5
tc_public_10/input.blif,17,baseline_mab_prefix,"steps=10,iters=20,ucb_c=0.8,seed=4",8.5,1.0,161.0,1,10,4.0,1,10,10.45,57,5,21244.0,50,5
tc_public_10/input.blif,17,baseline_mab_prefix,"steps=10,iters=20,ucb_c=0.8,seed=5",8.5,1.0,161.0,1,10,4.0,1,10,10.14,52,5,21280.0,53,5
tc_public_10/input.blif,17,baseline_mab_prefix,"steps=10,iters=20,ucb_c=0.8,seed=6",8.5,1.0,161.0,1,10,4.0,1,10,10.45,57,5,21076.0,31,5
tc_public_10/input.blif,17,baseline_mab_prefix,"steps=10,iters=20,ucb_c=0.8,seed=7",8.5,1.0,161.0,1,10,4.0,1,10,10.24,55,5,21236.0,39,5
tc_public_10/input.blif,17,baseline_mab_prefix,"steps=10,iters=20,ucb_c=0.8,seed=8",8.5,1.0,161.0,1,10,4.0,1,10,10.65,60,5,21280.0,53,5
tc_public_10/input.blif,17,baseline_mab_prefix,"steps=10,iters=20,ucb_c=0.8,seed=9",8.5,1.0,161.0,1,10,4.0,1,10,10.45,57,5,21236.0,39,5
tc_public_11/input.blif,1,baseline_mab,"steps=10,iters=20,ucb_c=0.4,seed=2",9.6,1.0,1064.0,1,10,6.0,1,10,1.15,3,8,15644.0,1,10
tc_public_11/input.blif,2,baseline_mab,"steps=10,iters=20,ucb_c=0.4,seed=8",9.5,1.0,1064.0,1,10,6.0,1,10,1.14,1,10,15676.0,18,5
tc_public_11/input.blif,2,baseline_mab,"steps=10,iters=20,ucb_c=1.0,seed=0",9.5,1.0,1064.0,1,10,6.0,1,10,1.14,1,10,15680.0,24,5
tc_public_11/input.blif,4,baseline_mab,"steps=10,iters=20,ucb_c=1.0,seed=4",9.2,1.0,1064.0,1,10,6.0,1,10,1.15,3,8,15656.0,5,6
tc_public_11/input.blif,4,baseline_mab,"steps=10,iters=20,ucb_c=1.5,seed=7",9.2,1.0,1064.0,1,10,6.0,1,10,1.15,3,8,15656.0,5,6
tc_public_11/input.blif,6,baseline_mab,"steps=10,iters=20,ucb_c=0.4,seed=1",9.1,1.0,1064.0,1,10,6.0,1,10,1.15,3,8,15668.0,12,5
tc_public_11/input.blif,6,baseline_mab,"steps=10,iters=20,ucb_c=0.4,seed=7",9.1,1.0,1064.0,1,10,6.0,1,10,1.15,3,8,15664.0,10,5
tc_public_11/input.blif,6,baseline_mab,"steps=10,iters=20,ucb_c=1.0,seed=5",9.1,1.0,1064.0,1,10,6.0,1,10,1.15,3,8,15676.0,18,5
tc_public_11/input.blif,6,baseline_mab,"steps=10,iters=20,ucb_c=1.0,seed=9",9.1,1.0,1064.0,1,10,6.0,1,10,1.15,3,8,15680.0,24,5
tc_public_11/input.blif,6,baseline_mab,"steps=10,iters=20,ucb_c=1.5,seed=1",9.1,1.0,1064.0,1,10,6.0,1,10,1.15,3,8,15672.0,16,5
tc_public_11/input.blif,11,baseline_mab,"steps=10,iters=20,ucb_c=1.0,seed=3",9.0,1.0,1064.0,1,10,6.0,1,10,1.16,11,5,15644.0,1,10
tc_public_11/input.blif,11,baseline_mab,"steps=10,iters=20,ucb_c=1.0,seed=7",9.0,1.0,1064.0,1,10,6.0,1,10,1.16,11,5,15644.0,1,10
tc_public_11/input.blif,13,baseline_mab,"steps=10,iters=20,ucb_c=1.0,seed=1",8.7,1.0,1064.0,1,10,6.0,1,10,1.16,11,5,15648.0,4,7
tc_public_11/input.blif,14,baseline_mab,"steps=10,iters=20,ucb_c=1.5,seed=4",8.6,1.0,1064.0,1,10,6.0,1,10,1.16,11,5,15656.0,5,6
tc_public_11/input.blif,15,alphasyn,"seq=10,iters=20,cpuct=0.5,mu=0.9,",8.5,1.0,1064.0,1,10,6.0,1,10,33.61,71,5,23480.0,82,5
tc_public_11/input.blif,15,alphasyn,"seq=10,iters=20,cpuct=0.5,mu=0.9,",8.5,1.0,1064.0,1,10,6.0,1,10,68.63,73,5,23484.0,84,5
tc_public_11/input.blif,15,alphasyn,"seq=10,iters=20,cpuct=0.5,mu=0.9,",8.5,1.0,1064.0,1,10,6.0,1,10,72.09,75,5,23324.0,74,5
tc_public_11/input.blif,15,alphasyn,"seq=10,iters=20,cpuct=0.5,mu=0.9,",8.5,1.0,1064.0,1,10,6.0,1,10,70.8,74,5,23324.0,74,5
tc_public_11/input.blif,15,alphasyn,"seq=10,iters=20,cpuct=0.5,mu=0.9,",8.5,1.0,1064.0,1,10,6.0,1,10,68.26,72,5,23328.0,80,5
tc_public_11/input.blif,15,alphasyn,"seq=10,iters=20,cpuct=0.5,mu=0.9,",8.5,1.0,1064.0,1,10,6.0,1,10,30.97,61,5,23488.0,89,5
tc_public_11/input.blif,15,alphasyn,"seq=10,iters=20,cpuct=0.5,mu=0.9,",8.5,1.0,1064.0,1,10,6.0,1,10,88.72,84,5,23324.0,74,5
tc_public_11/input.blif,15,alphasyn,"seq=10,iters=20,cpuct=0.5,mu=0.9,",8.5,1.0,1064.0,1,10,6.0,1,10,88.46,80,5,23168.0,65,5
tc_public_11/input.blif,15,alphasyn,"seq=10,iters=20,cpuct=0.5,mu=0.9,",8.5,1.0,1064.0,1,10,6.0,1,10,89.14,87,5,23680.0,90,5
tc_public_11/input.blif,15,alphasyn,"seq=10,iters=20,cpuct=0.5,mu=0.9,",8.5,1.0,1064.0,1,10,6.0,1,10,88.47,82,5,23476.0,81,5
tc_public_11/input.blif,15,alphasyn,"seq=10,iters=20,cpuct=1.0,mu=0.9,",8.5,1.0,1064.0,1,10,6.0,1,10,88.95,86,5,23484.0,84,5
tc_public_11/input.blif,15,alphasyn,"seq=10,iters=20,cpuct=1.0,mu=0.9,",8.5,1.0,1064.0,1,10,6.0,1,10,88.74,85,5,23480.0,82,5
tc_public_11/input.blif,15,alphasyn,"seq=10,iters=20,cpuct=1.0,mu=0.9,",8.5,1.0,1064.0,1,10,6.0,1,10,88.35,79,5,23168.0,65,5
tc_public_11/input.blif,15,alphasyn,"seq=10,iters=20,cpuct=1.0,mu=0.9,",8.5,1.0,1064.0,1,10,6.0,1,10,88.65,83,5,23324.0,74,5
tc_public_11/input.blif,15,alphasyn,"seq=10,iters=20,cpuct=1.0,mu=0.9,",8.5,1.0,1064.0,1,10,6.0,1,10,88.46,80,5,23168.0,65,5
tc_public_11/input.blif,15,alphasyn,"seq=10,iters=20,cpuct=1.0,mu=0.9,",8.5,1.0,1064.0,1,10,6.0,1,10,88.27,77,5,23168.0,65,5
tc_public_11/input.blif,15,alphasyn,"seq=10,iters=20,cpuct=1.0,mu=0.9,",8.5,1.0,1064.0,1,10,6.0,1,10,89.32,88,5,23172.0,69,5
tc_public_11/input.blif,15,alphasyn,"seq=10,iters=20,cpuct=1.0,mu=0.9,",8.5,1.0,1064.0,1,10,6.0,1,10,88.3,78,5,23320.0,72,5
tc_public_11/input.blif,15,alphasyn,"seq=10,iters=20,cpuct=1.0,mu=0.9,",8.5,1.0,1064.0,1,10,6.0,1,10,89.64,90,5,23484.0,84,5
tc_public_11/input.blif,15,alphasyn,"seq=10,iters=20,cpuct=1.0,mu=0.9,",8.5,1.0,1064.0,1,10,6.0,1,10,89.41,89,5,23484.0,84,5
tc_public_11/input.blif,15,alphasyn,"seq=10,iters=20,cpuct=1.5,mu=0.9,",8.5,1.0,1064.0,1,10,6.0,1,10,88.22,76,5,23324.0,74,5
tc_public_11/input.blif,15,alphasyn,"seq=10,iters=20,cpuct=1.5,mu=0.9,",8.5,1.0,1064.0,1,10,6.0,1,10,31.47,67,5,22848.0,61,5
tc_public_11/input.blif,15,alphasyn,"seq=10,iters=20,cpuct=1.5,mu=0.9,",8.5,1.0,1064.0,1,10,6.0,1,10,31.37,65,5,23004.0,62,5
tc_public_11/input.blif,15,alphasyn,"seq=10,iters=20,cpuct=1.5,mu=0.9,",8.5,1.0,1064.0,1,10,6.0,1,10,31.25,62,5,23320.0,72,5
tc_public_11/input.blif,15,alphasyn,"seq=10,iters=20,cpuct=1.5,mu=0.9,",8.5,1.0,1064.0,1,10,6.0,1,10,31.28,63,5,23200.0,70,5
tc_public_11/input.blif,15,alphasyn,"seq=10,iters=20,cpuct=1.5,mu=0.9,",8.5,1.0,1064.0,1,10,6.0,1,10,31.38,66,5,23004.0,62,5
tc_public_11/input.blif,15,alphasyn,"seq=10,iters=20,cpuct=1.5,mu=0.9,",8.5,1.0,1064.0,1,10,6.0,1,10,31.34,64,5,23324.0,74,5
tc_public_11/input.blif,15,alphasyn,"seq=10,iters=20,cpuct=1.5,mu=0.9,",8.5,1.0,1064.0,1,10,6.0,1,10,31.56,68,5,23160.0,64,5
tc_public_11/input.blif,15,alphasyn,"seq=10,iters=20,cpuct=1.5,mu=0.9,",8.5,1.0,1064.0,1,10,6.0,1,10,31.62,69,5,23484.0,84,5
tc_public_11/input.blif,15,alphasyn,"seq=10,iters=20,cpuct=1.5,mu=0.9,",8.5,1.0,1064.0,1,10,6.0,1,10,33.38,70,5,23200.0,70,5
tc_public_11/input.blif,15,baseline_mab,"steps=10,iters=20,ucb_c=0.4,seed=0",8.5,1.0,1064.0,1,10,6.0,1,10,1.18,26,5,15676.0,18,5
tc_public_11/input.blif,15,baseline_mab,"steps=10,iters=20,ucb_c=0.4,seed=3",8.5,1.0,1064.0,1,10,6.0,1,10,1.17,18,5,15672.0,16,5
tc_public_11/input.blif,15,baseline_mab,"steps=10,iters=20,ucb_c=0.4,seed=4",8.5,1.0,1064.0,1,10,6.0,1,10,1.19,29,5,15680.0,24,5
tc_public_11/input.blif,15,baseline_mab,"steps=10,iters=20,ucb_c=0.4,seed=5",8.5,1.0,1064.0,1,10,6.0,1,10,1.17,18,5,15660.0,8,5
tc_public_11/input.blif,15,baseline_mab,"steps=10,iters=20,ucb_c=0.4,seed=6",8.5,1.0,1064.0,1,10,6.0,1,10,1.17,18,5,15660.0,8,5
tc_public_11/input.blif,15,baseline_mab,"steps=10,iters=20,ucb_c=0.4,seed=9",8.5,1.0,1064.0,1,10,6.0,1,10,1.17,18,5,15680.0,24,5
tc_public_11/input.blif,15,baseline_mab,"steps=10,iters=20,ucb_c=1.0,seed=2",8.5,1.0,1064.0,1,10,6.0,1,10,1.17,18,5,15676.0,18,5
tc_public_11/input.blif,15,baseline_mab,"steps=10,iters=20,ucb_c=1.0,seed=6",8.5,1.0,1064.0,1,10,6.0,1,10,1.16,11,5,15668.0,12,5
tc_public_11/input.blif,15,baseline_mab,"steps=10,iters=20,ucb_c=1.0,seed=8",8.5,1.0,1064.0,1,10,6.0,1,10,1.16,11,5,15680.0,24,5
tc_public_11/input.blif,15,baseline_mab,"steps=10,iters=20,ucb_c=1.5,seed=0",8.5,1.0,1064.0,1,10,6.0,1,10,1.17,18,5,15680.0,24,5
tc_public_11/input.blif,15,baseline_mab,"steps=10,iters=20,ucb_c=1.5,seed=2",8.5,1.0,1064.0,1,10,6.0,1,10,1.16,11,5,15668.0,12,5
tc_public_11/input.blif,15,baseline_mab,"steps=10,iters=20,ucb_c=1.5,seed=3",8.5,1.0,1064.0,1,10,6.0,1,10,1.17,18,5,15668.0,12,5
tc_public_11/input.blif,15,baseline_mab,"steps=10,iters=20,ucb_c=1.5,seed=5",8.5,1.0,1064.0,1,10,6.0,1,10,1.18,26,5,15676.0,18,5
tc_public_11/input.blif,15,baseline_mab,"steps=10,iters=20,ucb_c=1.5,seed=6",8.5,1.0,1064.0,1,10,6.0,1,10,1.17,18,5,15664.0,10,5
tc_public_11/input.blif,15,baseline_mab,"steps=10,iters=20,ucb_c=1.5,seed=8",8.5,1.0,1064.0,1,10,6.0,1,10,1.2,30,5,15676.0,18,5
tc_public_11/input.blif,15,baseline_mab,"steps=10,iters=20,ucb_c=1.5,seed=9",8.5,1.0,1064.0,1,10,6.0,1,10,1.18,26,5,15680.0,24,5
tc_public_11/input.blif,15,baseline_mab_prefix,"steps=10,iters=20,ucb_c=0.2,seed=0",8.5,1.0,1064.0,1,10,6.0,1,10,5.02,31,5,21236.0,45,5
tc_public_11/input.blif,15,baseline_mab_prefix,"steps=10,iters=20,ucb_c=0.2,seed=1",8.5,1.0,1064.0,1,10,6.0,1,10,5.05,33,5,21280.0,52,5
tc_public_11/input.blif,15,baseline_mab_prefix,"steps=10,iters=20,ucb_c=0.2,seed=2",8.5,1.0,1064.0,1,10,6.0,1,10,5.04,32,5,21236.0,45,5
tc_public_11/input.blif,15,baseline_mab_prefix,"steps=10,iters=20,ucb_c=0.2,seed=3",8.5,1.0,1064.0,1,10,6.0,1,10,5.39,34,5,21076.0,31,5
tc_public_11/input.blif,15,baseline_mab_prefix,"steps=10,iters=20,ucb_c=0.2,seed=4",8.5,1.0,1064.0,1,10,6.0,1,10,5.89,35,5,21244.0,51,5
tc_public_11/input.blif,15,baseline_mab_prefix,"steps=10,iters=20,ucb_c=0.2,seed=5",8.5,1.0,1064.0,1,10,6.0,1,10,10.15,38,5,21280.0,52,5
tc_public_11/input.blif,15,baseline_mab_prefix,"steps=10,iters=20,ucb_c=0.2,seed=6",8.5,1.0,1064.0,1,10,6.0,1,10,10.76,48,5,21120.0,39,5
tc_public_11/input.blif,15,baseline_mab_prefix,"steps=10,iters=20,ucb_c=0.2,seed=7",8.5,1.0,1064.0,1,10,6.0,1,10,10.71,47,5,21080.0,33,5
tc_public_11/input.blif,15,baseline_mab_prefix,"steps=10,iters=20,ucb_c=0.2,seed=8",8.5,1.0,1064.0,1,10,6.0,1,10,10.99,56,5,21280.0,52,5
tc_public_11/input.blif,15,baseline_mab_prefix,"steps=10,iters=20,ucb_c=0.2,seed=9",8.5,1.0,1064.0,1,10,6.0,1,10,11.8,60,5,21280.0,52,5
tc_public_11/input.blif,15,baseline_mab_prefix,"steps=10,iters=20,ucb_c=0.4,seed=0",8.5,1.0,1064.0,1,10,6.0,1,10,10.85,51,5,21108.0,38,5
tc_public_11/input.blif,15,baseline_mab_prefix,"steps=10,iters=20,ucb_c=0.4,seed=1",8.5,1.0,1064.0,1,10,6.0,1,10,10.45,43,5,21120.0,39,5
tc_public_11/input.blif,15,baseline_mab_prefix,"steps=10,iters=20,ucb_c=0.4,seed=2",8.5,1.0,1064.0,1,10,6.0,1,10,10.44,42,5,21120.0,39,5
tc_public_11/input.blif,15,baseline_mab_prefix,"steps=10,iters=20,ucb_c=0.4,seed=3",8.5,1.0,1064.0,1,10,6.0,1,10,7.17,37,5,21120.0,39,5
tc_public_11/input.blif,15,baseline_mab_prefix,"steps=10,iters=20,ucb_c=0.4,seed=4",8.5,1.0,1064.0,1,10,6.0,1,10,10.55,44,5,21080.0,33,5
tc_public_11/input.blif,15,baseline_mab_prefix,"steps=10,iters=20,ucb_c=0.4,seed=5",8.5,1.0,1064.0,1,10,6.0,1,10,10.26,40,5,21280.0,52,5
tc_public_11/input.blif,15,baseline_mab_prefix,"steps=10,iters=20,ucb_c=0.4,seed=6",8.5,1.0,1064.0,1,10,6.0,1,10,10.18,39,5,21080.0,33,5
tc_public_11/input.blif,15,baseline_mab_prefix,"steps=10,iters=20,ucb_c=0.4,seed=7",8.5,1.0,1064.0,1,10,6.0,1,10,10.69,46,5,21240.0,49,5
tc_public_11/input.blif,15,baseline_mab_prefix,"steps=10,iters=20,ucb_c=0.4,seed=8",8.5,1.0,1064.0,1,10,6.0,1,10,10.76,48,5,21120.0,39,5
tc_public_11/input.blif,15,baseline_mab_prefix,"steps=10,iters=20,ucb_c=0.4,seed=9",8.5,1.0,1064.0,1,10,6.0,1,10,6.18,36,5,21240.0,49,5
tc_public_11/input.blif,15,baseline_mab_prefix,"steps=10,iters=20,ucb_c=0.8,seed=0",8.5,1.0,1064.0,1,10,6.0,1,10,10.85,51,5,21080.0,33,5
tc_public_11/input.blif,15,baseline_mab_prefix,"steps=10,iters=20,ucb_c=0.8,seed=1",8.5,1.0,1064.0,1,10,6.0,1,10,10.98,55,5,21280.0,52,5
tc_public_11/input.blif,15,baseline_mab_prefix,"steps=10,iters=20,ucb_c=0.8,seed=2",8.5,1.0,1064.0,1,10,6.0,1,10,11.18,58,5,21280.0,52,5
tc_public_11/input.blif,15,baseline_mab_prefix,"steps=10,iters=20,ucb_c=0.8,seed=3",8.5,1.0,1064.0,1,10,6.0,1,10,10.91,53,5,21236.0,45,5
tc_public_11/input.blif,15,baseline_mab_prefix,"steps=10,iters=20,ucb_c=0.8,seed=4",8.5,1.0,1064.0,1,10,6.0,1,10,11.13,57,5,21080.0,33,5
tc_public_11/input.blif,15,baseline_mab_prefix,"steps=10,iters=20,ucb_c=0.8,seed=5",8.5,1.0,1064.0,1,10,6.0,1,10,10.37,41,5,21236.0,45,5
tc_public_11/input.blif,15,baseline_mab_prefix,"steps=10,iters=20,ucb_c=0.8,seed=6",8.5,1.0,1064.0,1,10,6.0,1,10,10.82,50,5,21076.0,31,5
tc_public_11/input.blif,15,baseline_mab_prefix,"steps=10,iters=20,ucb_c=0.8,seed=7",8.5,1.0,1064.0,1,10,6.0,1,10,10.68,45,5,21280.0,52,5
tc_public_11/input.blif,15,baseline_mab_prefix,"steps=10,iters=20,ucb_c=0.8,seed=8",8.5,1.0,1064.0,1,10,6.0,1,10,11.21,59,5,21120.0,39,5
tc_public_11/input.blif,15,baseline_mab_prefix,"steps=10,iters=20,ucb_c=0.8,seed=9",8.5,1.0,1064.0,1,10,6.0,1,10,10.94,54,5,21280.0,52,5
tc_public_12/input.blif,1,baseline_mab,"steps=10,iters=20,ucb_c=0.4,seed=9",7.5,1.0,1342.0,1,10,14.0,88,5,1.42,21,5,16084.0,16,5
tc_public_12/input.blif,2,baseline_mab,"steps=10,iters=20,ucb_c=0.4,seed=4",7.3,1.0,1374.0,80,5,13.0,1,10,1.38,1,10,15936.0,3,8
tc_public_12/input.blif,3,baseline_mab,"steps=10,iters=20,ucb_c=0.4,seed=2",7.0,1.0,1380.0,82,5,13.0,1,10,1.38,1,10,16120.0,25,5
tc_public_12/input.blif,3,baseline_mab,"steps=10,iters=20,ucb_c=1.0,seed=9",7.0,1.0,1350.0,4,7,13.0,1,10,1.4,7,5,16124.0,26,5
tc_public_12/input.blif,3,baseline_mab,"steps=10,iters=20,ucb_c=1.5,seed=0",7.0,1.0,1350.0,4,7,13.0,1,10,1.41,13,5,16128.0,29,5
tc_public_12/input.blif,3,baseline_mab,"steps=10,iters=20,ucb_c=1.5,seed=4",7.0,1.0,1358.0,10,5,13.0,1,10,1.38,1,10,16144.0,30,5
tc_public_12/input.blif,3,baseline_mab_prefix,"steps=10,iters=20,ucb_c=0.4,seed=6",7.0,1.0,1344.0,2,9,14.0,88,5,10.89,41,5,21120.0,37,5
tc_public_12/input.blif,3,baseline_mab_prefix,"steps=10,iters=20,ucb_c=0.8,seed=6",7.0,1.0,1344.0,2,9,14.0,88,5,11.54,54,5,21120.0,37,5
tc_public_12/input.blif,9,baseline_mab,"steps=10,iters=20,ucb_c=1.0,seed=5",6.5,1.0,1359.0,17,5,13.0,1,10,1.41,13,5,15908.0,1,10
tc_public_12/input.blif,10,baseline_mab,"steps=10,iters=20,ucb_c=0.4,seed=5",6.4,1.0,1352.0,7,5,13.0,1,10,1.39,4,7,16124.0,26,5
tc_public_12/input.blif,10,baseline_mab,"steps=10,iters=20,ucb_c=1.0,seed=4",6.4,1.0,1366.0,69,5,13.0,1,10,1.39,4,7,16124.0,26,5
tc_public_12/input.blif,10,baseline_mab,"steps=10,iters=20,ucb_c=1.5,seed=5",6.4,1.0,1352.0,7,5,13.0,1,10,1.42,21,5,15920.0,2,9
tc_public_12/input.blif,10,baseline_mab,"steps=10,iters=20,ucb_c=1.5,seed=6",6.4,1.0,1358.0,10,5,13.0,1,10,1.39,4,7,15980.0,9,5
tc_public_12/input.blif,14,baseline_mab,"steps=10,iters=20,ucb_c=1.5,seed=9",6.3,1.0,1359.0,17,5,13.0,1,10,1.46,30,5,15936.0,3,8
tc_public_12/input.blif,15,baseline_mab,"steps=10,iters=20,ucb_c=1.5,seed=8",6.1,1.0,1361.0,44,5,13.0,1,10,1.43,28,5,15940.0,5,6
tc_public_12/input.blif,16,alphasyn,"seq=10,iters=20,cpuct=0.5,mu=0.9,",6.0,1.0,1371.0,70,5,13.0,1,10,22.19,62,5,22200.0,62,5
tc_public_12/input.blif,16,alphasyn,"seq=10,iters=20,cpuct=0.5,mu=0.9,",6.0,1.0,1371.0,70,5,13.0,1,10,44.58,73,5,22200.0,62,5
tc_public_12/input.blif,16,alphasyn,"seq=10,iters=20,cpuct=0.5,mu=0.9,",6.0,1.0,1371.0,70,5,13.0,1,10,46.06,74,5,22520.0,70,5
tc_public_12/input.blif,16,alphasyn,"seq=10,iters=20,cpuct=0.5,mu=0.9,",6.0,1.0,1371.0,70,5,13.0,1,10,46.21,75,5,22200.0,62,5
tc_public_12/input.blif,16,alphasyn,"seq=10,iters=20,cpuct=0.5,mu=0.9,",6.0,1.0,1371.0,70,5,13.0,1,10,44.5,72,5,22364.0,69,5
tc_public_12/input.blif,16,alphasyn,"seq=10,iters=20,cpuct=0.5,mu=0.9,",6.0,1.0,1371.0,70,5,13.0,1,10,20.09,61,5,22200.0,62,5
tc_public_12/input.blif,16,alphasyn,"seq=10,iters=20,cpuct=0.5,mu=0.9,",6.0,1.0,1371.0,70,5,13.0,1,10,57.84,78,5,22200.0,62,5
tc_public_12/input.blif,16,alphasyn,"seq=10,iters=20,cpuct=0.5,mu=0.9,",6.0,1.0,1371.0,70,5,13.0,1,10,57.51,76,5,22204.0,67,5
tc_public_12/input.blif,16,alphasyn,"seq=10,iters=20,cpuct=0.5,mu=0.9,",6.0,1.0,1371.0,70,5,13.0,1,10,58.09,79,5,22080.0,61,5
tc_public_12/input.blif,16,alphasyn,"seq=10,iters=20,cpuct=0.5,mu=0.9,",6.0,1.0,1371.0,70,5,13.0,1,10,57.53,77,5,22204.0,67,5
tc_public_12/input.blif,16,alphasyn,"seq=10,iters=20,cpuct=1.0,mu=0.9,",6.0,1.0,1359.0,17,5,13.0,1,10,88.44,84,5,23160.0,77,5
tc_public_12/input.blif,16,alphasyn,"seq=10,iters=20,cpuct=1.0,mu=0.9,",6.0,1.0,1359.0,17,5,13.0,1,10,88.43,83,5,23016.0,74,5
tc_public_12/input.blif,16,alphasyn,"seq=10,iters=20,cpuct=1.0,mu=0.9,",6.0,1.0,1359.0,17,5,13.0,1,10,88.22,80,5,23164.0,80,5
tc_public_12/input.blif,16,alphasyn,"seq=10,iters=20,cpuct=1.0,mu=0.9,",6.0,1.0,1359.0,17,5,13.0,1,10,88.49,86,5,23324.0,85,5
tc_public_12/input.blif,16,alphasyn,"seq=10,iters=20,cpuct=1.0,mu=0.9,",6.0,1.0,1359.0,17,5,13.0,1,10,88.23,81,5,23160.0,77,5
tc_public_12/input.blif,16,alphasyn,"seq=10,iters=20,cpuct=1.0,mu=0.9,",6.0,1.0,1359.0,17,5,13.0,1,10,88.26,82,5,23156.0,76,5
tc_public_12/input.blif,16,alphasyn,"seq=10,iters=20,cpuct=1.0,mu=0.9,",6.0,1.0,1359.0,17,5,13.0,1,10,88.52,87,5,23200.0,83,5
tc_public_12/input.blif,16,alphasyn,"seq=10,iters=20,cpuct=1.0,mu=0.9,",6.0,1.0,1359.0,17,5,13.0,1,10,88.45,85,5,23160.0,77,5
tc_public_12/input.blif,16,alphasyn,"seq=10,iters=20,cpuct=1.0,mu=0.9,",6.0,1.0,1359.0,17,5,13.0,1,10,89.26,88,5,23004.0,73,5
tc_public_12/input.blif,16,alphasyn,"seq=10,iters=20,cpuct=1.0,mu=0.9,",6.0,1.0,1359.0,17,5,13.0,1,10,89.49,89,5,23200.0,83,5
tc_public_12/input.blif,16,alphasyn,"seq=10,iters=20,cpuct=1.5,mu=0.9,",6.0,1.0,1360.0,32,5,13.0,1,10,92.4,90,5,23484.0,89,5
tc_public_12/input.blif,16,alphasyn,"seq=10,iters=20,cpuct=1.5,mu=0.9,",6.0,1.0,1360.0,32,5,13.0,1,10,32.78,67,5,23324.0,85,5
tc_public_12/input.blif,16,alphasyn,"seq=10,iters=20,cpuct=1.5,mu=0.9,",6.0,1.0,1360.0,32,5,13.0,1,10,32.56,64,5,23360.0,87,5
tc_public_12/input.blif,16,alphasyn,"seq=10,iters=20,cpuct=1.5,mu=0.9,",6.0,1.0,1360.0,32,5,13.0,1,10,32.52,63,5,23000.0,71,5
tc_public_12/input.blif,16,alphasyn,"seq=10,iters=20,cpuct=1.5,mu=0.9,",6.0,1.0,1360.0,32,5,13.0,1,10,32.89,69,5,23168.0,82,5
tc_public_12/input.blif,16,alphasyn,"seq=10,iters=20,cpuct=1.5,mu=0.9,",6.0,1.0,1360.0,32,5,13.0,1,10,32.72,66,5,23488.0,90,5
tc_public_12/input.blif,16,alphasyn,"seq=10,iters=20,cpuct=1.5,mu=0.9,",6.0,1.0,1360.0,32,5,13.0,1,10,32.71,65,5,23000.0,71,5
tc_public_12/input.blif,16,alphasyn,"seq=10,iters=20,cpuct=1.5,mu=0.9,",6.0,1.0,1360.0,32,5,13.0,1,10,33.04,71,5,23360.0,87,5
tc_public_12/input.blif,16,alphasyn,"seq=10,iters=20,cpuct=1.5,mu=0.9,",6.0,1.0,1360.0,32,5,13.0,1,10,32.92,70,5,23040.0,75,5
tc_public_12/input.blif,16,alphasyn,"seq=10,iters=20,cpuct=1.5,mu=0.9,",6.0,1.0,1360.0,32,5,13.0,1,10,32.84,68,5,23164.0,80,5
tc_public_12/input.blif,16,baseline_mab,"steps=10,iters=20,ucb_c=0.4,seed=0",6.0,1.0,1358.0,10,5,13.0,1,10,1.42,21,5,16108.0,22,5
tc_public_12/input.blif,16,baseline_mab,"steps=10,iters=20,ucb_c=0.4,seed=1",6.0,1.0,1358.0,10,5,13.0,1,10,1.42,21,5,16116.0,24,5
tc_public_12/input.blif,16,baseline_mab,"steps=10,iters=20,ucb_c=0.4,seed=3",6.0,1.0,1358.0,10,5,13.0,1,10,1.44,29,5,15948.0,6,5
tc_public_12/input.blif,16,baseline_mab,"steps=10,iters=20,ucb_c=0.4,seed=6",6.0,1.0,1389.0,90,5,13.0,1,10,1.41,13,5,16072.0,15,5
tc_public_12/input.blif,16,baseline_mab,"steps=10,iters=20,ucb_c=0.4,seed=7",6.0,1.0,1359.0,17,5,13.0,1,10,1.4,7,5,16068.0,14,5
tc_public_12/input.blif,16,baseline_mab,"steps=10,iters=20,ucb_c=0.4,seed=8",6.0,1.0,1380.0,82,5,13.0,1,10,1.42,21,5,16084.0,16,5
tc_public_12/input.blif,16,baseline_mab,"steps=10,iters=20,ucb_c=1.0,seed=0",6.0,1.0,1351.0,6,5,13.0,1,10,1.4,7,5,16104.0,21,5
tc_public_12/input.blif,16,baseline_mab,"steps=10,iters=20,ucb_c=1.0,seed=1",6.0,1.0,1358.0,10,5,13.0,1,10,1.42,21,5,16108.0,22,5
tc_public_12/input.blif,16,baseline_mab,"steps=10,iters=20,ucb_c=1.0,seed=2",6.0,1.0,1380.0,82,5,13.0,1,10,1.41,13,5,16048.0,12,5
tc_public_12/input.blif,16,baseline_mab,"steps=10,iters=20,ucb_c=1.0,seed=3",6.0,1.0,1365.0,67,5,13.0,1,10,1.41,13,5,15960.0,8,5
tc_public_12/input.blif,16,baseline_mab,"steps=10,iters=20,ucb_c=1.0,seed=6",6.0,1.0,1360.0,32,5,13.0,1,10,1.4,7,5,16052.0,13,5
tc_public_12/input.blif,16,baseline_mab,"steps=10,iters=20,ucb_c=1.0,seed=7",6.0,1.0,1374.0,80,5,13.0,1,10,1.4,7,5,16044.0,10,5
tc_public_12/input.blif,16,baseline_mab,"steps=10,iters=20,ucb_c=1.0,seed=8",6.0,1.0,1361.0,44,5,13.0,1,10,1.41,13,5,16096.0,20,5
tc_public_12/input.blif,16,baseline_mab,"steps=10,iters=20,ucb_c=1.5,seed=1",6.0,1.0,1359.0,17,5,13.0,1,10,1.41,13,5,16092.0,19,5
tc_public_12/input.blif,16,baseline_mab,"steps=10,iters=20,ucb_c=1.5,seed=2",6.0,1.0,1380.0,82,5,13.0,1,10,1.42,21,5,16088.0,18,5
tc_public_12/input.blif,16,baseline_mab,"steps=10,iters=20,ucb_c=1.5,seed=3",6.0,1.0,1362.0,57,5,13.0,1,10,1.41,13,5,15948.0,6,5
tc_public_12/input.blif,16,baseline_mab,"steps=10,iters=20,ucb_c=1.5,seed=7",6.0,1.0,1358.0,10,5,13.0,1,10,1.4,7,5,16044.0,10,5
tc_public_12/input.blif,16,baseline_mab_prefix,"steps=10,iters=20,ucb_c=0.2,seed=0",6.0,1.0,1382.0,86,5,13.0,1,10,5.38,33,5,21280.0,52,5
tc_public_12/input.blif,16,baseline_mab_prefix,"steps=10,iters=20,ucb_c=0.2,seed=1",6.0,1.0,1359.0,17,5,13.0,1,10,5.21,31,5,21240.0,50,5
tc_public_12/input.blif,16,baseline_mab_prefix,"steps=10,iters=20,ucb_c=0.2,seed=2",6.0,1.0,1362.0,57,5,13.0,1,10,5.33,32,5,21076.0,33,5
tc_public_12/input.blif,16,baseline_mab_prefix,"steps=10,iters=20,ucb_c=0.2,seed=3",6.0,1.0,1361.0,44,5,13.0,1,10,6.49,34,5,20960.0,32,5
tc_public_12/input.blif,16,baseline_mab_prefix,"steps=10,iters=20,ucb_c=0.2,seed=4",6.0,1.0,1361.0,44,5,13.0,1,10,8.29,37,5,21280.0,52,5
tc_public_12/input.blif,16,baseline_mab_prefix,"steps=10,iters=20,ucb_c=0.2,seed=5",6.0,1.0,1363.0,64,5,13.0,1,10,11.46,52,5,21280.0,52,5
tc_public_12/input.blif,16,baseline_mab_prefix,"steps=10,iters=20,ucb_c=0.2,seed=6",6.0,1.0,1382.0,86,5,13.0,1,10,11.26,47,5,21120.0,37,5
tc_public_12/input.blif,16,baseline_mab_prefix,"steps=10,iters=20,ucb_c=0.2,seed=7",6.0,1.0,1361.0,44,5,13.0,1,10,11.38,51,5,21240.0,50,5
tc_public_12/input.blif,16,baseline_mab_prefix,"steps=10,iters=20,ucb_c=0.2,seed=8",6.0,1.0,1383.0,89,5,13.0,1,10,11.34,49,5,21396.0,59,5
tc_public_12/input.blif,16,baseline_mab_prefix,"steps=10,iters=20,ucb_c=0.2,seed=9",6.0,1.0,1362.0,57,5,13.0,1,10,12.13,59,5,21236.0,41,5
tc_public_12/input.blif,16,baseline_mab_prefix,"steps=10,iters=20,ucb_c=0.4,seed=0",6.0,1.0,1360.0,32,5,13.0,1,10,10.99,43,5,20916.0,31,5
tc_public_12/input.blif,16,baseline_mab_prefix,"steps=10,iters=20,ucb_c=0.4,seed=1",6.0,1.0,1361.0,44,5,13.0,1,10,11.51,53,5,21104.0,36,5
tc_public_12/input.blif,16,baseline_mab_prefix,"steps=10,iters=20,ucb_c=0.4,seed=2",6.0,1.0,1361.0,44,5,13.0,1,10,10.93,42,5,21236.0,41,5
tc_public_12/input.blif,16,baseline_mab_prefix,"steps=10,iters=20,ucb_c=0.4,seed=3",6.0,1.0,1361.0,44,5,13.0,1,10,7.07,36,5,21280.0,52,5
tc_public_12/input.blif,16,baseline_mab_prefix,"steps=10,iters=20,ucb_c=0.4,seed=4",6.0,1.0,1361.0,44,5,13.0,1,10,10.53,38,5,21120.0,37,5
tc_public_12/input.blif,16,baseline_mab_prefix,"steps=10,iters=20,ucb_c=0.4,seed=5",6.0,1.0,1354.0,9,5,13.0,1,10,10.72,39,5,21080.0,35,5
tc_public_12/input.blif,16,baseline_mab_prefix,"steps=10,iters=20,ucb_c=0.4,seed=7",6.0,1.0,1362.0,57,5,13.0,1,10,10.8,40,5,21280.0,52,5
tc_public_12/input.blif,16,baseline_mab_prefix,"steps=10,iters=20,ucb_c=0.4,seed=8",6.0,1.0,1363.0,64,5,13.0,1,10,11.1,45,5,21236.0,41,5
tc_public_12/input.blif,16,baseline_mab_prefix,"steps=10,iters=20,ucb_c=0.4,seed=9",6.0,1.0,1362.0,57,5,13.0,1,10,6.51,35,5,21236.0,41,5
tc_public_12/input.blif,16,baseline_mab_prefix,"steps=10,iters=20,ucb_c=0.8,seed=0",6.0,1.0,1382.0,86,5,13.0,1,10,11.58,55,5,21236.0,41,5
tc_public_12/input.blif,16,baseline_mab_prefix,"steps=10,iters=20,ucb_c=0.8,seed=1",6.0,1.0,1365.0,67,5,13.0,1,10,11.29,48,5,21440.0,60,5
tc_public_12/input.blif,16,baseline_mab_prefix,"steps=10,iters=20,ucb_c=0.8,seed=2",6.0,1.0,1361.0,44,5,13.0,1,10,11.2,46,5,21236.0,41,5
tc_public_12/input.blif,16,baseline_mab_prefix,"steps=10,iters=20,ucb_c=0.8,seed=3",6.0,1.0,1361.0,44,5,13.0,1,10,11.59,56,5,21076.0,33,5
tc_public_12/input.blif,16,baseline_mab_prefix,"steps=10,iters=20,ucb_c=0.8,seed=4",6.0,1.0,1361.0,44,5,13.0,1,10,11.08,44,5,21236.0,41,5
tc_public_12/input.blif,16,baseline_mab_prefix,"steps=10,iters=20,ucb_c=0.8,seed=5",6.0,1.0,1361.0,44,5,13.0,1,10,12.1,58,5,21280.0,52,5
tc_public_12/input.blif,16,baseline_mab_prefix,"steps=10,iters=20,ucb_c=0.8,seed=7",6.0,1.0,1362.0,57,5,13.0,1,10,11.36,50,5,21280.0,52,5
tc_public_12/input.blif,16,baseline_mab_prefix,"steps=10,iters=20,ucb_c=0.8,seed=8",6.0,1.0,1363.0,64,5,13.0,1,10,11.84,57,5,21236.0,41,5
tc_public_12/input.blif,16,baseline_mab_prefix,"steps=10,iters=20,ucb_c=0.8,seed=9",6.0,1.0,1362.0,57,5,13.0,1,10,12.33,60,5,21236.0,41,5
tc_public_13/input.blif,1,baseline_mab,"steps=10,iters=20,ucb_c=0.4,seed=2",9.5,1.0,1026.0,1,10,13.0,1,10,1.15,1,10,16008.0,19,5
tc_public_13/input.blif,1,baseline_mab,"steps=10,iters=20,ucb_c=0.4,seed=8",9.5,1.0,1026.0,1,10,13.0,1,10,1.15,1,10,15948.0,6,5
tc_public_13/input.blif,1,baseline_mab,"steps=10,iters=20,ucb_c=1.0,seed=8",9.5,1.0,1026.0,1,10,13.0,1,10,1.15,1,10,16944.0,26,5
tc_public_13/input.blif,4,alphasyn,"seq=10,iters=20,cpuct=0.5,mu=0.9,",8.5,1.0,1026.0,1,10,13.0,1,10,34.17,71,5,23164.0,68,5
tc_public_13/input.blif,4,alphasyn,"seq=10,iters=20,cpuct=0.5,mu=0.9,",8.5,1.0,1026.0,1,10,13.0,1,10,68.57,73,5,23480.0,82,5
tc_public_13/input.blif,4,alphasyn,"seq=10,iters=20,cpuct=0.5,mu=0.9,",8.5,1.0,1026.0,1,10,13.0,1,10,72.07,74,5,23488.0,90,5
tc_public_13/input.blif,4,alphasyn,"seq=10,iters=20,cpuct=0.5,mu=0.9,",8.5,1.0,1026.0,1,10,13.0,1,10,72.51,75,5,23324.0,75,5
tc_public_13/input.blif,4,alphasyn,"seq=10,iters=20,cpuct=0.5,mu=0.9,",8.5,1.0,1026.0,1,10,13.0,1,10,67.35,72,5,23484.0,84,5
tc_public_13/input.blif,4,alphasyn,"seq=10,iters=20,cpuct=0.5,mu=0.9,",8.5,1.0,1026.0,1,10,13.0,1,10,30.79,61,5,23484.0,84,5
tc_public_13/input.blif,4,alphasyn,"seq=10,iters=20,cpuct=0.5,mu=0.9,",8.5,1.0,1026.0,1,10,13.0,1,10,88.18,86,5,23160.0,65,5
tc_public_13/input.blif,4,alphasyn,"seq=10,iters=20,cpuct=0.5,mu=0.9,",8.5,1.0,1026.0,1,10,13.0,1,10,88.01,82,5,23484.0,84,5
tc_public_13/input.blif,4,alphasyn,"seq=10,iters=20,cpuct=0.5,mu=0.9,",8.5,1.0,1026.0,1,10,13.0,1,10,87.99,80,5,23328.0,80,5
tc_public_13/input.blif,4,alphasyn,"seq=10,iters=20,cpuct=0.5,mu=0.9,",8.5,1.0,1026.0,1,10,13.0,1,10,88.0,81,5,23324.0,75,5
tc_public_13/input.blif,4,alphasyn,"seq=10,iters=20,cpuct=1.0,mu=0.9,",8.5,1.0,1026.0,1,10,13.0,1,10,88.19,87,5,23320.0,71,5
tc_public_13/input.blif,4,alphasyn,"seq=10,iters=20,cpuct=1.0,mu=0.9,",8.5,1.0,1026.0,1,10,13.0,1,10,87.9,78,5,23324.0,75,5
tc_public_13/input.blif,4,alphasyn,"seq=10,iters=20,cpuct=1.0,mu=0.9,",8.5,1.0,1026.0,1,10,13.0,1,10,88.15,85,5,23320.0,71,5
tc_public_13/input.blif,4,alphasyn,"seq=10,iters=20,cpuct=1.0,mu=0.9,",8.5,1.0,1026.0,1,10,13.0,1,10,87.81,77,5,23352.0,81,5
tc_public_13/input.blif,4,alphasyn,"seq=10,iters=20,cpuct=1.0,mu=0.9,",8.5,1.0,1026.0,1,10,13.0,1,10,88.14,84,5,23480.0,82,5
tc_public_13/input.blif,4,alphasyn,"seq=10,iters=20,cpuct=1.0,mu=0.9,",8.5,1.0,1026.0,1,10,13.0,1,10,87.79,76,5,23324.0,75,5
tc_public_13/input.blif,4,alphasyn,"seq=10,iters=20,cpuct=1.0,mu=0.9,",8.5,1.0,1026.0,1,10,13.0,1,10,87.96,79,5,23484.0,84,5
tc_public_13/input.blif,4,alphasyn,"seq=10,iters=20,cpuct=1.0,mu=0.9,",8.5,1.0,1026.0,1,10,13.0,1,10,88.1,83,5,23164.0,68,5
tc_public_13/input.blif,4,alphasyn,"seq=10,iters=20,cpuct=1.0,mu=0.9,",8.5,1.0,1026.0,1,10,13.0,1,10,88.54,89,5,23164.0,68,5
tc_public_13/input.blif,4,alphasyn,"seq=10,iters=20,cpuct=1.0,mu=0.9,",8.5,1.0,1026.0,1,10,13.0,1,10,88.51,88,5,23484.0,84,5
tc_public_13/input.blif,4,alphasyn,"seq=10,iters=20,cpuct=1.5,mu=0.9,",8.5,1.0,1026.0,1,10,13.0,1,10,89.16,90,5,23040.0,63,5
tc_public_13/input.blif,4,alphasyn,"seq=10,iters=20,cpuct=1.5,mu=0.9,",8.5,1.0,1026.0,1,10,13.0,1,10,31.18,65,5,23004.0,61,5
tc_public_13/input.blif,4,alphasyn,"seq=10,iters=20,cpuct=1.5,mu=0.9,",8.5,1.0,1026.0,1,10,13.0,1,10,31.43,70,5,23160.0,65,5
tc_public_13/input.blif,4,alphasyn,"seq=10,iters=20,cpuct=1.5,mu=0.9,",8.5,1.0,1026.0,1,10,13.0,1,10,30.98,62,5,23320.0,71,5
tc_public_13/input.blif,4,alphasyn,"seq=10,iters=20,cpuct=1.5,mu=0.9,",8.5,1.0,1026.0,1,10,13.0,1,10,31.29,68,5,23484.0,84,5
tc_public_13/input.blif,4,alphasyn,"seq=10,iters=20,cpuct=1.5,mu=0.9,",8.5,1.0,1026.0,1,10,13.0,1,10,31.39,69,5,23160.0,65,5
tc_public_13/input.blif,4,alphasyn,"seq=10,iters=20,cpuct=1.5,mu=0.9,",8.5,1.0,1026.0,1,10,13.0,1,10,31.13,63,5,23004.0,61,5
tc_public_13/input.blif,4,alphasyn,"seq=10,iters=20,cpuct=1.5,mu=0.9,",8.5,1.0,1026.0,1,10,13.0,1,10,31.19,66,5,23320.0,71,5
tc_public_13/input.blif,4,alphasyn,"seq=10,iters=20,cpuct=1.5,mu=0.9,",8.5,1.0,1026.0,1,10,13.0,1,10,31.23,67,5,23040.0,63,5
tc_public_13/input.blif,4,alphasyn,"seq=10,iters=20,cpuct=1.5,mu=0.9,",8.5,1.0,1026.0,1,10,13.0,1,10,31.16,64,5,23324.0,75,5
tc_public_13/input.blif,4,baseline_mab,"steps=10,iters=20,ucb_c=0.4,seed=0",8.5,1.0,1026.0,1,10,13.0,1,10,1.2,28,5,16008.0,19,5
tc_public_13/input.blif,4,baseline_mab,"steps=10,iters=20,ucb_c=0.4,seed=1",8.5,1.0,1026.0,1,10,13.0,1,10,1.17,13,5,16004.0,17,5
tc_public_13/input.blif,4,baseline_mab,"steps=10,iters=20,ucb_c=0.4,seed=3",8.5,1.0,1026.0,1,10,13.0,1,10,1.18,18,5,15988.0,13,5
tc_public_13/input.blif,4,baseline_mab,"steps=10,iters=20,ucb_c=1.0,seed=4",8.5,1.0,1026.0,1,10,13.0,1,10,1.17,13,5,15956.0,9,5
tc_public_13/input.blif,4,baseline_mab,"steps=10,iters=20,ucb_c=1.5,seed=1",8.5,1.0,1026.0,1,10,13.0,1,10,1.17,13,5,16004.0,17,5
tc_public_13/input.blif,4,baseline_mab,"steps=10,iters=20,ucb_c=1.5,seed=7",8.5,1.0,1026.0,1,10,13.0,1,10,1.18,18,5,15988.0,13,5
tc_public_13/input.blif,4,baseline_mab,"steps=10,iters=20,ucb_c=1.5,seed=8",8.5,1.0,1026.0,1,10,13.0,1,10,1.23,29,5,15956.0,9,5
tc_public_13/input.blif,4,baseline_mab,"steps=10,iters=20,ucb_c=1.5,seed=9",8.5,1.0,1026.0,1,10,13.0,1,10,1.27,30,5,17240.0,29,5
tc_public_13/input.blif,4,baseline_mab_prefix,"steps=10,iters=20,ucb_c=0.2,seed=1",8.5,1.0,1026.0,1,10,13.0,1,10,4.95,32,5,21240.0,45,5
tc_public_13/input.blif,4,baseline_mab_prefix,"steps=10,iters=20,ucb_c=0.2,seed=6",8.5,1.0,1026.0,1,10,13.0,1,10,10.69,50,5,21236.0,38,5
tc_public_13/input.blif,4,baseline_mab_prefix,"steps=10,iters=20,ucb_c=0.2,seed=7",8.5,1.0,1026.0,1,10,13.0,1,10,10.18,39,5,21280.0,50,5
tc_public_13/input.blif,4,baseline_mab_prefix,"steps=10,iters=20,ucb_c=0.2,seed=9",8.5,1.0,1026.0,1,10,13.0,1,10,10.72,51,5,21280.0,50,5
tc_public_13/input.blif,4,baseline_mab_prefix,"steps=10,iters=20,ucb_c=0.4,seed=6",8.5,1.0,1026.0,1,10,13.0,1,10,10.42,41,5,21236.0,38,5
tc_public_13/input.blif,4,baseline_mab_prefix,"steps=10,iters=20,ucb_c=0.4,seed=7",8.5,1.0,1026.0,1,10,13.0,1,10,10.47,44,5,21076.0,32,5
tc_public_13/input.blif,4,baseline_mab_prefix,"steps=10,iters=20,ucb_c=0.4,seed=9",8.5,1.0,1026.0,1,10,13.0,1,10,6.39,35,5,21400.0,60,5
tc_public_13/input.blif,4,baseline_mab_prefix,"steps=10,iters=20,ucb_c=0.8,seed=6",8.5,1.0,1026.0,1,10,13.0,1,10,10.94,54,5,21236.0,38,5
tc_public_13/input.blif,4,baseline_mab_prefix,"steps=10,iters=20,ucb_c=0.8,seed=7",8.5,1.0,1026.0,1,10,13.0,1,10,10.93,53,5,21080.0,35,5
tc_public_13/input.blif,4,baseline_mab_prefix,"steps=10,iters=20,ucb_c=0.8,seed=9",8.5,1.0,1026.0,1,10,13.0,1,10,11.07,56,5,21280.0,50,5
tc_public_13/input.blif,52,baseline_mab,"steps=10,iters=20,ucb_c=0.4,seed=5",7.5,1.0,1043.0,74,5,13.0,1,10,1.15,1,10,15808.0,1,10
tc_public_13/input.blif,53,baseline_mab,"steps=10,iters=20,ucb_c=1.0,seed=6",7.4,1.0,1043.0,74,5,13.0,1,10,1.15,1,10,15840.0,2,9
tc_public_13/input.blif,54,baseline_mab,"steps=10,iters=20,ucb_c=0.4,seed=4",7.0,1.0,1043.0,74,5,13.0,1,10,1.15,1,10,15948.0,6,5
tc_public_13/input.blif,54,baseline_mab,"steps=10,iters=20,ucb_c=1.5,seed=2",7.0,1.0,1028.0,52,5,13.0,1,10,1.15,1,10,17088.0,28,5
tc_public_13/input.blif,56,baseline_mab,"steps=10,iters=20,ucb_c=1.5,seed=5",6.3,1.0,1028.0,52,5,13.0,1,10,1.17,13,5,15856.0,3,8
tc_public_13/input.blif,57,baseline_mab,"steps=10,iters=20,ucb_c=1.0,seed=9",6.2,1.0,1028.0,52,5,13.0,1,10,1.16,8,5,15864.0,4,7
tc_public_13/input.blif,58,baseline_mab,"steps=10,iters=20,ucb_c=1.0,seed=3",6.1,1.0,1028.0,52,5,13.0,1,10,1.19,25,5,15940.0,5,6
tc_public_13/input.blif,59,baseline_mab,"steps=10,iters=20,ucb_c=0.4,seed=6",6.0,1.0,1043.0,74,5,13.0,1,10,1.17,13,5,15952.0,8,5
tc_public_13/input.blif,59,baseline_mab,"steps=10,iters=20,ucb_c=0.4,seed=7",6.0,1.0,1028.0,52,5,13.0,1,10,1.18,18,5,16036.0,23,5
tc_public_13/input.blif,59,baseline_mab,"steps=10,iters=20,ucb_c=0.4,seed=9",6.0,1.0,1028.0,52,5,13.0,1,10,1.19,25,5,15988.0,13,5
tc_public_13/input.blif,59,baseline_mab,"steps=10,iters=20,ucb_c=1.0,seed=0",6.0,1.0,1043.0,74,5,13.0,1,10,1.18,18,5,17284.0,30,5
tc_public_13/input.blif,59,baseline_mab,"steps=10,iters=20,ucb_c=1.0,seed=1",6.0,1.0,1028.0,52,5,13.0,1,10,1.18,18,5,16012.0,21,5
tc_public_13/input.blif,59,baseline_mab,"steps=10,iters=20,ucb_c=1.0,seed=2",6.0,1.0,1028.0,52,5,13.0,1,10,1.16,8,5,17076.0,27,5
tc_public_13/input.blif,59,baseline_mab,"steps=10,iters=20,ucb_c=1.0,seed=5",6.0,1.0,1043.0,74,5,13.0,1,10,1.18,18,5,15968.0,12,5
tc_public_13/input.blif,59,baseline_mab,"steps=10,iters=20,ucb_c=1.0,seed=7",6.0,1.0,1028.0,52,5,13.0,1,10,1.19,25,5,15964.0,11,5
tc_public_13/input.blif,59,baseline_mab,"steps=10,iters=20,ucb_c=1.5,seed=0",6.0,1.0,1043.0,74,5,13.0,1,10,1.16,8,5,16012.0,21,5
tc_public_13/input.blif,59,baseline_mab,"steps=10,iters=20,ucb_c=1.5,seed=3",6.0,1.0,1028.0,52,5,13.0,1,10,1.18,18,5,16840.0,24,5
tc_public_13/input.blif,59,baseline_mab,"steps=10,iters=20,ucb_c=1.5,seed=4",6.0,1.0,1043.0,74,5,13.0,1,10,1.16,8,5,16892.0,25,5
tc_public_13/input.blif,59,baseline_mab,"steps=10,iters=20,ucb_c=1.5,seed=6",6.0,1.0,1044.0,90,5,13.0,1,10,1.16,8,5,16000.0,16,5
tc_public_13/input.blif,59,baseline_mab_prefix,"steps=10,iters=20,ucb_c=0.2,seed=0",6.0,1.0,1028.0,52,5,13.0,1,10,4.93,31,5,21120.0,36,5
tc_public_13/input.blif,59,baseline_mab_prefix,"steps=10,iters=20,ucb_c=0.2,seed=2",6.0,1.0,1028.0,52,5,13.0,1,10,5.01,33,5,21240.0,45,5
tc_public_13/input.blif,59,baseline_mab_prefix,"steps=10,iters=20,ucb_c=0.2,seed=3",6.0,1.0,1043.0,74,5,13.0,1,10,6.22,34,5,21240.0,45,5
tc_public_13/input.blif,59,baseline_mab_prefix,"steps=10,iters=20,ucb_c=0.2,seed=4",6.0,1.0,1030.0,69,5,13.0,1,10,7.09,37,5,21240.0,45,5
tc_public_13/input.blif,59,baseline_mab_prefix,"steps=10,iters=20,ucb_c=0.2,seed=5",6.0,1.0,1028.0,52,5,13.0,1,10,10.57,46,5,21280.0,50,5
tc_public_13/input.blif,59,baseline_mab_prefix,"steps=10,iters=20,ucb_c=0.2,seed=8",6.0,1.0,1043.0,74,5,13.0,1,10,10.57,46,5,21236.0,38,5
tc_public_13/input.blif,59,baseline_mab_prefix,"steps=10,iters=20,ucb_c=0.4,seed=0",6.0,1.0,1028.0,52,5,13.0,1,10,10.57,46,5,21396.0,59,5
tc_public_13/input.blif,59,baseline_mab_prefix,"steps=10,iters=20,ucb_c=0.4,seed=1",6.0,1.0,1030.0,69,5,13.0,1,10,10.37,40,5,21280.0,50,5
tc_public_13/input.blif,59,baseline_mab_prefix,"steps=10,iters=20,ucb_c=0.4,seed=2",6.0,1.0,1030.0,69,5,13.0,1,10,10.46,42,5,21236.0,38,5
tc_public_13/input.blif,59,baseline_mab_prefix,"steps=10,iters=20,ucb_c=0.4,seed=3",6.0,1.0,1043.0,74,5,13.0,1,10,6.73,36,5,21120.0,36,5
tc_public_13/input.blif,59,baseline_mab_prefix,"steps=10,iters=20,ucb_c=0.4,seed=4",6.0,1.0,1028.0,52,5,13.0,1,10,10.46,42,5,21240.0,45,5
tc_public_13/input.blif,59,baseline_mab_prefix,"steps=10,iters=20,ucb_c=0.4,seed=5",6.0,1.0,1028.0,52,5,13.0,1,10,10.67,49,5,21236.0,38,5
tc_public_13/input.blif,59,baseline_mab_prefix,"steps=10,iters=20,ucb_c=0.4,seed=8",6.0,1.0,1043.0,74,5,13.0,1,10,10.51,45,5,21280.0,50,5
tc_public_13/input.blif,59,baseline_mab_prefix,"steps=10,iters=20,ucb_c=0.8,seed=0",6.0,1.0,1028.0,52,5,13.0,1,10,11.25,58,5,21236.0,38,5
tc_public_13/input.blif,59,baseline_mab_prefix,"steps=10,iters=20,ucb_c=0.8,seed=1",6.0,1.0,1043.0,74,5,13.0,1,10,10.85,52,5,21076.0,32,5
tc_public_13/input.blif,59,baseline_mab_prefix,"steps=10,iters=20,ucb_c=0.8,seed=2",6.0,1.0,1043.0,74,5,13.0,1,10,10.02,38,5,21280.0,50,5
tc_public_13/input.blif,59,baseline_mab_prefix,"steps=10,iters=20,ucb_c=0.8,seed=3",6.0,1.0,1030.0,69,5,13.0,1,10,11.06,55,5,20960.0,31,5
tc_public_13/input.blif,59,baseline_mab_prefix,"steps=10,iters=20,ucb_c=0.8,seed=4",6.0,1.0,1030.0,69,5,13.0,1,10,11.44,59,5,21280.0,50,5
tc_public_13/input.blif,59,baseline_mab_prefix,"steps=10,iters=20,ucb_c=0.8,seed=5",6.0,1.0,1043.0,74,5,13.0,1,10,11.22,57,5,21280.0,50,5
tc_public_13/input.blif,59,baseline_mab_prefix,"steps=10,iters=20,ucb_c=0.8,seed=8",6.0,1.0,1043.0,74,5,13.0,1,10,11.56,60,5,21076.0,32,5
tc_public_14/input.blif,1,baseline_mab_prefix,"steps=10,iters=20,ucb_c=0.4,seed=8",7.5,1.0,3737.0,1,10,27.0,90,5,17.19,56,5,21240.0,47,5
tc_public_14/input.blif,2,baseline_mab,"steps=10,iters=20,ucb_c=1.5,seed=4",7.0,1.0,4123.0,87,5,23.0,1,10,3.85,1,10,18956.0,7,5
tc_public_14/input.blif,2,baseline_mab_prefix,"steps=10,iters=20,ucb_c=0.8,seed=7",7.0,1.0,3746.0,2,9,26.0,84,5,16.88,51,5,20916.0,31,5
tc_public_14/input.blif,4,baseline_mab_prefix,"steps=10,iters=20,ucb_c=0.2,seed=7",6.5,1.0,3748.0,3,8,26.0,84,5,17.06,55,5,21280.0,51,5
tc_public_14/input.blif,5,alphasyn,"seq=10,iters=20,cpuct=1.5,mu=0.9,",6.0,1.0,3831.0,29,5,23.0,1,10,119.14,90,5,23000.0,72,5
tc_public_14/input.blif,5,alphasyn,"seq=10,iters=20,cpuct=1.5,mu=0.9,",6.0,1.0,3831.0,29,5,23.0,1,10,41.82,63,5,23164.0,82,5
tc_public_14/input.blif,5,alphasyn,"seq=10,iters=20,cpuct=1.5,mu=0.9,",6.0,1.0,3831.0,29,5,23.0,1,10,42.07,68,5,23324.0,90,5
tc_public_14/input.blif,5,alphasyn,"seq=10,iters=20,cpuct=1.5,mu=0.9,",6.0,1.0,3831.0,29,5,23.0,1,10,42.09,70,5,23040.0,79,5
tc_public_14/input.blif,5,alphasyn,"seq=10,iters=20,cpuct=1.5,mu=0.9,",6.0,1.0,3831.0,29,5,23.0,1,10,41.86,64,5,23160.0,80,5
tc_public_14/input.blif,5,alphasyn,"seq=10,iters=20,cpuct=1.5,mu=0.9,",6.0,1.0,3831.0,29,5,23.0,1,10,42.04,67,5,23320.0,88,5
tc_public_14/input.blif,5,alphasyn,"seq=10,iters=20,cpuct=1.5,mu=0.9,",6.0,1.0,3831.0,29,5,23.0,1,10,42.34,71,5,23164.0,82,5
tc_public_14/input.blif,5,alphasyn,"seq=10,iters=20,cpuct=1.5,mu=0.9,",6.0,1.0,3831.0,29,5,23.0,1,10,41.97,65,5,23320.0,88,5
tc_public_14/input.blif,5,alphasyn,"seq=10,iters=20,cpuct=1.5,mu=0.9,",6.0,1.0,3831.0,29,5,23.0,1,10,42.0,66,5,23160.0,80,5
tc_public_14/input.blif,5,alphasyn,"seq=10,iters=20,cpuct=1.5,mu=0.9,",6.0,1.0,3831.0,29,5,23.0,1,10,42.07,68,5,23164.0,82,5
tc_public_14/input.blif,5,baseline_mab_prefix,"steps=10,iters=20,ucb_c=0.8,seed=2",6.0,1.0,3750.0,4,7,24.0,12,5,16.85,50,5,21236.0,40,5
tc_public_14/input.blif,16,baseline_mab,"steps=10,iters=20,ucb_c=1.0,seed=0",5.8,1.0,4014.0,72,5,24.0,12,5,3.92,2,9,18952.0,6,5
tc_public_14/input.blif,17,baseline_mab,"steps=10,iters=20,ucb_c=0.4,seed=5",5.6,1.0,4065.0,82,5,24.0,12,5,3.93,3,8,19044.0,12,5
tc_public_14/input.blif,18,alphasyn,"seq=10,iters=20,cpuct=1.0,mu=0.9,",5.5,1.0,3780.0,5,6,24.0,12,5,112.06,88,5,23000.0,72,5
tc_public_14/input.blif,18,alphasyn,"seq=10,iters=20,cpuct=1.0,mu=0.9,",5.5,1.0,3780.0,5,6,24.0,12,5,110.85,81,5,23004.0,75,5
tc_public_14/input.blif,18,alphasyn,"seq=10,iters=20,cpuct=1.0,mu=0.9,",5.5,1.0,3780.0,5,6,24.0,12,5,110.99,82,5,23164.0,82,5
tc_public_14/input.blif,18,alphasyn,"seq=10,iters=20,cpuct=1.0,mu=0.9,",5.5,1.0,3780.0,5,6,24.0,12,5,112.05,87,5,23008.0,77,5
tc_public_14/input.blif,18,alphasyn,"seq=10,iters=20,cpuct=1.0,mu=0.9,",5.5,1.0,3780.0,5,6,24.0,12,5,111.47,85,5,23000.0,72,5
tc_public_14/input.blif,18,alphasyn,"seq=10,iters=20,cpuct=1.0,mu=0.9,",5.5,1.0,3780.0,5,6,24.0,12,5,110.82,80,5,22996.0,71,5
tc_public_14/input.blif,18,alphasyn,"seq=10,iters=20,cpuct=1.0,mu=0.9,",5.5,1.0,3780.0,5,6,24.0,12,5,111.3,84,5,23020.0,78,5
tc_public_14/input.blif,18,alphasyn,"seq=10,iters=20,cpuct=1.0,mu=0.9,",5.5,1.0,3780.0,5,6,24.0,12,5,112.28,89,5,23004.0,75,5
tc_public_14/input.blif,18,alphasyn,"seq=10,iters=20,cpuct=1.0,mu=0.9,",5.5,1.0,3780.0,5,6,24.0,12,5,111.01,83,5,23164.0,82,5
tc_public_14/input.blif,18,alphasyn,"seq=10,iters=20,cpuct=1.0,mu=0.9,",5.5,1.0,3780.0,5,6,24.0,12,5,111.89,86,5,23164.0,82,5
tc_public_14/input.blif,18,baseline_mab,"steps=10,iters=20,ucb_c=1.5,seed=9",5.5,1.0,3908.0,47,5,25.0,62,5,4.24,30,5,18788.0,1,10
tc_public_14/input.blif,29,baseline_mab,"steps=10,iters=20,ucb_c=0.4,seed=7",5.4,1.0,4027.0,76,5,25.0,62,5,4.05,18,5,18900.0,2,9
tc_public_14/input.blif,29,baseline_mab,"steps=10,iters=20,ucb_c=0.4,seed=8",5.4,1.0,4087.0,84,5,24.0,12,5,3.94,4,7,19056.0,15,5
tc_public_14/input.blif,29,baseline_mab,"steps=10,iters=20,ucb_c=1.5,seed=7",5.4,1.0,3924.0,50,5,25.0,62,5,4.18,28,5,18900.0,2,9
tc_public_14/input.blif,32,baseline_mab,"steps=10,iters=20,ucb_c=1.0,seed=5",5.2,1.0,4173.0,90,5,24.0,12,5,3.99,8,5,18920.0,4,7
tc_public_14/input.blif,32,baseline_mab,"steps=10,iters=20,ucb_c=1.0,seed=8",5.2,1.0,4051.0,80,5,24.0,12,5,3.95,5,6,19124.0,23,5
tc_public_14/input.blif,34,baseline_mab,"steps=10,iters=20,ucb_c=1.0,seed=7",5.1,1.0,4026.0,75,5,24.0,12,5,4.05,18,5,18936.0,5,6
tc_public_14/input.blif,35,alphasyn,"seq=10,iters=20,cpuct=0.5,mu=0.9,",5.0,1.0,3810.0,16,5,24.0,12,5,23.14,62,5,22040.0,64,5
tc_public_14/input.blif,35,alphasyn,"seq=10,iters=20,cpuct=0.5,mu=0.9,",5.0,1.0,3810.0,16,5,24.0,12,5,52.35,73,5,22044.0,65,5
tc_public_14/input.blif,35,alphasyn,"seq=10,iters=20,cpuct=0.5,mu=0.9,",5.0,1.0,3810.0,16,5,24.0,12,5,54.65,75,5,22200.0,68,5
tc_public_14/input.blif,35,alphasyn,"seq=10,iters=20,cpuct=0.5,mu=0.9,",5.0,1.0,3810.0,16,5,24.0,12,5,52.84,74,5,22044.0,65,5
tc_public_14/input.blif,35,alphasyn,"seq=10,iters=20,cpuct=0.5,mu=0.9,",5.0,1.0,3810.0,16,5,24.0,12,5,51.0,72,5,21884.0,61,5
tc_public_14/input.blif,35,alphasyn,"seq=10,iters=20,cpuct=0.5,mu=0.9,",5.0,1.0,3810.0,16,5,24.0,12,5,23.0,61,5,22204.0,70,5
tc_public_14/input.blif,35,alphasyn,"seq=10,iters=20,cpuct=0.5,mu=0.9,",5.0,1.0,3810.0,16,5,24.0,12,5,65.95,79,5,21884.0,61,5
tc_public_14/input.blif,35,alphasyn,"seq=10,iters=20,cpuct=0.5,mu=0.9,",5.0,1.0,3810.0,16,5,24.0,12,5,65.62,77,5,22048.0,67,5
tc_public_14/input.blif,35,alphasyn,"seq=10,iters=20,cpuct=0.5,mu=0.9,",5.0,1.0,3810.0,16,5,24.0,12,5,65.67,78,5,22200.0,68,5
tc_public_14/input.blif,35,alphasyn,"seq=10,iters=20,cpuct=0.5,mu=0.9,",5.0,1.0,3810.0,16,5,24.0,12,5,65.46,76,5,21884.0,61,5
tc_public_14/input.blif,35,baseline_mab,"steps=10,iters=20,ucb_c=0.4,seed=0",5.0,1.0,3946.0,55,5,26.0,84,5,4.1,24,5,19060.0,17,5
tc_public_14/input.blif,35,baseline_mab,"steps=10,iters=20,ucb_c=0.4,seed=1",5.0,1.0,4016.0,73,5,25.0,62,5,4.1,24,5,19032.0,11,5
tc_public_14/input.blif,35,baseline_mab,"steps=10,iters=20,ucb_c=0.4,seed=2",5.0,1.0,4145.0,89,5,24.0,12,5,3.96,6,5,19024.0,9,5
tc_public_14/input.blif,35,baseline_mab,"steps=10,iters=20,ucb_c=0.4,seed=3",5.0,1.0,4073.0,83,5,24.0,12,5,4.07,20,5,19188.0,26,5
tc_public_14/input.blif,35,baseline_mab,"steps=10,iters=20,ucb_c=0.4,seed=4",5.0,1.0,4110.0,85,5,24.0,12,5,4.0,10,5,19252.0,29,5
tc_public_14/input.blif,35,baseline_mab,"steps=10,iters=20,ucb_c=0.4,seed=6",5.0,1.0,4002.0,69,5,26.0,84,5,4.02,11,5,19048.0,14,5
tc_public_14/input.blif,35,baseline_mab,"steps=10,iters=20,ucb_c=0.4,seed=9",5.0,1.0,4031.0,78,5,25.0,62,5,4.21,29,5,19336.0,30,5
tc_public_14/input.blif,35,baseline_mab,"steps=10,iters=20,ucb_c=1.0,seed=1",5.0,1.0,3929.0,53,5,26.0,84,5,4.04,15,5,19196.0,27,5
tc_public_14/input.blif,35,baseline_mab,"steps=10,iters=20,ucb_c=1.0,seed=2",5.0,1.0,4059.0,81,5,25.0,62,5,4.03,13,5,19156.0,24,5
tc_public_14/input.blif,35,baseline_mab,"steps=10,iters=20,ucb_c=1.0,seed=3",5.0,1.0,4010.0,71,5,25.0,62,5,4.12,26,5,19104.0,22,5
tc_public_14/input.blif,35,baseline_mab,"steps=10,iters=20,ucb_c=1.0,seed=4",5.0,1.0,4017.0,74,5,25.0,62,5,3.99,8,5,19028.0,10,5
tc_public_14/input.blif,35,baseline_mab,"steps=10,iters=20,ucb_c=1.0,seed=6",5.0,1.0,4131.0,88,5,24.0,12,5,4.02,11,5,19208.0,28,5
tc_public_14/input.blif,35,baseline_mab,"steps=10,iters=20,ucb_c=1.0,seed=9",5.0,1.0,3950.0,56,5,25.0,62,5,4.07,20,5,19060.0,17,5
tc_public_14/input.blif,35,baseline_mab,"steps=10,iters=20,ucb_c=1.5,seed=0",5.0,1.0,3983.0,61,5,25.0,62,5,4.15,27,5,18968.0,8,5
tc_public_14/input.blif,35,baseline_mab,"steps=10,iters=20,ucb_c=1.5,seed=1",5.0,1.0,4118.0,86,5,24.0,12,5,4.03,13,5,19068.0,19,5
tc_public_14/input.blif,35,baseline_mab,"steps=10,iters=20,ucb_c=1.5,seed=2",5.0,1.0,3987.0,64,5,25.0,62,5,4.04,15,5,19068.0,19,5
tc_public_14/input.blif,35,baseline_mab,"steps=10,iters=20,ucb_c=1.5,seed=3",5.0,1.0,4002.0,69,5,25.0,62,5,4.09,23,5,19092.0,21,5
tc_public_14/input.blif,35,baseline_mab,"steps=10,iters=20,ucb_c=1.5,seed=5",5.0,1.0,3975.0,60,5,25.0,62,5,4.07,20,5,19044.0,12,5
tc_public_14/input.blif,35,baseline_mab,"steps=10,iters=20,ucb_c=1.5,seed=6",5.0,1.0,3933.0,54,5,25.0,62,5,3.97,7,5,19056.0,15,5
tc_public_14/input.blif,35,baseline_mab,"steps=10,iters=20,ucb_c=1.5,seed=8",5.0,1.0,3987.0,64,5,25.0,62,5,4.04,15,5,19184.0,25,5
tc_public_14/input.blif,35,baseline_mab_prefix,"steps=10,iters=20,ucb_c=0.2,seed=0",5.0,1.0,3832.0,39,5,25.0,62,5,7.65,33,5,21280.0,51,5
tc_public_14/input.blif,35,baseline_mab_prefix,"steps=10,iters=20,ucb_c=0.2,seed=1",5.0,1.0,4000.0,68,5,24.0,12,5,7.5,32,5,21236.0,40,5
tc_public_14/input.blif,35,baseline_mab_prefix,"steps=10,iters=20,ucb_c=0.2,seed=2",5.0,1.0,3989.0,66,5,25.0,62,5,7.44,31,5,21280.0,51,5
tc_public_14/input.blif,35,baseline_mab_prefix,"steps=10,iters=20,ucb_c=0.2,seed=3",5.0,1.0,3837.0,41,5,24.0,12,5,8.72,34,5,20960.0,32,5
tc_public_14/input.blif,35,baseline_mab_prefix,"steps=10,iters=20,ucb_c=0.2,seed=4",5.0,1.0,3892.0,45,5,24.0,12,5,12.63,37,5,21396.0,60,5
tc_public_14/input.blif,35,baseline_mab_prefix,"steps=10,iters=20,ucb_c=0.2,seed=5",5.0,1.0,4043.0,79,5,24.0,12,5,16.82,49,5,21280.0,51,5
tc_public_14/input.blif,35,baseline_mab_prefix,"steps=10,iters=20,ucb_c=0.2,seed=6",5.0,1.0,3925.0,51,5,26.0,84,5,17.59,60,5,21080.0,38,5
tc_public_14/input.blif,35,baseline_mab_prefix,"steps=10,iters=20,ucb_c=0.2,seed=8",5.0,1.0,3992.0,67,5,24.0,12,5,16.93,52,5,21240.0,47,5
tc_public_14/input.blif,35,baseline_mab_prefix,"steps=10,iters=20,ucb_c=0.2,seed=9",5.0,1.0,3986.0,62,5,24.0,12,5,16.11,39,5,20960.0,32,5
tc_public_14/input.blif,35,baseline_mab_prefix,"steps=10,iters=20,ucb_c=0.4,seed=0",5.0,1.0,3922.0,49,5,25.0,62,5,16.49,44,5,21236.0,40,5
tc_public_14/input.blif,35,baseline_mab_prefix,"steps=10,iters=20,ucb_c=0.4,seed=1",5.0,1.0,3799.0,15,5,25.0,62,5,16.15,40,5,21076.0,34,5
tc_public_14/input.blif,35,baseline_mab_prefix,"steps=10,iters=20,ucb_c=0.4,seed=2",5.0,1.0,3969.0,59,5,24.0,12,5,16.48,43,5,21236.0,40,5
tc_public_14/input.blif,35,baseline_mab_prefix,"steps=10,iters=20,ucb_c=0.4,seed=3",5.0,1.0,3833.0,40,5,24.0,12,5,10.52,36,5,21076.0,34,5
tc_public_14/input.blif,35,baseline_mab_prefix,"steps=10,iters=20,ucb_c=0.4,seed=4",5.0,1.0,3892.0,45,5,24.0,12,5,16.06,38,5,21240.0,47,5
tc_public_14/input.blif,35,baseline_mab_prefix,"steps=10,iters=20,ucb_c=0.4,seed=5",5.0,1.0,3843.0,43,5,24.0,12,5,16.78,47,5,21280.0,51,5
tc_public_14/input.blif,35,baseline_mab_prefix,"steps=10,iters=20,ucb_c=0.4,seed=6",5.0,1.0,3958.0,58,5,24.0,12,5,16.44,42,5,21280.0,51,5
tc_public_14/input.blif,35,baseline_mab_prefix,"steps=10,iters=20,ucb_c=0.4,seed=7",5.0,1.0,3866.0,44,5,25.0,62,5,16.72,46,5,21280.0,51,5
tc_public_14/input.blif,35,baseline_mab_prefix,"steps=10,iters=20,ucb_c=0.4,seed=9",5.0,1.0,3986.0,62,5,24.0,12,5,8.95,35,5,21236.0,40,5
tc_public_14/input.blif,35,baseline_mab_prefix,"steps=10,iters=20,ucb_c=0.8,seed=0",5.0,1.0,4027.0,76,5,24.0,12,5,16.3,41,5,21280.0,51,5
tc_public_14/input.blif,35,baseline_mab_prefix,"steps=10,iters=20,ucb_c=0.8,seed=1",5.0,1.0,3824.0,27,5,25.0,62,5,17.01,54,5,21236.0,40,5
tc_public_14/input.blif,35,baseline_mab_prefix,"steps=10,iters=20,ucb_c=0.8,seed=3",5.0,1.0,3837.0,41,5,24.0,12,5,17.38,59,5,21244.0,50,5
tc_public_14/input.blif,35,baseline_mab_prefix,"steps=10,iters=20,ucb_c=0.8,seed=4",5.0,1.0,3814.0,26,5,24.0,12,5,17.21,57,5,21236.0,40,5
tc_public_14/input.blif,35,baseline_mab_prefix,"steps=10,iters=20,ucb_c=0.8,seed=5",5.0,1.0,3908.0,47,5,24.0,12,5,16.93,52,5,21120.0,39,5
tc_public_14/input.blif,35,baseline_mab_prefix,"steps=10,iters=20,ucb_c=0.8,seed=6",5.0,1.0,3825.0,28,5,25.0,62,5,17.27,58,5,21076.0,34,5
tc_public_14/input.blif,35,baseline_mab_prefix,"steps=10,iters=20,ucb_c=0.8,seed=8",5.0,1.0,3927.0,52,5,24.0,12,5,16.8,48,5,21076.0,34,5
tc_public_14/input.blif,35,baseline_mab_prefix,"steps=10,iters=20,ucb_c=0.8,seed=9",5.0,1.0,3950.0,56,5,24.0,12,5,16.57,45,5,21280.0,51,5
tc_public_15/input.blif,1,baseline_mab_prefix,"steps=10,iters=20,ucb_c=0.4,seed=8",8.5,1.0,922.0,1,10,10.0,1,10,10.91,43,5,21280.0,52,5
tc_public_15/input.blif,1,baseline_mab_prefix,"steps=10,iters=20,ucb_c=0.8,seed=5",8.5,1.0,922.0,1,10,10.0,1,10,11.07,46,5,21280.0,52,5
tc_public_15/input.blif,1,baseline_mab_prefix,"steps=10,iters=20,ucb_c=0.8,seed=8",8.5,1.0,922.0,1,10,10.0,1,10,11.43,56,5,20956.0,31,5
tc_public_15/input.blif,4,baseline_mab,"steps=10,iters=20,ucb_c=1.0,seed=6",8.0,1.0,924.0,5,6,10.0,1,10,1.31,1,10,15400.0,1,10
tc_public_15/input.blif,5,baseline_mab_prefix,"steps=10,iters=20,ucb_c=0.2,seed=0",7.0,1.0,923.0,4,7,10.0,1,10,5.3,33,5,21400.0,60,5
tc_public_15/input.blif,6,baseline_mab,"steps=10,iters=20,ucb_c=0.4,seed=8",6.9,1.0,925.0,29,5,10.0,1,10,1.33,2,9,15412.0,5,6
tc_public_15/input.blif,7,baseline_mab,"steps=10,iters=20,ucb_c=0.4,seed=4",6.8,1.0,927.0,74,5,10.0,1,10,1.33,2,9,15572.0,20,5
tc_public_15/input.blif,7,baseline_mab,"steps=10,iters=20,ucb_c=0.4,seed=7",6.8,1.0,925.0,29,5,10.0,1,10,1.33,2,9,15456.0,9,5
tc_public_15/input.blif,7,baseline_mab,"steps=10,iters=20,ucb_c=1.0,seed=2",6.8,1.0,925.0,29,5,10.0,1,10,1.33,2,9,15560.0,17,5
tc_public_15/input.blif,7,baseline_mab,"steps=10,iters=20,ucb_c=1.0,seed=9",6.8,1.0,927.0,74,5,10.0,1,10,1.33,2,9,16540.0,30,5
tc_public_15/input.blif,11,alphasyn,"seq=10,iters=20,cpuct=0.5,mu=0.9,",6.5,1.0,924.0,5,6,10.0,1,10,29.52,61,5,23000.0,62,5
tc_public_15/input.blif,11,alphasyn,"seq=10,iters=20,cpuct=0.5,mu=0.9,",6.5,1.0,924.0,5,6,10.0,1,10,65.96,73,5,23324.0,77,5
tc_public_15/input.blif,11,alphasyn,"seq=10,iters=20,cpuct=0.5,mu=0.9,",6.5,1.0,924.0,5,6,10.0,1,10,69.75,75,5,22880.0,61,5
tc_public_15/input.blif,11,alphasyn,"seq=10,iters=20,cpuct=0.5,mu=0.9,",6.5,1.0,924.0,5,6,10.0,1,10,67.33,74,5,23320.0,74,5
tc_public_15/input.blif,11,alphasyn,"seq=10,iters=20,cpuct=0.5,mu=0.9,",6.5,1.0,924.0,5,6,10.0,1,10,65.7,72,5,23160.0,66,5
tc_public_15/input.blif,11,alphasyn,"seq=10,iters=20,cpuct=0.5,mu=0.9,",6.5,1.0,924.0,5,6,10.0,1,10,30.19,62,5,23168.0,69,5
tc_public_15/input.blif,11,alphasyn,"seq=10,iters=20,cpuct=0.5,mu=0.9,",6.5,1.0,924.0,5,6,10.0,1,10,84.88,78,5,23324.0,77,5
tc_public_15/input.blif,11,alphasyn,"seq=10,iters=20,cpuct=0.5,mu=0.9,",6.5,1.0,924.0,5,6,10.0,1,10,84.91,79,5,23168.0,69,5
tc_public_15/input.blif,11,alphasyn,"seq=10,iters=20,cpuct=0.5,mu=0.9,",6.5,1.0,924.0,5,6,10.0,1,10,84.84,77,5,23168.0,69,5
tc_public_15/input.blif,11,alphasyn,"seq=10,iters=20,cpuct=0.5,mu=0.9,",6.5,1.0,924.0,5,6,10.0,1,10,84.65,76,5,23160.0,66,5
tc_public_15/input.blif,11,baseline_mab,"steps=10,iters=20,ucb_c=0.4,seed=1",6.5,1.0,924.0,5,6,10.0,1,10,1.35,16,5,15480.0,12,5
tc_public_15/input.blif,11,baseline_mab,"steps=10,iters=20,ucb_c=1.0,seed=1",6.5,1.0,924.0,5,6,10.0,1,10,1.35,16,5,15624.0,22,5
tc_public_15/input.blif,11,baseline_mab,"steps=10,iters=20,ucb_c=1.5,seed=1",6.5,1.0,924.0,5,6,10.0,1,10,1.35,16,5,15640.0,24,5
tc_public_15/input.blif,11,baseline_mab,"steps=10,iters=20,ucb_c=1.5,seed=6",6.5,1.0,924.0,5,6,10.0,1,10,1.35,16,5,15452.0,8,5
tc_public_15/input.blif,11,baseline_mab_prefix,"steps=10,iters=20,ucb_c=0.2,seed=1",6.5,1.0,924.0,5,6,10.0,1,10,5.1,32,5,21280.0,52,5
tc_public_15/input.blif,11,baseline_mab_prefix,"steps=10,iters=20,ucb_c=0.2,seed=3",6.5,1.0,924.0,5,6,10.0,1,10,5.91,34,5,21240.0,46,5
tc_public_15/input.blif,11,baseline_mab_prefix,"steps=10,iters=20,ucb_c=0.2,seed=5",6.5,1.0,924.0,5,6,10.0,1,10,11.09,47,5,21236.0,37,5
tc_public_15/input.blif,11,baseline_mab_prefix,"steps=10,iters=20,ucb_c=0.2,seed=7",6.5,1.0,924.0,5,6,10.0,1,10,10.9,42,5,21240.0,46,5
tc_public_15/input.blif,11,baseline_mab_prefix,"steps=10,iters=20,ucb_c=0.4,seed=0",6.5,1.0,924.0,5,6,10.0,1,10,10.89,41,5,21240.0,46,5
tc_public_15/input.blif,11,baseline_mab_prefix,"steps=10,iters=20,ucb_c=0.4,seed=1",6.5,1.0,924.0,5,6,10.0,1,10,10.52,38,5,21236.0,37,5
tc_public_15/input.blif,11,baseline_mab_prefix,"steps=10,iters=20,ucb_c=0.4,seed=4",6.5,1.0,924.0,5,6,10.0,1,10,11.52,58,5,21080.0,32,5
tc_public_15/input.blif,11,baseline_mab_prefix,"steps=10,iters=20,ucb_c=0.8,seed=0",6.5,1.0,924.0,5,6,10.0,1,10,11.15,49,5,21236.0,37,5
tc_public_15/input.blif,11,baseline_mab_prefix,"steps=10,iters=20,ucb_c=0.8,seed=1",6.5,1.0,924.0,5,6,10.0,1,10,11.22,51,5,21280.0,52,5
tc_public_15/input.blif,34,baseline_mab,"steps=10,iters=20,ucb_c=0.4,seed=6",6.4,1.0,926.0,59,5,10.0,1,10,1.34,7,5,15404.0,2,9
tc_public_15/input.blif,34,baseline_mab,"steps=10,iters=20,ucb_c=1.0,seed=3",6.4,1.0,927.0,74,5,10.0,1,10,1.35,16,5,15404.0,2,9
tc_public_15/input.blif,36,baseline_mab,"steps=10,iters=20,ucb_c=0.4,seed=2",6.2,1.0,925.0,29,5,10.0,1,10,1.34,7,5,15408.0,4,7
tc_public_15/input.blif,37,alphasyn,"seq=10,iters=20,cpuct=1.0,mu=0.9,",6.0,1.0,925.0,29,5,10.0,1,10,92.16,87,5,23200.0,72,5
tc_public_15/input.blif,37,alphasyn,"seq=10,iters=20,cpuct=1.0,mu=0.9,",6.0,1.0,925.0,29,5,10.0,1,10,92.24,89,5,23324.0,77,5
tc_public_15/input.blif,37,alphasyn,"seq=10,iters=20,cpuct=1.0,mu=0.9,",6.0,1.0,925.0,29,5,10.0,1,10,91.59,81,5,23200.0,72,5
tc_public_15/input.blif,37,alphasyn,"seq=10,iters=20,cpuct=1.0,mu=0.9,",6.0,1.0,925.0,29,5,10.0,1,10,92.06,86,5,23488.0,90,5
tc_public_15/input.blif,37,alphasyn,"seq=10,iters=20,cpuct=1.0,mu=0.9,",6.0,1.0,925.0,29,5,10.0,1,10,92.18,88,5,23484.0,87,5
tc_public_15/input.blif,37,alphasyn,"seq=10,iters=20,cpuct=1.0,mu=0.9,",6.0,1.0,925.0,29,5,10.0,1,10,91.57,80,5,23320.0,74,5
tc_public_15/input.blif,37,alphasyn,"seq=10,iters=20,cpuct=1.0,mu=0.9,",6.0,1.0,925.0,29,5,10.0,1,10,92.03,85,5,23324.0,77,5
tc_public_15/input.blif,37,alphasyn,"seq=10,iters=20,cpuct=1.0,mu=0.9,",6.0,1.0,925.0,29,5,10.0,1,10,91.86,84,5,23004.0,63,5
tc_public_15/input.blif,37,alphasyn,"seq=10,iters=20,cpuct=1.0,mu=0.9,",6.0,1.0,925.0,29,5,10.0,1,10,91.68,82,5,23040.0,65,5
tc_public_15/input.blif,37,alphasyn,"seq=10,iters=20,cpuct=1.0,mu=0.9,",6.0,1.0,925.0,29,5,10.0,1,10,92.31,90,5,23484.0,87,5
tc_public_15/input.blif,37,alphasyn,"seq=10,iters=20,cpuct=1.5,mu=0.9,",6.0,1.0,925.0,29,5,10.0,1,10,91.74,83,5,23480.0,86,5
tc_public_15/input.blif,37,alphasyn,"seq=10,iters=20,cpuct=1.5,mu=0.9,",6.0,1.0,925.0,29,5,10.0,1,10,32.47,67,5,23324.0,77,5
tc_public_15/input.blif,37,alphasyn,"seq=10,iters=20,cpuct=1.5,mu=0.9,",6.0,1.0,925.0,29,5,10.0,1,10,32.59,69,5,23004.0,63,5
tc_public_15/input.blif,37,alphasyn,"seq=10,iters=20,cpuct=1.5,mu=0.9,",6.0,1.0,925.0,29,5,10.0,1,10,32.62,71,5,23360.0,84,5
tc_public_15/input.blif,37,alphasyn,"seq=10,iters=20,cpuct=1.5,mu=0.9,",6.0,1.0,925.0,29,5,10.0,1,10,32.38,64,5,23164.0,68,5
tc_public_15/input.blif,37,alphasyn,"seq=10,iters=20,cpuct=1.5,mu=0.9,",6.0,1.0,925.0,29,5,10.0,1,10,32.37,63,5,23360.0,84,5
tc_public_15/input.blif,37,alphasyn,"seq=10,iters=20,cpuct=1.5,mu=0.9,",6.0,1.0,925.0,29,5,10.0,1,10,32.61,70,5,23324.0,77,5
tc_public_15/input.blif,37,alphasyn,"seq=10,iters=20,cpuct=1.5,mu=0.9,",6.0,1.0,925.0,29,5,10.0,1,10,32.4,65,5,23320.0,74,5
tc_public_15/input.blif,37,alphasyn,"seq=10,iters=20,cpuct=1.5,mu=0.9,",6.0,1.0,925.0,29,5,10.0,1,10,32.51,68,5,23484.0,87,5
tc_public_15/input.blif,37,alphasyn,"seq=10,iters=20,cpuct=1.5,mu=0.9,",6.0,1.0,925.0,29,5,10.0,1,10,32.44,66,5,23324.0,77,5
tc_public_15/input.blif,37,baseline_mab,"steps=10,iters=20,ucb_c=0.4,seed=0",6.0,1.0,927.0,74,5,10.0,1,10,1.34,7,5,15484.0,13,5
tc_public_15/input.blif,37,baseline_mab,"steps=10,iters=20,ucb_c=0.4,seed=3",6.0,1.0,925.0,29,5,10.0,1,10,1.36,24,5,15564.0,19,5
tc_public_15/input.blif,37,baseline_mab,"steps=10,iters=20,ucb_c=0.4,seed=5",6.0,1.0,927.0,74,5,10.0,1,10,1.36,24,5,15416.0,6,5
tc_public_15/input.blif,37,baseline_mab,"steps=10,iters=20,ucb_c=0.4,seed=9",6.0,1.0,927.0,74,5,10.0,1,10,1.38,28,5,15416.0,6,5
tc_public_15/input.blif,37,baseline_mab,"steps=10,iters=20,ucb_c=1.0,seed=0",6.0,1.0,926.0,59,5,10.0,1,10,1.34,7,5,16380.0,28,5
tc_public_15/input.blif,37,baseline_mab,"steps=10,iters=20,ucb_c=1.0,seed=4",6.0,1.0,926.0,59,5,10.0,1,10,1.34,7,5,15580.0,21,5
tc_public_15/input.blif,37,baseline_mab,"steps=10,iters=20,ucb_c=1.0,seed=5",6.0,1.0,926.0,59,5,10.0,1,10,1.34,7,5,15632.0,23,5
tc_public_15/input.blif,37,baseline_mab,"steps=10,iters=20,ucb_c=1.0,seed=7",6.0,1.0,926.0,59,5,10.0,1,10,1.35,16,5,15464.0,10,5
tc_public_15/input.blif,37,baseline_mab,"steps=10,iters=20,ucb_c=1.0,seed=8",6.0,1.0,927.0,74,5,10.0,1,10,1.34,7,5,15484.0,13,5
tc_public_15/input.blif,37,baseline_mab,"steps=10,iters=20,ucb_c=1.5,seed=0",6.0,1.0,927.0,74,5,10.0,1,10,1.34,7,5,16380.0,28,5
tc_public_15/input.blif,37,baseline_mab,"steps=10,iters=20,ucb_c=1.5,seed=2",6.0,1.0,925.0,29,5,10.0,1,10,1.34,7,5,15560.0,17,5
tc_public_15/input.blif,37,baseline_mab,"steps=10,iters=20,ucb_c=1.5,seed=3",6.0,1.0,927.0,74,5,10.0,1,10,1.36,24,5,15640.0,24,5
tc_public_15/input.blif,37,baseline_mab,"steps=10,iters=20,ucb_c=1.5,seed=4",6.0,1.0,927.0,74,5,10.0,1,10,1.35,16,5,15488.0,15,5
tc_public_15/input.blif,37,baseline_mab,"steps=10,iters=20,ucb_c=1.5,seed=5",6.0,1.0,927.0,74,5,10.0,1,10,1.35,16,5,15472.0,11,5
tc_public_15/input.blif,37,baseline_mab,"steps=10,iters=20,ucb_c=1.5,seed=7",6.0,1.0,926.0,59,5,10.0,1,10,1.38,28,5,15528.0,16,5
tc_public_15/input.blif,37,baseline_mab,"steps=10,iters=20,ucb_c=1.5,seed=8",6.0,1.0,927.0,74,5,10.0,1,10,1.36,24,5,15644.0,26,5
tc_public_15/input.blif,37,baseline_mab,"steps=10,iters=20,ucb_c=1.5,seed=9",6.0,1.0,927.0,74,5,10.0,1,10,1.41,30,5,16376.0,27,5
tc_public_15/input.blif,37,baseline_mab_prefix,"steps=10,iters=20,ucb_c=0.2,seed=2",6.0,1.0,927.0,74,5,10.0,1,10,5.08,31,5,21120.0,34,5
tc_public_15/input.blif,37,baseline_mab_prefix,"steps=10,iters=20,ucb_c=0.2,seed=4",6.0,1.0,926.0,59,5,10.0,1,10,8.78,37,5,21120.0,34,5
tc_public_15/input.blif,37,baseline_mab_prefix,"steps=10,iters=20,ucb_c=0.2,seed=6",6.0,1.0,925.0,29,5,10.0,1,10,11.29,54,5,21240.0,46,5
tc_public_15/input.blif,37,baseline_mab_prefix,"steps=10,iters=20,ucb_c=0.2,seed=8",6.0,1.0,925.0,29,5,10.0,1,10,11.13,48,5,21236.0,37,5
tc_public_15/input.blif,37,baseline_mab_prefix,"steps=10,iters=20,ucb_c=0.2,seed=9",6.0,1.0,927.0,74,5,10.0,1,10,11.19,50,5,21240.0,46,5
tc_public_15/input.blif,37,baseline_mab_prefix,"steps=10,iters=20,ucb_c=0.4,seed=2",6.0,1.0,926.0,59,5,10.0,1,10,10.88,40,5,21236.0,37,5
tc_public_15/input.blif,37,baseline_mab_prefix,"steps=10,iters=20,ucb_c=0.4,seed=3",6.0,1.0,927.0,74,5,10.0,1,10,6.49,35,5,21280.0,52,5
tc_public_15/input.blif,37,baseline_mab_prefix,"steps=10,iters=20,ucb_c=0.4,seed=5",6.0,1.0,926.0,59,5,10.0,1,10,10.75,39,5,21280.0,52,5
tc_public_15/input.blif,37,baseline_mab_prefix,"steps=10,iters=20,ucb_c=0.4,seed=6",6.0,1.0,926.0,59,5,10.0,1,10,11.05,45,5,21280.0,52,5
tc_public_15/input.blif,37,baseline_mab_prefix,"steps=10,iters=20,ucb_c=0.4,seed=7",6.0,1.0,925.0,29,5,10.0,1,10,10.97,44,5,21236.0,37,5
tc_public_15/input.blif,37,baseline_mab_prefix,"steps=10,iters=20,ucb_c=0.4,seed=9",6.0,1.0,926.0,59,5,10.0,1,10,7.56,36,5,21280.0,52,5
tc_public_15/input.blif,37,baseline_mab_prefix,"steps=10,iters=20,ucb_c=0.8,seed=2",6.0,1.0,926.0,59,5,10.0,1,10,11.74,59,5,21236.0,37,5
tc_public_15/input.blif,37,baseline_mab_prefix,"steps=10,iters=20,ucb_c=0.8,seed=3",6.0,1.0,927.0,74,5,10.0,1,10,11.27,53,5,21080.0,32,5
tc_public_15/input.blif,37,baseline_mab_prefix,"steps=10,iters=20,ucb_c=0.8,seed=4",6.0,1.0,926.0,59,5,10.0,1,10,12.11,60,5,21236.0,37,5
tc_public_15/input.blif,37,baseline_mab_prefix,"steps=10,iters=20,ucb_c=0.8,seed=6",6.0,1.0,926.0,59,5,10.0,1,10,11.51,57,5,21236.0,37,5
tc_public_15/input.blif,37,baseline_mab_prefix,"steps=10,iters=20,ucb_c=0.8,seed=7",6.0,1.0,925.0,29,5,10.0,1,10,11.31,55,5,21120.0,34,5
tc_public_15/input.blif,37,baseline_mab_prefix,"steps=10,iters=20,ucb_c=0.8,seed=9",6.0,1.0,926.0,59,5,10.0,1,10,11.22,51,5,21240.0,46,5
tc_public_16/input.blif,1,baseline_mab,"steps=10,iters=20,ucb_c=1.0,seed=1",9.7,1.0,45.0,1,10,6.0,1,10,0.81,1,10,14788.0,4,7
tc_public_16/input.blif,2,baseline_mab,"steps=10,iters=20,ucb_c=1.0,seed=6",9.5,1.0,45.0,1,10,6.0,1,10,0.82,2,9,14788.0,4,7
tc_public_16/input.blif,3,baseline_mab,"steps=10,iters=20,ucb_c=0.4,seed=5",9.3,1.0,45.0,1,10,6.0,1,10,0.82,2,9,14816.0,21,5
tc_public_16/input.blif,3,baseline_mab,"steps=10,iters=20,ucb_c=1.0,seed=3",9.3,1.0,45.0,1,10,6.0,1,10,0.82,2,9,16164.0,29,5
tc_public_16/input.blif,3,baseline_mab,"steps=10,iters=20,ucb_c=1.0,seed=7",9.3,1.0,45.0,1,10,6.0,1,10,0.82,2,9,14796.0,14,5
tc_public_16/input.blif,3,baseline_mab,"steps=10,iters=20,ucb_c=1.0,seed=8",9.3,1.0,45.0,1,10,6.0,1,10,0.82,2,9,16016.0,28,5
tc_public_16/input.blif,3,baseline_mab,"steps=10,iters=20,ucb_c=1.5,seed=2",9.3,1.0,45.0,1,10,6.0,1,10,0.82,2,9,14816.0,21,5
tc_public_16/input.blif,3,baseline_mab,"steps=10,iters=20,ucb_c=1.5,seed=4",9.3,1.0,45.0,1,10,6.0,1,10,0.82,2,9,14796.0,14,5
tc_public_16/input.blif,9,baseline_mab,"steps=10,iters=20,ucb_c=1.0,seed=0",9.0,1.0,45.0,1,10,6.0,1,10,0.83,9,5,14740.0,1,10
tc_public_16/input.blif,10,baseline_mab,"steps=10,iters=20,ucb_c=1.5,seed=1",8.9,1.0,45.0,1,10,6.0,1,10,0.84,21,5,14744.0,2,9
tc_public_16/input.blif,11,baseline_mab,"steps=10,iters=20,ucb_c=0.4,seed=0",8.8,1.0,45.0,1,10,6.0,1,10,0.83,9,5,14784.0,3,8
tc_public_16/input.blif,12,baseline_mab,"steps=10,iters=20,ucb_c=0.4,seed=9",8.7,1.0,45.0,1,10,6.0,1,10,0.84,21,5,14788.0,4,7
tc_public_16/input.blif,12,baseline_mab,"steps=10,iters=20,ucb_c=1.0,seed=2",8.7,1.0,45.0,1,10,6.0,1,10,0.84,21,5,14788.0,4,7
tc_public_16/input.blif,12,baseline_mab,"steps=10,iters=20,ucb_c=1.0,seed=4",8.7,1.0,45.0,1,10,6.0,1,10,0.83,9,5,14788.0,4,7
tc_public_16/input.blif,12,baseline_mab,"steps=10,iters=20,ucb_c=1.0,seed=5",8.7,1.0,45.0,1,10,6.0,1,10,0.83,9,5,14788.0,4,7
tc_public_16/input.blif,12,baseline_mab,"steps=10,iters=20,ucb_c=1.5,seed=5",8.7,1.0,45.0,1,10,6.0,1,10,0.83,9,5,14788.0,4,7
tc_public_16/input.blif,17,alphasyn,"seq=10,iters=20,cpuct=0.5,mu=0.9,",8.5,1.0,45.0,1,10,6.0,1,10,29.63,70,5,23164.0,68,5
tc_public_16/input.blif,17,alphasyn,"seq=10,iters=20,cpuct=0.5,mu=0.9,",8.5,1.0,45.0,1,10,6.0,1,10,62.48,73,5,23484.0,88,5
tc_public_16/input.blif,17,alphasyn,"seq=10,iters=20,cpuct=0.5,mu=0.9,",8.5,1.0,45.0,1,10,6.0,1,10,65.17,74,5,23320.0,76,5
tc_public_16/input.blif,17,alphasyn,"seq=10,iters=20,cpuct=0.5,mu=0.9,",8.5,1.0,45.0,1,10,6.0,1,10,65.75,75,5,23164.0,68,5
tc_public_16/input.blif,17,alphasyn,"seq=10,iters=20,cpuct=0.5,mu=0.9,",8.5,1.0,45.0,1,10,6.0,1,10,61.92,72,5,23360.0,85,5
tc_public_16/input.blif,17,alphasyn,"seq=10,iters=20,cpuct=0.5,mu=0.9,",8.5,1.0,45.0,1,10,6.0,1,10,29.02,62,5,23160.0,64,5
tc_public_16/input.blif,17,alphasyn,"seq=10,iters=20,cpuct=0.5,mu=0.9,",8.5,1.0,45.0,1,10,6.0,1,10,82.28,84,5,23160.0,64,5
tc_public_16/input.blif,17,alphasyn,"seq=10,iters=20,cpuct=0.5,mu=0.9,",8.5,1.0,45.0,1,10,6.0,1,10,82.22,82,5,23484.0,88,5
tc_public_16/input.blif,17,alphasyn,"seq=10,iters=20,cpuct=0.5,mu=0.9,",8.5,1.0,45.0,1,10,6.0,1,10,82.35,85,5,23164.0,68,5
tc_public_16/input.blif,17,alphasyn,"seq=10,iters=20,cpuct=0.5,mu=0.9,",8.5,1.0,45.0,1,10,6.0,1,10,82.15,80,5,23160.0,64,5
tc_public_16/input.blif,17,alphasyn,"seq=10,iters=20,cpuct=1.0,mu=0.9,",8.5,1.0,45.0,1,10,6.0,1,10,82.25,83,5,23324.0,78,5
tc_public_16/input.blif,17,alphasyn,"seq=10,iters=20,cpuct=1.0,mu=0.9,",8.5,1.0,45.0,1,10,6.0,1,10,82.61,87,5,23168.0,72,5
tc_public_16/input.blif,17,alphasyn,"seq=10,iters=20,cpuct=1.0,mu=0.9,",8.5,1.0,45.0,1,10,6.0,1,10,82.05,78,5,23168.0,72,5
tc_public_16/input.blif,17,alphasyn,"seq=10,iters=20,cpuct=1.0,mu=0.9,",8.5,1.0,45.0,1,10,6.0,1,10,82.85,89,5,23324.0,78,5
tc_public_16/input.blif,17,alphasyn,"seq=10,iters=20,cpuct=1.0,mu=0.9,",8.5,1.0,45.0,1,10,6.0,1,10,82.6,86,5,23324.0,78,5
tc_public_16/input.blif,17,alphasyn,"seq=10,iters=20,cpuct=1.0,mu=0.9,",8.5,1.0,45.0,1,10,6.0,1,10,81.98,76,5,23488.0,90,5
tc_public_16/input.blif,17,alphasyn,"seq=10,iters=20,cpuct=1.0,mu=0.9,",8.5,1.0,45.0,1,10,6.0,1,10,82.13,79,5,23324.0,78,5
tc_public_16/input.blif,17,alphasyn,"seq=10,iters=20,cpuct=1.0,mu=0.9,",8.5,1.0,45.0,1,10,6.0,1,10,82.01,77,5,23480.0,86,5
tc_public_16/input.blif,17,alphasyn,"seq=10,iters=20,cpuct=1.0,mu=0.9,",8.5,1.0,45.0,1,10,6.0,1,10,82.18,81,5,23324.0,78,5
tc_public_16/input.blif,17,alphasyn,"seq=10,iters=20,cpuct=1.0,mu=0.9,",8.5,1.0,45.0,1,10,6.0,1,10,82.73,88,5,23200.0,75,5
tc_public_16/input.blif,17,alphasyn,"seq=10,iters=20,cpuct=1.5,mu=0.9,",8.5,1.0,45.0,1,10,6.0,1,10,83.04,90,5,23040.0,63,5
tc_public_16/input.blif,17,alphasyn,"seq=10,iters=20,cpuct=1.5,mu=0.9,",8.5,1.0,45.0,1,10,6.0,1,10,29.46,69,5,23480.0,86,5
tc_public_16/input.blif,17,alphasyn,"seq=10,iters=20,cpuct=1.5,mu=0.9,",8.5,1.0,45.0,1,10,6.0,1,10,29.64,71,5,23000.0,61,5
tc_public_16/input.blif,17,alphasyn,"seq=10,iters=20,cpuct=1.5,mu=0.9,",8.5,1.0,45.0,1,10,6.0,1,10,29.05,64,5,23168.0,72,5
tc_public_16/input.blif,17,alphasyn,"seq=10,iters=20,cpuct=1.5,mu=0.9,",8.5,1.0,45.0,1,10,6.0,1,10,29.04,63,5,23324.0,78,5
tc_public_16/input.blif,17,alphasyn,"seq=10,iters=20,cpuct=1.5,mu=0.9,",8.5,1.0,45.0,1,10,6.0,1,10,29.23,67,5,23320.0,76,5
tc_public_16/input.blif,17,alphasyn,"seq=10,iters=20,cpuct=1.5,mu=0.9,",8.5,1.0,45.0,1,10,6.0,1,10,29.2,66,5,23328.0,84,5
tc_public_16/input.blif,17,alphasyn,"seq=10,iters=20,cpuct=1.5,mu=0.9,",8.5,1.0,45.0,1,10,6.0,1,10,28.97,61,5,23164.0,68,5
tc_public_16/input.blif,17,alphasyn,"seq=10,iters=20,cpuct=1.5,mu=0.9,",8.5,1.0,45.0,1,10,6.0,1,10,29.09,65,5,23160.0,64,5
tc_public_16/input.blif,17,alphasyn,"seq=10,iters=20,cpuct=1.5,mu=0.9,",8.5,1.0,45.0,1,10,6.0,1,10,29.23,67,5,23004.0,62,5
tc_public_16/input.blif,17,baseline_mab,"steps=10,iters=20,ucb_c=0.4,seed=1",8.5,1.0,45.0,1,10,6.0,1,10,0.83,9,5,14812.0,18,5
tc_public_16/input.blif,17,baseline_mab,"steps=10,iters=20,ucb_c=0.4,seed=2",8.5,1.0,45.0,1,10,6.0,1,10,0.83,9,5,14812.0,18,5
tc_public_16/input.blif,17,baseline_mab,"steps=10,iters=20,ucb_c=0.4,seed=3",8.5,1.0,45.0,1,10,6.0,1,10,0.84,21,5,16008.0,27,5
tc_public_16/input.blif,17,baseline_mab,"steps=10,iters=20,ucb_c=0.4,seed=4",8.5,1.0,45.0,1,10,6.0,1,10,0.85,29,5,14816.0,21,5
tc_public_16/input.blif,17,baseline_mab,"steps=10,iters=20,ucb_c=0.4,seed=6",8.5,1.0,45.0,1,10,6.0,1,10,0.84,21,5,14792.0,11,5
tc_public_16/input.blif,17,baseline_mab,"steps=10,iters=20,ucb_c=0.4,seed=7",8.5,1.0,45.0,1,10,6.0,1,10,0.83,9,5,14792.0,11,5
tc_public_16/input.blif,17,baseline_mab,"steps=10,iters=20,ucb_c=0.4,seed=8",8.5,1.0,45.0,1,10,6.0,1,10,0.83,9,5,16176.0,30,5
tc_public_16/input.blif,17,baseline_mab,"steps=10,iters=20,ucb_c=1.0,seed=9",8.5,1.0,45.0,1,10,6.0,1,10,0.84,21,5,14796.0,14,5
tc_public_16/input.blif,17,baseline_mab,"steps=10,iters=20,ucb_c=1.5,seed=0",8.5,1.0,45.0,1,10,6.0,1,10,0.83,9,5,14824.0,24,5
tc_public_16/input.blif,17,baseline_mab,"steps=10,iters=20,ucb_c=1.5,seed=3",8.5,1.0,45.0,1,10,6.0,1,10,0.84,21,5,15724.0,25,5
tc_public_16/input.blif,17,baseline_mab,"steps=10,iters=20,ucb_c=1.5,seed=6",8.5,1.0,45.0,1,10,6.0,1,10,0.83,9,5,14812.0,18,5
tc_public_16/input.blif,17,baseline_mab,"steps=10,iters=20,ucb_c=1.5,seed=7",8.5,1.0,45.0,1,10,6.0,1,10,0.83,9,5,14796.0,14,5
tc_public_16/input.blif,17,baseline_mab,"steps=10,iters=20,ucb_c=1.5,seed=8",8.5,1.0,45.0,1,10,6.0,1,10,0.84,21,5,15852.0,26,5
tc_public_16/input.blif,17,baseline_mab,"steps=10,iters=20,ucb_c=1.5,seed=9",8.5,1.0,45.0,1,10,6.0,1,10,0.85,29,5,14792.0,11,5
tc_public_16/input.blif,17,baseline_mab_prefix,"steps=10,iters=20,ucb_c=0.2,seed=0",8.5,1.0,45.0,1,10,6.0,1,10,4.65,31,5,21076.0,33,5
tc_public_16/input.blif,17,baseline_mab_prefix,"steps=10,iters=20,ucb_c=0.2,seed=1",8.5,1.0,45.0,1,10,6.0,1,10,4.66,32,5,21236.0,42,5
tc_public_16/input.blif,17,baseline_mab_prefix,"steps=10,iters=20,ucb_c=0.2,seed=2",8.5,1.0,45.0,1,10,6.0,1,10,4.66,32,5,21280.0,56,5
tc_public_16/input.blif,17,baseline_mab_prefix,"steps=10,iters=20,ucb_c=0.2,seed=3",8.5,1.0,45.0,1,10,6.0,1,10,5.13,34,5,21236.0,42,5
tc_public_16/input.blif,17,baseline_mab_prefix,"steps=10,iters=20,ucb_c=0.2,seed=4",8.5,1.0,45.0,1,10,6.0,1,10,8.07,37,5,21280.0,56,5
tc_public_16/input.blif,17,baseline_mab_prefix,"steps=10,iters=20,ucb_c=0.2,seed=5",8.5,1.0,45.0,1,10,6.0,1,10,9.51,39,5,21240.0,54,5
tc_public_16/input.blif,17,baseline_mab_prefix,"steps=10,iters=20,ucb_c=0.2,seed=6",8.5,1.0,45.0,1,10,6.0,1,10,9.94,50,5,21236.0,42,5
tc_public_16/input.blif,17,baseline_mab_prefix,"steps=10,iters=20,ucb_c=0.2,seed=7",8.5,1.0,45.0,1,10,6.0,1,10,9.59,41,5,21080.0,35,5
tc_public_16/input.blif,17,baseline_mab_prefix,"steps=10,iters=20,ucb_c=0.2,seed=8",8.5,1.0,45.0,1,10,6.0,1,10,10.02,51,5,21280.0,56,5
tc_public_16/input.blif,17,baseline_mab_prefix,"steps=10,iters=20,ucb_c=0.2,seed=9",8.5,1.0,45.0,1,10,6.0,1,10,9.61,43,5,21240.0,54,5
tc_public_16/input.blif,17,baseline_mab_prefix,"steps=10,iters=20,ucb_c=0.4,seed=0",8.5,1.0,45.0,1,10,6.0,1,10,10.23,55,5,21120.0,36,5
tc_public_16/input.blif,17,baseline_mab_prefix,"steps=10,iters=20,ucb_c=0.4,seed=1",8.5,1.0,45.0,1,10,6.0,1,10,9.51,39,5,21120.0,36,5
tc_public_16/input.blif,17,baseline_mab_prefix,"steps=10,iters=20,ucb_c=0.4,seed=2",8.5,1.0,45.0,1,10,6.0,1,10,9.88,47,5,21236.0,42,5
tc_public_16/input.blif,17,baseline_mab_prefix,"steps=10,iters=20,ucb_c=0.4,seed=3",8.5,1.0,45.0,1,10,6.0,1,10,5.91,35,5,21236.0,42,5
tc_public_16/input.blif,17,baseline_mab_prefix,"steps=10,iters=20,ucb_c=0.4,seed=4",8.5,1.0,45.0,1,10,6.0,1,10,9.88,47,5,21120.0,36,5
tc_public_16/input.blif,17,baseline_mab_prefix,"steps=10,iters=20,ucb_c=0.4,seed=5",8.5,1.0,45.0,1,10,6.0,1,10,9.3,38,5,21236.0,42,5
tc_public_16/input.blif,17,baseline_mab_prefix,"steps=10,iters=20,ucb_c=0.4,seed=6",8.5,1.0,45.0,1,10,6.0,1,10,9.7,45,5,21120.0,36,5
tc_public_16/input.blif,17,baseline_mab_prefix,"steps=10,iters=20,ucb_c=0.4,seed=7",8.5,1.0,45.0,1,10,6.0,1,10,9.59,41,5,21120.0,36,5
tc_public_16/input.blif,17,baseline_mab_prefix,"steps=10,iters=20,ucb_c=0.4,seed=8",8.5,1.0,45.0,1,10,6.0,1,10,9.79,46,5,21236.0,42,5
tc_public_16/input.blif,17,baseline_mab_prefix,"steps=10,iters=20,ucb_c=0.4,seed=9",8.5,1.0,45.0,1,10,6.0,1,10,7.75,36,5,21076.0,33,5
tc_public_16/input.blif,17,baseline_mab_prefix,"steps=10,iters=20,ucb_c=0.8,seed=0",8.5,1.0,45.0,1,10,6.0,1,10,10.12,52,5,21236.0,42,5
tc_public_16/input.blif,17,baseline_mab_prefix,"steps=10,iters=20,ucb_c=0.8,seed=1",8.5,1.0,45.0,1,10,6.0,1,10,10.23,55,5,20940.0,32,5
tc_public_16/input.blif,17,baseline_mab_prefix,"steps=10,iters=20,ucb_c=0.8,seed=2",8.5,1.0,45.0,1,10,6.0,1,10,10.19,54,5,21236.0,42,5
tc_public_16/input.blif,17,baseline_mab_prefix,"steps=10,iters=20,ucb_c=0.8,seed=3",8.5,1.0,45.0,1,10,6.0,1,10,10.13,53,5,20916.0,31,5
tc_public_16/input.blif,17,baseline_mab_prefix,"steps=10,iters=20,ucb_c=0.8,seed=4",8.5,1.0,45.0,1,10,6.0,1,10,10.27,57,5,21120.0,36,5
tc_public_16/input.blif,17,baseline_mab_prefix,"steps=10,iters=20,ucb_c=0.8,seed=5",8.5,1.0,45.0,1,10,6.0,1,10,9.61,43,5,21236.0,42,5
tc_public_16/input.blif,17,baseline_mab_prefix,"steps=10,iters=20,ucb_c=0.8,seed=6",8.5,1.0,45.0,1,10,6.0,1,10,9.91,49,5,21236.0,42,5
tc_public_16/input.blif,17,baseline_mab_prefix,"steps=10,iters=20,ucb_c=0.8,seed=7",8.5,1.0,45.0,1,10,6.0,1,10,10.53,59,5,21280.0,56,5
tc_public_16/input.blif,17,baseline_mab_prefix,"steps=10,iters=20,ucb_c=0.8,seed=8",8.5,1.0,45.0,1,10,6.0,1,10,10.54,60,5,21396.0,60,5
tc_public_16/input.blif,17,baseline_mab_prefix,"steps=10,iters=20,ucb_c=0.8,seed=9",8.5,1.0,45.0,1,10,6.0,1,10,10.38,58,5,21236.0,42,5
tc_public_17/input.blif,1,baseline_mab,"steps=10,iters=20,ucb_c=1.5,seed=1",10.0,1.0,93.0,1,10,6.0,1,10,0.83,1,10,14788.0,1,10
tc_public_17/input.blif,2,baseline_mab,"steps=10,iters=20,ucb_c=0.4,seed=1",9.6,1.0,93.0,1,10,6.0,1,10,0.84,2,9,14792.0,3,8
tc_public_17/input.blif,2,baseline_mab,"steps=10,iters=20,ucb_c=1.0,seed=7",9.6,1.0,93.0,1,10,6.0,1,10,0.84,2,9,14792.0,3,8
tc_public_17/input.blif,4,baseline_mab,"steps=10,iters=20,ucb_c=0.4,seed=2",9.3,1.0,93.0,1,10,6.0,1,10,0.84,2,9,16012.0,24,5
tc_public_17/input.blif,4,baseline_mab,"steps=10,iters=20,ucb_c=0.4,seed=4",9.3,1.0,93.0,1,10,6.0,1,10,0.84,2,9,14796.0,7,5
tc_public_17/input.blif,4,baseline_mab,"steps=10,iters=20,ucb_c=0.4,seed=7",9.3,1.0,93.0,1,10,6.0,1,10,0.84,2,9,14796.0,7,5
tc_public_17/input.blif,4,baseline_mab,"steps=10,iters=20,ucb_c=1.5,seed=2",9.3,1.0,93.0,1,10,6.0,1,10,0.84,2,9,16012.0,24,5
tc_public_17/input.blif,8,baseline_mab,"steps=10,iters=20,ucb_c=1.0,seed=1",9.0,1.0,93.0,1,10,6.0,1,10,0.85,8,5,14788.0,1,10
tc_public_17/input.blif,9,baseline_mab,"steps=10,iters=20,ucb_c=1.0,seed=5",8.8,1.0,93.0,1,10,6.0,1,10,0.85,8,5,14792.0,3,8
tc_public_17/input.blif,9,baseline_mab,"steps=10,iters=20,ucb_c=1.5,seed=8",8.8,1.0,93.0,1,10,6.0,1,10,0.86,19,5,14792.0,3,8
tc_public_17/input.blif,11,alphasyn,"seq=10,iters=20,cpuct=0.5,mu=0.9,",8.5,1.0,93.0,1,10,6.0,1,10,30.03,71,5,23004.0,63,5
tc_public_17/input.blif,11,alphasyn,"seq=10,iters=20,cpuct=0.5,mu=0.9,",8.5,1.0,93.0,1,10,6.0,1,10,64.0,73,5,23004.0,63,5
tc_public_17/input.blif,11,alphasyn,"seq=10,iters=20,cpuct=0.5,mu=0.9,",8.5,1.0,93.0,1,10,6.0,1,10,66.98,75,5,23324.0,77,5
tc_public_17/input.blif,11,alphasyn,"seq=10,iters=20,cpuct=0.5,mu=0.9,",8.5,1.0,93.0,1,10,6.0,1,10,64.32,74,5,23172.0,71,5
tc_public_17/input.blif,11,alphasyn,"seq=10,iters=20,cpuct=0.5,mu=0.9,",8.5,1.0,93.0,1,10,6.0,1,10,62.48,72,5,23360.0,82,5
tc_public_17/input.blif,11,alphasyn,"seq=10,iters=20,cpuct=0.5,mu=0.9,",8.5,1.0,93.0,1,10,6.0,1,10,28.87,61,5,23320.0,73,5
tc_public_17/input.blif,11,alphasyn,"seq=10,iters=20,cpuct=0.5,mu=0.9,",8.5,1.0,93.0,1,10,6.0,1,10,82.85,87,5,23324.0,77,5
tc_public_17/input.blif,11,alphasyn,"seq=10,iters=20,cpuct=0.5,mu=0.9,",8.5,1.0,93.0,1,10,6.0,1,10,82.76,86,5,23320.0,73,5
tc_public_17/input.blif,11,alphasyn,"seq=10,iters=20,cpuct=0.5,mu=0.9,",8.5,1.0,93.0,1,10,6.0,1,10,82.62,82,5,23640.0,89,5
tc_public_17/input.blif,11,alphasyn,"seq=10,iters=20,cpuct=0.5,mu=0.9,",8.5,1.0,93.0,1,10,6.0,1,10,82.36,76,5,23488.0,88,5
tc_public_17/input.blif,11,alphasyn,"seq=10,iters=20,cpuct=1.0,mu=0.9,",8.5,1.0,93.0,1,10,6.0,1,10,82.4,78,5,23360.0,82,5
tc_public_17/input.blif,11,alphasyn,"seq=10,iters=20,cpuct=1.0,mu=0.9,",8.5,1.0,93.0,1,10,6.0,1,10,82.65,84,5,23164.0,67,5
tc_public_17/input.blif,11,alphasyn,"seq=10,iters=20,cpuct=1.0,mu=0.9,",8.5,1.0,93.0,1,10,6.0,1,10,82.62,82,5,23320.0,73,5
tc_public_17/input.blif,11,alphasyn,"seq=10,iters=20,cpuct=1.0,mu=0.9,",8.5,1.0,93.0,1,10,6.0,1,10,82.44,80,5,23324.0,77,5
tc_public_17/input.blif,11,alphasyn,"seq=10,iters=20,cpuct=1.0,mu=0.9,",8.5,1.0,93.0,1,10,6.0,1,10,82.91,88,5,23168.0,69,5
tc_public_17/input.blif,11,alphasyn,"seq=10,iters=20,cpuct=1.0,mu=0.9,",8.5,1.0,93.0,1,10,6.0,1,10,82.38,77,5,23320.0,73,5
tc_public_17/input.blif,11,alphasyn,"seq=10,iters=20,cpuct=1.0,mu=0.9,",8.5,1.0,93.0,1,10,6.0,1,10,83.13,89,5,23200.0,72,5
tc_public_17/input.blif,11,alphasyn,"seq=10,iters=20,cpuct=1.0,mu=0.9,",8.5,1.0,93.0,1,10,6.0,1,10,82.43,79,5,23324.0,77,5
tc_public_17/input.blif,11,alphasyn,"seq=10,iters=20,cpuct=1.0,mu=0.9,",8.5,1.0,93.0,1,10,6.0,1,10,82.44,80,5,23480.0,84,5
tc_public_17/input.blif,11,alphasyn,"seq=10,iters=20,cpuct=1.0,mu=0.9,",8.5,1.0,93.0,1,10,6.0,1,10,82.68,85,5,23324.0,77,5
tc_public_17/input.blif,11,alphasyn,"seq=10,iters=20,cpuct=1.5,mu=0.9,",8.5,1.0,93.0,1,10,6.0,1,10,83.33,90,5,23484.0,87,5
tc_public_17/input.blif,11,alphasyn,"seq=10,iters=20,cpuct=1.5,mu=0.9,",8.5,1.0,93.0,1,10,6.0,1,10,29.32,67,5,23168.0,69,5
tc_public_17/input.blif,11,alphasyn,"seq=10,iters=20,cpuct=1.5,mu=0.9,",8.5,1.0,93.0,1,10,6.0,1,10,29.46,70,5,23008.0,65,5
tc_public_17/input.blif,11,alphasyn,"seq=10,iters=20,cpuct=1.5,mu=0.9,",8.5,1.0,93.0,1,10,6.0,1,10,29.21,64,5,23000.0,61,5
tc_public_17/input.blif,11,alphasyn,"seq=10,iters=20,cpuct=1.5,mu=0.9,",8.5,1.0,93.0,1,10,6.0,1,10,29.1,62,5,23480.0,84,5
tc_public_17/input.blif,11,alphasyn,"seq=10,iters=20,cpuct=1.5,mu=0.9,",8.5,1.0,93.0,1,10,6.0,1,10,29.39,69,5,23000.0,61,5
tc_public_17/input.blif,11,alphasyn,"seq=10,iters=20,cpuct=1.5,mu=0.9,",8.5,1.0,93.0,1,10,6.0,1,10,29.2,63,5,23480.0,84,5
tc_public_17/input.blif,11,alphasyn,"seq=10,iters=20,cpuct=1.5,mu=0.9,",8.5,1.0,93.0,1,10,6.0,1,10,29.25,65,5,23160.0,66,5
tc_public_17/input.blif,11,alphasyn,"seq=10,iters=20,cpuct=1.5,mu=0.9,",8.5,1.0,93.0,1,10,6.0,1,10,29.35,68,5,23164.0,67,5
tc_public_17/input.blif,11,alphasyn,"seq=10,iters=20,cpuct=1.5,mu=0.9,",8.5,1.0,93.0,1,10,6.0,1,10,29.25,65,5,23640.0,89,5
tc_public_17/input.blif,11,baseline_mab,"steps=10,iters=20,ucb_c=0.4,seed=0",8.5,1.0,93.0,1,10,6.0,1,10,0.86,19,5,16012.0,24,5
tc_public_17/input.blif,11,baseline_mab,"steps=10,iters=20,ucb_c=0.4,seed=3",8.5,1.0,93.0,1,10,6.0,1,10,0.86,19,5,15732.0,19,5
tc_public_17/input.blif,11,baseline_mab,"steps=10,iters=20,ucb_c=0.4,seed=5",8.5,1.0,93.0,1,10,6.0,1,10,0.86,19,5,14836.0,16,5
tc_public_17/input.blif,11,baseline_mab,"steps=10,iters=20,ucb_c=0.4,seed=6",8.5,1.0,93.0,1,10,6.0,1,10,0.86,19,5,14796.0,7,5
tc_public_17/input.blif,11,baseline_mab,"steps=10,iters=20,ucb_c=0.4,seed=8",8.5,1.0,93.0,1,10,6.0,1,10,0.85,8,5,14820.0,15,5
tc_public_17/input.blif,11,baseline_mab,"steps=10,iters=20,ucb_c=0.4,seed=9",8.5,1.0,93.0,1,10,6.0,1,10,0.86,19,5,15856.0,20,5
tc_public_17/input.blif,11,baseline_mab,"steps=10,iters=20,ucb_c=1.0,seed=0",8.5,1.0,93.0,1,10,6.0,1,10,0.85,8,5,16012.0,24,5
tc_public_17/input.blif,11,baseline_mab,"steps=10,iters=20,ucb_c=1.0,seed=2",8.5,1.0,93.0,1,10,6.0,1,10,0.85,8,5,16172.0,30,5
tc_public_17/input.blif,11,baseline_mab,"steps=10,iters=20,ucb_c=1.0,seed=3",8.5,1.0,93.0,1,10,6.0,1,10,0.86,19,5,15856.0,20,5
tc_public_17/input.blif,11,baseline_mab,"steps=10,iters=20,ucb_c=1.0,seed=4",8.5,1.0,93.0,1,10,6.0,1,10,0.86,19,5,14816.0,14,5
tc_public_17/input.blif,11,baseline_mab,"steps=10,iters=20,ucb_c=1.0,seed=6",8.5,1.0,93.0,1,10,6.0,1,10,0.85,8,5,14880.0,17,5
tc_public_17/input.blif,11,baseline_mab,"steps=10,iters=20,ucb_c=1.0,seed=8",8.5,1.0,93.0,1,10,6.0,1,10,0.85,8,5,14880.0,17,5
tc_public_17/input.blif,11,baseline_mab,"steps=10,iters=20,ucb_c=1.0,seed=9",8.5,1.0,93.0,1,10,6.0,1,10,0.86,19,5,15856.0,20,5
tc_public_17/input.blif,11,baseline_mab,"steps=10,iters=20,ucb_c=1.5,seed=0",8.5,1.0,93.0,1,10,6.0,1,10,0.85,8,5,16012.0,24,5
tc_public_17/input.blif,11,baseline_mab,"steps=10,iters=20,ucb_c=1.5,seed=3",8.5,1.0,93.0,1,10,6.0,1,10,0.85,8,5,16012.0,24,5
tc_public_17/input.blif,11,baseline_mab,"steps=10,iters=20,ucb_c=1.5,seed=4",8.5,1.0,93.0,1,10,6.0,1,10,0.86,19,5,14800.0,12,5
tc_public_17/input.blif,11,baseline_mab,"steps=10,iters=20,ucb_c=1.5,seed=5",8.5,1.0,93.0,1,10,6.0,1,10,0.86,19,5,14796.0,7,5
tc_public_17/input.blif,11,baseline_mab,"steps=10,iters=20,ucb_c=1.5,seed=6",8.5,1.0,93.0,1,10,6.0,1,10,0.85,8,5,14796.0,7,5
tc_public_17/input.blif,11,baseline_mab,"steps=10,iters=20,ucb_c=1.5,seed=7",8.5,1.0,93.0,1,10,6.0,1,10,0.85,8,5,14800.0,12,5
tc_public_17/input.blif,11,baseline_mab,"steps=10,iters=20,ucb_c=1.5,seed=9",8.5,1.0,93.0,1,10,6.0,1,10,0.91,30,5,15860.0,23,5
tc_public_17/input.blif,11,baseline_mab_prefix,"steps=10,iters=20,ucb_c=0.2,seed=0",8.5,1.0,93.0,1,10,6.0,1,10,4.63,31,5,21236.0,43,5
tc_public_17/input.blif,11,baseline_mab_prefix,"steps=10,iters=20,ucb_c=0.2,seed=1",8.5,1.0,93.0,1,10,6.0,1,10,4.67,32,5,21236.0,43,5
tc_public_17/input.blif,11,baseline_mab_prefix,"steps=10,iters=20,ucb_c=0.2,seed=2",8.5,1.0,93.0,1,10,6.0,1,10,4.71,33,5,21120.0,35,5
tc_public_17/input.blif,11,baseline_mab_prefix,"steps=10,iters=20,ucb_c=0.2,seed=3",8.5,1.0,93.0,1,10,6.0,1,10,5.23,34,5,21236.0,43,5
tc_public_17/input.blif,11,baseline_mab_prefix,"steps=10,iters=20,ucb_c=0.2,seed=4",8.5,1.0,93.0,1,10,6.0,1,10,8.43,37,5,21120.0,35,5
tc_public_17/input.blif,11,baseline_mab_prefix,"steps=10,iters=20,ucb_c=0.2,seed=5",8.5,1.0,93.0,1,10,6.0,1,10,9.7,39,5,21280.0,56,5
tc_public_17/input.blif,11,baseline_mab_prefix,"steps=10,iters=20,ucb_c=0.2,seed=6",8.5,1.0,93.0,1,10,6.0,1,10,10.17,51,5,21280.0,56,5
tc_public_17/input.blif,11,baseline_mab_prefix,"steps=10,iters=20,ucb_c=0.2,seed=7",8.5,1.0,93.0,1,10,6.0,1,10,9.7,39,5,21236.0,43,5
tc_public_17/input.blif,11,baseline_mab_prefix,"steps=10,iters=20,ucb_c=0.2,seed=8",8.5,1.0,93.0,1,10,6.0,1,10,9.82,44,5,21236.0,43,5
tc_public_17/input.blif,11,baseline_mab_prefix,"steps=10,iters=20,ucb_c=0.2,seed=9",8.5,1.0,93.0,1,10,6.0,1,10,9.96,47,5,21120.0,35,5
tc_public_17/input.blif,11,baseline_mab_prefix,"steps=10,iters=20,ucb_c=0.4,seed=0",8.5,1.0,93.0,1,10,6.0,1,10,9.9,46,5,21120.0,35,5
tc_public_17/input.blif,11,baseline_mab_prefix,"steps=10,iters=20,ucb_c=0.4,seed=1",8.5,1.0,93.0,1,10,6.0,1,10,9.98,48,5,21120.0,35,5
tc_public_17/input.blif,11,baseline_mab_prefix,"steps=10,iters=20,ucb_c=0.4,seed=2",8.5,1.0,93.0,1,10,6.0,1,10,10.09,49,5,21236.0,43,5
tc_public_17/input.blif,11,baseline_mab_prefix,"steps=10,iters=20,ucb_c=0.4,seed=3",8.5,1.0,93.0,1,10,6.0,1,10,6.1,35,5,21280.0,56,5
tc_public_17/input.blif,11,baseline_mab_prefix,"steps=10,iters=20,ucb_c=0.4,seed=4",8.5,1.0,93.0,1,10,6.0,1,10,9.84,45,5,21280.0,56,5
tc_public_17/input.blif,11,baseline_mab_prefix,"steps=10,iters=20,ucb_c=0.4,seed=5",8.5,1.0,93.0,1,10,6.0,1,10,9.32,38,5,21120.0,35,5
tc_public_17/input.blif,11,baseline_mab_prefix,"steps=10,iters=20,ucb_c=0.4,seed=6",8.5,1.0,93.0,1,10,6.0,1,10,9.77,42,5,21236.0,43,5
tc_public_17/input.blif,11,baseline_mab_prefix,"steps=10,iters=20,ucb_c=0.4,seed=7",8.5,1.0,93.0,1,10,6.0,1,10,10.13,50,5,20960.0,31,5
tc_public_17/input.blif,11,baseline_mab_prefix,"steps=10,iters=20,ucb_c=0.4,seed=8",8.5,1.0,93.0,1,10,6.0,1,10,9.8,43,5,21240.0,53,5
tc_public_17/input.blif,11,baseline_mab_prefix,"steps=10,iters=20,ucb_c=0.4,seed=9",8.5,1.0,93.0,1,10,6.0,1,10,7.97,36,5,21240.0,53,5
tc_public_17/input.blif,11,baseline_mab_prefix,"steps=10,iters=20,ucb_c=0.8,seed=0",8.5,1.0,93.0,1,10,6.0,1,10,10.84,60,5,21280.0,56,5
tc_public_17/input.blif,11,baseline_mab_prefix,"steps=10,iters=20,ucb_c=0.8,seed=1",8.5,1.0,93.0,1,10,6.0,1,10,10.21,52,5,21236.0,43,5
tc_public_17/input.blif,11,baseline_mab_prefix,"steps=10,iters=20,ucb_c=0.8,seed=2",8.5,1.0,93.0,1,10,6.0,1,10,10.21,52,5,21120.0,35,5
tc_public_17/input.blif,11,baseline_mab_prefix,"steps=10,iters=20,ucb_c=0.8,seed=3",8.5,1.0,93.0,1,10,6.0,1,10,10.21,52,5,21120.0,35,5
tc_public_17/input.blif,11,baseline_mab_prefix,"steps=10,iters=20,ucb_c=0.8,seed=4",8.5,1.0,93.0,1,10,6.0,1,10,10.37,58,5,21236.0,43,5
tc_public_17/input.blif,11,baseline_mab_prefix,"steps=10,iters=20,ucb_c=0.8,seed=5",8.5,1.0,93.0,1,10,6.0,1,10,9.73,41,5,20960.0,31,5
tc_public_17/input.blif,11,baseline_mab_prefix,"steps=10,iters=20,ucb_c=0.8,seed=6",8.5,1.0,93.0,1,10,6.0,1,10,10.21,52,5,21236.0,43,5
tc_public_17/input.blif,11,baseline_mab_prefix,"steps=10,iters=20,ucb_c=0.8,seed=7",8.5,1.0,93.0,1,10,6.0,1,10,10.31,56,5,21076.0,34,5
tc_public_17/input.blif,11,baseline_mab_prefix,"steps=10,iters=20,ucb_c=0.8,seed=8",8.5,1.0,93.0,1,10,6.0,1,10,10.33,57,5,20960.0,31,5
tc_public_17/input.blif,11,baseline_mab_prefix,"steps=10,iters=20,ucb_c=0.8,seed=9",8.5,1.0,93.0,1,10,6.0,1,10,10.37,58,5,21240.0,53,5
tc_public_18/input.blif,1,alphasyn,"seq=10,iters=20,cpuct=0.5,mu=0.9,",8.5,1.0,498.0,1,10,12.0,1,10,32.2,71,5,22680.0,62,5
tc_public_18/input.blif,1,alphasyn,"seq=10,iters=20,cpuct=0.5,mu=0.9,",8.5,1.0,498.0,1,10,12.0,1,10,59.58,73,5,23000.0,70,5
tc_public_18/input.blif,1,alphasyn,"seq=10,iters=20,cpuct=0.5,mu=0.9,",8.5,1.0,498.0,1,10,12.0,1,10,62.13,75,5,22880.0,68,5
tc_public_18/input.blif,1,alphasyn,"seq=10,iters=20,cpuct=0.5,mu=0.9,",8.5,1.0,498.0,1,10,12.0,1,10,61.3,74,5,23164.0,80,5
tc_public_18/input.blif,1,alphasyn,"seq=10,iters=20,cpuct=0.5,mu=0.9,",8.5,1.0,498.0,1,10,12.0,1,10,59.54,72,5,23000.0,70,5
tc_public_18/input.blif,1,alphasyn,"seq=10,iters=20,cpuct=0.5,mu=0.9,",8.5,1.0,498.0,1,10,12.0,1,10,26.88,61,5,22848.0,67,5
tc_public_18/input.blif,1,alphasyn,"seq=10,iters=20,cpuct=0.5,mu=0.9,",8.5,1.0,498.0,1,10,12.0,1,10,77.29,78,5,22844.0,65,5
tc_public_18/input.blif,1,alphasyn,"seq=10,iters=20,cpuct=0.5,mu=0.9,",8.5,1.0,498.0,1,10,12.0,1,10,77.21,77,5,23004.0,74,5
tc_public_18/input.blif,1,alphasyn,"seq=10,iters=20,cpuct=0.5,mu=0.9,",8.5,1.0,498.0,1,10,12.0,1,10,77.29,78,5,22844.0,65,5
tc_public_18/input.blif,1,alphasyn,"seq=10,iters=20,cpuct=0.5,mu=0.9,",8.5,1.0,498.0,1,10,12.0,1,10,76.81,76,5,23164.0,80,5
tc_public_18/input.blif,1,alphasyn,"seq=10,iters=20,cpuct=1.0,mu=0.9,",8.5,1.0,498.0,1,10,12.0,1,10,81.14,80,5,23004.0,74,5
tc_public_18/input.blif,1,alphasyn,"seq=10,iters=20,cpuct=1.0,mu=0.9,",8.5,1.0,498.0,1,10,12.0,1,10,81.26,83,5,23324.0,89,5
tc_public_18/input.blif,1,alphasyn,"seq=10,iters=20,cpuct=1.0,mu=0.9,",8.5,1.0,498.0,1,10,12.0,1,10,81.9,86,5,23000.0,70,5
tc_public_18/input.blif,1,alphasyn,"seq=10,iters=20,cpuct=1.0,mu=0.9,",8.5,1.0,498.0,1,10,12.0,1,10,81.49,84,5,23004.0,74,5
tc_public_18/input.blif,1,alphasyn,"seq=10,iters=20,cpuct=1.0,mu=0.9,",8.5,1.0,498.0,1,10,12.0,1,10,81.99,87,5,22684.0,63,5
tc_public_18/input.blif,1,alphasyn,"seq=10,iters=20,cpuct=1.0,mu=0.9,",8.5,1.0,498.0,1,10,12.0,1,10,81.15,81,5,23160.0,79,5
tc_public_18/input.blif,1,alphasyn,"seq=10,iters=20,cpuct=1.0,mu=0.9,",8.5,1.0,498.0,1,10,12.0,1,10,82.41,89,5,23164.0,80,5
tc_public_18/input.blif,1,alphasyn,"seq=10,iters=20,cpuct=1.0,mu=0.9,",8.5,1.0,498.0,1,10,12.0,1,10,82.02,88,5,23008.0,78,5
tc_public_18/input.blif,1,alphasyn,"seq=10,iters=20,cpuct=1.0,mu=0.9,",8.5,1.0,498.0,1,10,12.0,1,10,81.24,82,5,23004.0,74,5
tc_public_18/input.blif,1,alphasyn,"seq=10,iters=20,cpuct=1.0,mu=0.9,",8.5,1.0,498.0,1,10,12.0,1,10,81.75,85,5,23168.0,84,5
tc_public_18/input.blif,1,alphasyn,"seq=10,iters=20,cpuct=1.5,mu=0.9,",8.5,1.0,498.0,1,10,12.0,1,10,86.11,90,5,23168.0,84,5
tc_public_18/input.blif,1,alphasyn,"seq=10,iters=20,cpuct=1.5,mu=0.9,",8.5,1.0,498.0,1,10,12.0,1,10,30.52,65,5,23200.0,87,5
tc_public_18/input.blif,1,alphasyn,"seq=10,iters=20,cpuct=1.5,mu=0.9,",8.5,1.0,498.0,1,10,12.0,1,10,30.73,68,5,22840.0,64,5
tc_public_18/input.blif,1,alphasyn,"seq=10,iters=20,cpuct=1.5,mu=0.9,",8.5,1.0,498.0,1,10,12.0,1,10,30.43,62,5,23320.0,88,5
tc_public_18/input.blif,1,alphasyn,"seq=10,iters=20,cpuct=1.5,mu=0.9,",8.5,1.0,498.0,1,10,12.0,1,10,30.51,64,5,23168.0,84,5
tc_public_18/input.blif,1,alphasyn,"seq=10,iters=20,cpuct=1.5,mu=0.9,",8.5,1.0,498.0,1,10,12.0,1,10,30.83,70,5,23164.0,80,5
tc_public_18/input.blif,1,alphasyn,"seq=10,iters=20,cpuct=1.5,mu=0.9,",8.5,1.0,498.0,1,10,12.0,1,10,30.5,63,5,22560.0,61,5
tc_public_18/input.blif,1,alphasyn,"seq=10,iters=20,cpuct=1.5,mu=0.9,",8.5,1.0,498.0,1,10,12.0,1,10,30.59,67,5,23000.0,70,5
tc_public_18/input.blif,1,alphasyn,"seq=10,iters=20,cpuct=1.5,mu=0.9,",8.5,1.0,498.0,1,10,12.0,1,10,30.75,69,5,22880.0,68,5
tc_public_18/input.blif,1,alphasyn,"seq=10,iters=20,cpuct=1.5,mu=0.9,",8.5,1.0,498.0,1,10,12.0,1,10,30.55,66,5,23324.0,89,5
tc_public_18/input.blif,1,baseline_mab_prefix,"steps=10,iters=20,ucb_c=0.2,seed=0",8.5,1.0,498.0,1,10,12.0,1,10,5.25,33,5,21240.0,41,5
tc_public_18/input.blif,1,baseline_mab_prefix,"steps=10,iters=20,ucb_c=0.2,seed=9",8.5,1.0,498.0,1,10,12.0,1,10,10.7,43,5,21280.0,49,5
tc_public_18/input.blif,1,baseline_mab_prefix,"steps=10,iters=20,ucb_c=0.4,seed=0",8.5,1.0,498.0,1,10,12.0,1,10,10.72,46,5,21244.0,47,5
tc_public_18/input.blif,1,baseline_mab_prefix,"steps=10,iters=20,ucb_c=0.4,seed=3",8.5,1.0,498.0,1,10,12.0,1,10,6.34,35,5,21236.0,38,5
tc_public_18/input.blif,1,baseline_mab_prefix,"steps=10,iters=20,ucb_c=0.4,seed=8",8.5,1.0,498.0,1,10,12.0,1,10,10.7,43,5,21396.0,58,5
tc_public_18/input.blif,1,baseline_mab_prefix,"steps=10,iters=20,ucb_c=0.8,seed=0",8.5,1.0,498.0,1,10,12.0,1,10,11.1,57,5,21236.0,38,5
tc_public_18/input.blif,1,baseline_mab_prefix,"steps=10,iters=20,ucb_c=0.8,seed=3",8.5,1.0,498.0,1,10,12.0,1,10,11.51,60,5,21244.0,47,5
tc_public_18/input.blif,1,baseline_mab_prefix,"steps=10,iters=20,ucb_c=0.8,seed=8",8.5,1.0,498.0,1,10,12.0,1,10,11.42,59,5,21280.0,49,5
tc_public_18/input.blif,39,baseline_mab,"steps=10,iters=20,ucb_c=1.0,seed=1",7.5,1.0,504.0,64,5,12.0,1,10,1.24,1,10,14812.0,1,10
tc_public_18/input.blif,40,baseline_mab,"steps=10,iters=20,ucb_c=1.5,seed=4",7.0,1.0,504.0,64,5,12.0,1,10,1.24,1,10,14860.0,9,5
tc_public_18/input.blif,41,baseline_mab,"steps=10,iters=20,ucb_c=0.4,seed=2",6.8,1.0,504.0,64,5,12.0,1,10,1.25,3,8,14848.0,4,7
tc_public_18/input.blif,42,baseline_mab,"steps=10,iters=20,ucb_c=0.4,seed=8",6.6,1.0,504.0,64,5,12.0,1,10,1.25,3,8,14960.0,16,5
tc_public_18/input.blif,42,baseline_mab,"steps=10,iters=20,ucb_c=1.0,seed=0",6.6,1.0,504.0,64,5,12.0,1,10,1.25,3,8,14980.0,27,5
tc_public_18/input.blif,42,baseline_mab,"steps=10,iters=20,ucb_c=1.0,seed=2",6.6,1.0,504.0,64,5,12.0,1,10,1.25,3,8,14856.0,7,5
tc_public_18/input.blif,42,baseline_mab,"steps=10,iters=20,ucb_c=1.0,seed=3",6.6,1.0,501.0,39,5,12.0,1,10,1.25,3,8,14968.0,19,5
tc_public_18/input.blif,46,baseline_mab,"steps=10,iters=20,ucb_c=1.0,seed=4",6.4,1.0,504.0,64,5,12.0,1,10,1.27,14,5,14840.0,2,9
tc_public_18/input.blif,47,baseline_mab,"steps=10,iters=20,ucb_c=0.4,seed=1",6.3,1.0,504.0,64,5,12.0,1,10,1.26,8,5,14844.0,3,8
tc_public_18/input.blif,48,baseline_mab,"steps=10,iters=20,ucb_c=1.0,seed=5",6.1,1.0,504.0,64,5,12.0,1,10,1.27,14,5,14852.0,5,6
tc_public_18/input.blif,48,baseline_mab,"steps=10,iters=20,ucb_c=1.5,seed=7",6.1,1.0,504.0,64,5,12.0,1,10,1.27,14,5,14852.0,5,6
tc_public_18/input.blif,50,baseline_mab,"steps=10,iters=20,ucb_c=0.4,seed=0",6.0,1.0,504.0,64,5,12.0,1,10,1.27,14,5,14976.0,26,5
tc_public_18/input.blif,50,baseline_mab,"steps=10,iters=20,ucb_c=0.4,seed=3",6.0,1.0,501.0,39,5,12.0,1,10,1.3,29,5,14972.0,24,5
tc_public_18/input.blif,50,baseline_mab,"steps=10,iters=20,ucb_c=0.4,seed=4",6.0,1.0,504.0,64,5,12.0,1,10,1.26,8,5,14872.0,11,5
tc_public_18/input.blif,50,baseline_mab,"steps=10,iters=20,ucb_c=0.4,seed=5",6.0,1.0,504.0,64,5,12.0,1,10,1.26,8,5,14968.0,19,5
tc_public_18/input.blif,50,baseline_mab,"steps=10,iters=20,ucb_c=0.4,seed=6",6.0,1.0,504.0,64,5,12.0,1,10,1.29,27,5,14956.0,15,5
tc_public_18/input.blif,50,baseline_mab,"steps=10,iters=20,ucb_c=0.4,seed=7",6.0,1.0,504.0,64,5,12.0,1,10,1.27,14,5,14980.0,27,5
tc_public_18/input.blif,50,baseline_mab,"steps=10,iters=20,ucb_c=0.4,seed=9",6.0,1.0,504.0,64,5,12.0,1,10,1.28,23,5,14984.0,30,5
tc_public_18/input.blif,50,baseline_mab,"steps=10,iters=20,ucb_c=1.0,seed=6",6.0,1.0,504.0,64,5,12.0,1,10,1.26,8,5,14964.0,18,5
tc_public_18/input.blif,50,baseline_mab,"steps=10,iters=20,ucb_c=1.0,seed=7",6.0,1.0,504.0,64,5,12.0,1,10,1.28,23,5,14980.0,27,5
tc_public_18/input.blif,50,baseline_mab,"steps=10,iters=20,ucb_c=1.0,seed=8",6.0,1.0,504.0,64,5,12.0,1,10,1.28,23,5,14872.0,11,5
tc_public_18/input.blif,50,baseline_mab,"steps=10,iters=20,ucb_c=1.0,seed=9",6.0,1.0,504.0,64,5,12.0,1,10,1.27,14,5,14880.0,13,5
tc_public_18/input.blif,50,baseline_mab,"steps=10,iters=20,ucb_c=1.5,seed=0",6.0,1.0,504.0,64,5,12.0,1,10,1.26,8,5,14968.0,19,5
tc_public_18/input.blif,50,baseline_mab,"steps=10,iters=20,ucb_c=1.5,seed=1",6.0,1.0,504.0,64,5,12.0,1,10,1.28,23,5,14972.0,24,5
tc_public_18/input.blif,50,baseline_mab,"steps=10,iters=20,ucb_c=1.5,seed=2",6.0,1.0,504.0,64,5,12.0,1,10,1.27,14,5,14856.0,7,5
tc_public_18/input.blif,50,baseline_mab,"steps=10,iters=20,ucb_c=1.5,seed=3",6.0,1.0,501.0,39,5,12.0,1,10,1.27,14,5,14968.0,19,5
tc_public_18/input.blif,50,baseline_mab,"steps=10,iters=20,ucb_c=1.5,seed=5",6.0,1.0,504.0,64,5,12.0,1,10,1.26,8,5,14968.0,19,5
tc_public_18/input.blif,50,baseline_mab,"steps=10,iters=20,ucb_c=1.5,seed=6",6.0,1.0,504.0,64,5,12.0,1,10,1.29,27,5,14960.0,16,5
tc_public_18/input.blif,50,baseline_mab,"steps=10,iters=20,ucb_c=1.5,seed=8",6.0,1.0,504.0,64,5,12.0,1,10,1.27,14,5,14868.0,10,5
tc_public_18/input.blif,50,baseline_mab,"steps=10,iters=20,ucb_c=1.5,seed=9",6.0,1.0,504.0,64,5,12.0,1,10,1.3,29,5,14880.0,13,5
tc_public_18/input.blif,50,baseline_mab_prefix,"steps=10,iters=20,ucb_c=0.2,seed=1",6.0,1.0,501.0,39,5,12.0,1,10,5.18,32,5,21240.0,41,5
tc_public_18/input.blif,50,baseline_mab_prefix,"steps=10,iters=20,ucb_c=0.2,seed=2",6.0,1.0,501.0,39,5,12.0,1,10,5.17,31,5,21120.0,32,5
tc_public_18/input.blif,50,baseline_mab_prefix,"steps=10,iters=20,ucb_c=0.2,seed=3",6.0,1.0,501.0,39,5,12.0,1,10,5.79,34,5,21076.0,31,5
tc_public_18/input.blif,50,baseline_mab_prefix,"steps=10,iters=20,ucb_c=0.2,seed=4",6.0,1.0,501.0,39,5,12.0,1,10,9.54,37,5,21280.0,49,5
tc_public_18/input.blif,50,baseline_mab_prefix,"steps=10,iters=20,ucb_c=0.2,seed=5",6.0,1.0,501.0,39,5,12.0,1,10,10.71,45,5,21120.0,32,5
tc_public_18/input.blif,50,baseline_mab_prefix,"steps=10,iters=20,ucb_c=0.2,seed=6",6.0,1.0,501.0,39,5,12.0,1,10,10.87,51,5,21240.0,41,5
tc_public_18/input.blif,50,baseline_mab_prefix,"steps=10,iters=20,ucb_c=0.2,seed=7",6.0,1.0,501.0,39,5,12.0,1,10,10.72,46,5,21240.0,41,5
tc_public_18/input.blif,50,baseline_mab_prefix,"steps=10,iters=20,ucb_c=0.2,seed=8",6.0,1.0,501.0,39,5,12.0,1,10,11.01,54,5,21240.0,41,5
tc_public_18/input.blif,50,baseline_mab_prefix,"steps=10,iters=20,ucb_c=0.4,seed=1",6.0,1.0,501.0,39,5,12.0,1,10,10.63,41,5,21120.0,32,5
tc_public_18/input.blif,50,baseline_mab_prefix,"steps=10,iters=20,ucb_c=0.4,seed=2",6.0,1.0,501.0,39,5,12.0,1,10,10.4,38,5,21240.0,41,5
tc_public_18/input.blif,50,baseline_mab_prefix,"steps=10,iters=20,ucb_c=0.4,seed=4",6.0,1.0,501.0,39,5,12.0,1,10,10.5,40,5,21120.0,32,5
tc_public_18/input.blif,50,baseline_mab_prefix,"steps=10,iters=20,ucb_c=0.4,seed=5",6.0,1.0,501.0,39,5,12.0,1,10,10.44,39,5,21280.0,49,5
tc_public_18/input.blif,50,baseline_mab_prefix,"steps=10,iters=20,ucb_c=0.4,seed=6",6.0,1.0,501.0,39,5,12.0,1,10,10.86,49,5,21280.0,49,5
tc_public_18/input.blif,50,baseline_mab_prefix,"steps=10,iters=20,ucb_c=0.4,seed=7",6.0,1.0,501.0,39,5,12.0,1,10,10.69,42,5,21280.0,49,5
tc_public_18/input.blif,50,baseline_mab_prefix,"steps=10,iters=20,ucb_c=0.4,seed=9",6.0,1.0,501.0,39,5,12.0,1,10,8.72,36,5,21120.0,32,5
tc_public_18/input.blif,50,baseline_mab_prefix,"steps=10,iters=20,ucb_c=0.8,seed=1",6.0,1.0,501.0,39,5,12.0,1,10,11.37,58,5,21280.0,49,5
tc_public_18/input.blif,50,baseline_mab_prefix,"steps=10,iters=20,ucb_c=0.8,seed=2",6.0,1.0,501.0,39,5,12.0,1,10,10.86,49,5,21396.0,58,5
tc_public_18/input.blif,50,baseline_mab_prefix,"steps=10,iters=20,ucb_c=0.8,seed=4",6.0,1.0,501.0,39,5,12.0,1,10,10.99,52,5,21280.0,49,5
tc_public_18/input.blif,50,baseline_mab_prefix,"steps=10,iters=20,ucb_c=0.8,seed=5",6.0,1.0,501.0,39,5,12.0,1,10,11.05,55,5,21120.0,32,5
tc_public_18/input.blif,50,baseline_mab_prefix,"steps=10,iters=20,ucb_c=0.8,seed=6",6.0,1.0,501.0,39,5,12.0,1,10,11.08,56,5,21236.0,38,5
tc_public_18/input.blif,50,baseline_mab_prefix,"steps=10,iters=20,ucb_c=0.8,seed=7",6.0,1.0,501.0,39,5,12.0,1,10,10.76,48,5,21280.0,49,5
tc_public_18/input.blif,50,baseline_mab_prefix,"steps=10,iters=20,ucb_c=0.8,seed=9",6.0,1.0,501.0,39,5,12.0,1,10,11.0,53,5,21400.0,60,5
tc_public_19/input.blif,1,baseline_mab_prefix,"steps=10,iters=20,ucb_c=0.4,seed=2",8.5,1.0,5214.0,1,10,18.0,1,10,19.63,41,5,21280.0,56,5
tc_public_19/input.blif,1,baseline_mab_prefix,"steps=10,iters=20,ucb_c=0.8,seed=2",8.5,1.0,5214.0,1,10,18.0,1,10,20.68,55,5,21236.0,40,5
tc_public_19/input.blif,3,alphasyn,"seq=10,iters=20,cpuct=0.5,mu=0.9,",7.5,1.0,5217.0,3,8,18.0,1,10,17.6,38,5,21404.0,68,5
tc_public_19/input.blif,3,alphasyn,"seq=10,iters=20,cpuct=0.5,mu=0.9,",7.5,1.0,5217.0,3,8,18.0,1,10,36.15,64,5,21080.0,35,5
tc_public_19/input.blif,3,alphasyn,"seq=10,iters=20,cpuct=0.5,mu=0.9,",7.5,1.0,5217.0,3,8,18.0,1,10,38.15,66,5,21248.0,54,5
tc_public_19/input.blif,3,alphasyn,"seq=10,iters=20,cpuct=0.5,mu=0.9,",7.5,1.0,5217.0,3,8,18.0,1,10,36.61,65,5,21240.0,50,5
tc_public_19/input.blif,3,alphasyn,"seq=10,iters=20,cpuct=0.5,mu=0.9,",7.5,1.0,5217.0,3,8,18.0,1,10,35.09,63,5,21088.0,38,5
tc_public_19/input.blif,3,alphasyn,"seq=10,iters=20,cpuct=0.5,mu=0.9,",7.5,1.0,5217.0,3,8,18.0,1,10,15.96,36,5,21408.0,70,5
tc_public_19/input.blif,3,alphasyn,"seq=10,iters=20,cpuct=0.5,mu=0.9,",7.5,1.0,5217.0,3,8,18.0,1,10,45.66,68,5,21400.0,66,5
tc_public_19/input.blif,3,alphasyn,"seq=10,iters=20,cpuct=0.5,mu=0.9,",7.5,1.0,5217.0,3,8,18.0,1,10,45.83,69,5,21248.0,54,5
tc_public_19/input.blif,3,alphasyn,"seq=10,iters=20,cpuct=0.5,mu=0.9,",7.5,1.0,5217.0,3,8,18.0,1,10,45.99,70,5,21404.0,68,5
tc_public_19/input.blif,3,alphasyn,"seq=10,iters=20,cpuct=0.5,mu=0.9,",7.5,1.0,5217.0,3,8,18.0,1,10,45.43,67,5,21244.0,53,5
tc_public_19/input.blif,3,alphasyn,"seq=10,iters=20,cpuct=1.0,mu=0.9,",7.5,1.0,5217.0,3,8,18.0,1,10,105.55,87,5,22360.0,77,5
tc_public_19/input.blif,3,alphasyn,"seq=10,iters=20,cpuct=1.0,mu=0.9,",7.5,1.0,5217.0,3,8,18.0,1,10,104.23,81,5,22364.0,79,5
tc_public_19/input.blif,3,alphasyn,"seq=10,iters=20,cpuct=1.0,mu=0.9,",7.5,1.0,5217.0,3,8,18.0,1,10,104.9,84,5,22240.0,76,5
tc_public_19/input.blif,3,alphasyn,"seq=10,iters=20,cpuct=1.0,mu=0.9,",7.5,1.0,5217.0,3,8,18.0,1,10,105.55,87,5,22364.0,79,5
tc_public_19/input.blif,3,alphasyn,"seq=10,iters=20,cpuct=1.0,mu=0.9,",7.5,1.0,5217.0,3,8,18.0,1,10,105.14,85,5,22200.0,73,5
tc_public_19/input.blif,3,alphasyn,"seq=10,iters=20,cpuct=1.0,mu=0.9,",7.5,1.0,5217.0,3,8,18.0,1,10,103.8,80,5,22204.0,75,5
tc_public_19/input.blif,3,alphasyn,"seq=10,iters=20,cpuct=1.0,mu=0.9,",7.5,1.0,5217.0,3,8,18.0,1,10,104.73,83,5,22200.0,73,5
tc_public_19/input.blif,3,alphasyn,"seq=10,iters=20,cpuct=1.0,mu=0.9,",7.5,1.0,5217.0,3,8,18.0,1,10,105.65,89,5,22360.0,77,5
tc_public_19/input.blif,3,alphasyn,"seq=10,iters=20,cpuct=1.0,mu=0.9,",7.5,1.0,5217.0,3,8,18.0,1,10,104.28,82,5,22080.0,71,5
tc_public_19/input.blif,3,alphasyn,"seq=10,iters=20,cpuct=1.0,mu=0.9,",7.5,1.0,5217.0,3,8,18.0,1,10,105.33,86,5,22080.0,71,5
tc_public_19/input.blif,3,alphasyn,"seq=10,iters=20,cpuct=1.5,mu=0.9,",7.5,1.0,5217.0,3,8,18.0,1,10,139.23,90,5,22688.0,82,5
tc_public_19/input.blif,3,alphasyn,"seq=10,iters=20,cpuct=1.5,mu=0.9,",7.5,1.0,5217.0,3,8,18.0,1,10,48.94,71,5,23040.0,90,5
tc_public_19/input.blif,3,alphasyn,"seq=10,iters=20,cpuct=1.5,mu=0.9,",7.5,1.0,5217.0,3,8,18.0,1,10,50.19,78,5,23000.0,88,5
tc_public_19/input.blif,3,alphasyn,"seq=10,iters=20,cpuct=1.5,mu=0.9,",7.5,1.0,5217.0,3,8,18.0,1,10,48.98,72,5,22844.0,85,5
tc_public_19/input.blif,3,alphasyn,"seq=10,iters=20,cpuct=1.5,mu=0.9,",7.5,1.0,5217.0,3,8,18.0,1,10,49.15,74,5,22368.0,81,5
tc_public_19/input.blif,3,alphasyn,"seq=10,iters=20,cpuct=1.5,mu=0.9,",7.5,1.0,5217.0,3,8,18.0,1,10,49.0,73,5,22844.0,85,5
tc_public_19/input.blif,3,alphasyn,"seq=10,iters=20,cpuct=1.5,mu=0.9,",7.5,1.0,5217.0,3,8,18.0,1,10,49.29,76,5,23000.0,88,5
tc_public_19/input.blif,3,alphasyn,"seq=10,iters=20,cpuct=1.5,mu=0.9,",7.5,1.0,5217.0,3,8,18.0,1,10,49.27,75,5,22840.0,83,5
tc_public_19/input.blif,3,alphasyn,"seq=10,iters=20,cpuct=1.5,mu=0.9,",7.5,1.0,5217.0,3,8,18.0,1,10,49.44,77,5,22840.0,83,5
tc_public_19/input.blif,3,alphasyn,"seq=10,iters=20,cpuct=1.5,mu=0.9,",7.5,1.0,5217.0,3,8,18.0,1,10,51.59,79,5,22844.0,85,5
tc_public_19/input.blif,3,baseline_mab,"steps=10,iters=20,ucb_c=0.4,seed=2",7.5,1.0,5295.0,69,5,18.0,1,10,6.03,1,10,18252.0,1,10
tc_public_19/input.blif,3,baseline_mab_prefix,"steps=10,iters=20,ucb_c=0.2,seed=3",7.5,1.0,5217.0,3,8,18.0,1,10,13.0,35,5,21236.0,40,5
tc_public_19/input.blif,3,baseline_mab_prefix,"steps=10,iters=20,ucb_c=0.2,seed=5",7.5,1.0,5217.0,3,8,18.0,1,10,20.75,57,5,21280.0,56,5
tc_public_19/input.blif,3,baseline_mab_prefix,"steps=10,iters=20,ucb_c=0.2,seed=8",7.5,1.0,5217.0,3,8,18.0,1,10,20.75,57,5,21084.0,37,5
tc_public_19/input.blif,3,baseline_mab_prefix,"steps=10,iters=20,ucb_c=0.4,seed=0",7.5,1.0,5217.0,3,8,18.0,1,10,20.3,49,5,20916.0,31,5
tc_public_19/input.blif,3,baseline_mab_prefix,"steps=10,iters=20,ucb_c=0.4,seed=3",7.5,1.0,5217.0,3,8,18.0,1,10,11.38,34,5,21236.0,40,5
tc_public_19/input.blif,3,baseline_mab_prefix,"steps=10,iters=20,ucb_c=0.4,seed=5",7.5,1.0,5217.0,3,8,18.0,1,10,19.91,42,5,21400.0,66,5
tc_public_19/input.blif,3,baseline_mab_prefix,"steps=10,iters=20,ucb_c=0.4,seed=8",7.5,1.0,5217.0,3,8,18.0,1,10,19.94,43,5,21236.0,40,5
tc_public_19/input.blif,3,baseline_mab_prefix,"steps=10,iters=20,ucb_c=0.4,seed=9",7.5,1.0,5217.0,3,8,18.0,1,10,17.12,37,5,21280.0,56,5
tc_public_19/input.blif,3,baseline_mab_prefix,"steps=10,iters=20,ucb_c=0.8,seed=0",7.5,1.0,5217.0,3,8,18.0,1,10,20.48,52,5,21280.0,56,5
tc_public_19/input.blif,3,baseline_mab_prefix,"steps=10,iters=20,ucb_c=0.8,seed=3",7.5,1.0,5217.0,3,8,18.0,1,10,20.35,50,5,21076.0,34,5
tc_public_19/input.blif,3,baseline_mab_prefix,"steps=10,iters=20,ucb_c=0.8,seed=5",7.5,1.0,5217.0,3,8,18.0,1,10,20.06,45,5,21280.0,56,5
tc_public_19/input.blif,3,baseline_mab_prefix,"steps=10,iters=20,ucb_c=0.8,seed=8",7.5,1.0,5217.0,3,8,18.0,1,10,20.87,59,5,21236.0,40,5
tc_public_19/input.blif,3,baseline_mab_prefix,"steps=10,iters=20,ucb_c=0.8,seed=9",7.5,1.0,5217.0,3,8,18.0,1,10,20.15,47,5,21236.0,40,5
tc_public_19/input.blif,47,baseline_mab,"steps=10,iters=20,ucb_c=0.4,seed=8",6.8,1.0,5322.0,76,5,18.0,1,10,6.08,2,9,18504.0,25,5
tc_public_19/input.blif,48,baseline_mab,"steps=10,iters=20,ucb_c=1.0,seed=0",6.6,1.0,5322.0,76,5,18.0,1,10,6.14,3,8,18536.0,26,5
tc_public_19/input.blif,48,baseline_mab,"steps=10,iters=20,ucb_c=1.0,seed=1",6.6,1.0,5277.0,61,5,18.0,1,10,6.14,3,8,18420.0,11,5
tc_public_19/input.blif,50,baseline_mab,"steps=10,iters=20,ucb_c=0.4,seed=1",6.4,1.0,5277.0,61,5,18.0,1,10,6.21,11,5,18280.0,2,9
tc_public_19/input.blif,51,baseline_mab,"steps=10,iters=20,ucb_c=1.5,seed=2",6.3,1.0,5295.0,69,5,18.0,1,10,6.16,6,5,18288.0,3,8
tc_public_19/input.blif,51,baseline_mab,"steps=10,iters=20,ucb_c=1.5,seed=4",6.3,1.0,5283.0,64,5,18.0,1,10,6.22,12,5,18288.0,3,8
tc_public_19/input.blif,53,baseline_mab,"steps=10,iters=20,ucb_c=1.0,seed=3",6.2,1.0,5322.0,76,5,18.0,1,10,6.15,5,6,18540.0,27,5
tc_public_19/input.blif,54,baseline_mab,"steps=10,iters=20,ucb_c=1.0,seed=6",6.1,1.0,5319.0,74,5,18.0,1,10,6.22,12,5,18304.0,5,6
tc_public_19/input.blif,55,baseline_mab,"steps=10,iters=20,ucb_c=0.4,seed=0",6.0,1.0,5322.0,76,5,18.0,1,10,6.29,26,5,18548.0,28,5
tc_public_19/input.blif,55,baseline_mab,"steps=10,iters=20,ucb_c=0.4,seed=3",6.0,1.0,5316.0,73,5,18.0,1,10,6.3,27,5,18424.0,12,5
tc_public_19/input.blif,55,baseline_mab,"steps=10,iters=20,ucb_c=0.4,seed=4",6.0,1.0,5310.0,72,5,18.0,1,10,6.2,9,5,18380.0,9,5
tc_public_19/input.blif,55,baseline_mab,"steps=10,iters=20,ucb_c=0.4,seed=5",6.0,1.0,5352.0,88,5,18.0,1,10,6.31,28,5,18328.0,6,5
tc_public_19/input.blif,55,baseline_mab,"steps=10,iters=20,ucb_c=0.4,seed=6",6.0,1.0,5283.0,64,5,18.0,1,10,6.32,29,5,18456.0,15,5
tc_public_19/input.blif,55,baseline_mab,"steps=10,iters=20,ucb_c=0.4,seed=7",6.0,1.0,5283.0,64,5,18.0,1,10,6.28,25,5,18464.0,20,5
tc_public_19/input.blif,55,baseline_mab,"steps=10,iters=20,ucb_c=0.4,seed=9",6.0,1.0,5322.0,76,5,18.0,1,10,6.25,19,5,18388.0,10,5
tc_public_19/input.blif,55,baseline_mab,"steps=10,iters=20,ucb_c=1.0,seed=2",6.0,1.0,5295.0,69,5,18.0,1,10,6.27,23,5,18500.0,23,5
tc_public_19/input.blif,55,baseline_mab,"steps=10,iters=20,ucb_c=1.0,seed=4",6.0,1.0,5283.0,64,5,18.0,1,10,6.2,9,5,18492.0,22,5
tc_public_19/input.blif,55,baseline_mab,"steps=10,iters=20,ucb_c=1.0,seed=5",6.0,1.0,5352.0,88,5,18.0,1,10,6.26,21,5,18460.0,17,5
tc_public_19/input.blif,55,baseline_mab,"steps=10,iters=20,ucb_c=1.0,seed=7",6.0,1.0,5283.0,64,5,18.0,1,10,6.18,8,5,18448.0,13,5
tc_public_19/input.blif,55,baseline_mab,"steps=10,iters=20,ucb_c=1.0,seed=8",6.0,1.0,5322.0,76,5,18.0,1,10,6.23,16,5,18500.0,23,5
tc_public_19/input.blif,55,baseline_mab,"steps=10,iters=20,ucb_c=1.0,seed=9",6.0,1.0,5331.0,86,5,18.0,1,10,6.24,17,5,18460.0,17,5
tc_public_19/input.blif,55,baseline_mab,"steps=10,iters=20,ucb_c=1.5,seed=0",6.0,1.0,5322.0,76,5,18.0,1,10,6.25,19,5,18548.0,28,5
tc_public_19/input.blif,55,baseline_mab,"steps=10,iters=20,ucb_c=1.5,seed=1",6.0,1.0,5277.0,61,5,18.0,1,10,6.24,17,5,18376.0,8,5
tc_public_19/input.blif,55,baseline_mab,"steps=10,iters=20,ucb_c=1.5,seed=3",6.0,1.0,5322.0,76,5,18.0,1,10,6.22,12,5,18452.0,14,5
tc_public_19/input.blif,55,baseline_mab,"steps=10,iters=20,ucb_c=1.5,seed=5",6.0,1.0,5352.0,88,5,18.0,1,10,6.22,12,5,18456.0,15,5
tc_public_19/input.blif,55,baseline_mab,"steps=10,iters=20,ucb_c=1.5,seed=6",6.0,1.0,5319.0,74,5,18.0,1,10,6.27,23,5,18464.0,20,5
tc_public_19/input.blif,55,baseline_mab,"steps=10,iters=20,ucb_c=1.5,seed=7",6.0,1.0,5322.0,76,5,18.0,1,10,6.16,6,5,18364.0,7,5
tc_public_19/input.blif,55,baseline_mab,"steps=10,iters=20,ucb_c=1.5,seed=8",6.0,1.0,5322.0,76,5,18.0,1,10,6.26,21,5,18548.0,28,5
tc_public_19/input.blif,55,baseline_mab,"steps=10,iters=20,ucb_c=1.5,seed=9",6.0,1.0,5331.0,86,5,18.0,1,10,6.59,30,5,18460.0,17,5
tc_public_19/input.blif,55,baseline_mab_prefix,"steps=10,iters=20,ucb_c=0.2,seed=0",6.0,1.0,5226.0,57,5,18.0,1,10,9.79,33,5,21280.0,56,5
tc_public_19/input.blif,55,baseline_mab_prefix,"steps=10,iters=20,ucb_c=0.2,seed=1",6.0,1.0,5223.0,54,5,18.0,1,10,9.45,31,5,21080.0,35,5
tc_public_19/input.blif,55,baseline_mab_prefix,"steps=10,iters=20,ucb_c=0.2,seed=2",6.0,1.0,5220.0,46,5,18.0,1,10,9.78,32,5,21236.0,40,5
tc_public_19/input.blif,55,baseline_mab_prefix,"steps=10,iters=20,ucb_c=0.2,seed=4",6.0,1.0,5220.0,46,5,18.0,1,10,19.45,40,5,21236.0,40,5
tc_public_19/input.blif,55,baseline_mab_prefix,"steps=10,iters=20,ucb_c=0.2,seed=6",6.0,1.0,5226.0,57,5,18.0,1,10,21.0,60,5,21280.0,56,5
tc_public_19/input.blif,55,baseline_mab_prefix,"steps=10,iters=20,ucb_c=0.2,seed=7",6.0,1.0,5220.0,46,5,18.0,1,10,20.1,46,5,21280.0,56,5
tc_public_19/input.blif,55,baseline_mab_prefix,"steps=10,iters=20,ucb_c=0.2,seed=9",6.0,1.0,5220.0,46,5,18.0,1,10,20.55,53,5,21280.0,56,5
tc_public_19/input.blif,55,baseline_mab_prefix,"steps=10,iters=20,ucb_c=0.4,seed=1",6.0,1.0,5235.0,59,5,18.0,1,10,20.46,51,5,20920.0,32,5
tc_public_19/input.blif,55,baseline_mab_prefix,"steps=10,iters=20,ucb_c=0.4,seed=4",6.0,1.0,5220.0,46,5,18.0,1,10,19.97,44,5,21236.0,40,5
tc_public_19/input.blif,55,baseline_mab_prefix,"steps=10,iters=20,ucb_c=0.4,seed=6",6.0,1.0,5223.0,54,5,18.0,1,10,20.73,56,5,21240.0,50,5
tc_public_19/input.blif,55,baseline_mab_prefix,"steps=10,iters=20,ucb_c=0.4,seed=7",6.0,1.0,5220.0,46,5,18.0,1,10,19.38,39,5,21236.0,40,5
tc_public_19/input.blif,55,baseline_mab_prefix,"steps=10,iters=20,ucb_c=0.8,seed=1",6.0,1.0,5235.0,59,5,18.0,1,10,21.32,62,5,20920.0,32,5
tc_public_19/input.blif,55,baseline_mab_prefix,"steps=10,iters=20,ucb_c=0.8,seed=4",6.0,1.0,5220.0,46,5,18.0,1,10,21.16,61,5,21240.0,50,5
tc_public_19/input.blif,55,baseline_mab_prefix,"steps=10,iters=20,ucb_c=0.8,seed=6",6.0,1.0,5223.0,54,5,18.0,1,10,20.55,53,5,21280.0,56,5
tc_public_19/input.blif,55,baseline_mab_prefix,"steps=10,iters=20,ucb_c=0.8,seed=7",6.0,1.0,5220.0,46,5,18.0,1,10,20.27,48,5,21120.0,39,5
tc_public_20/input.blif,1,alphasyn,"seq=10,iters=20,cpuct=0.5,mu=0.9,",8.5,1.0,5448.0,1,10,20.0,1,10,15.95,37,5,21080.0,39,5
tc_public_20/input.blif,1,alphasyn,"seq=10,iters=20,cpuct=0.5,mu=0.9,",8.5,1.0,5448.0,1,10,20.0,1,10,29.61,64,5,20924.0,33,5
tc_public_20/input.blif,1,alphasyn,"seq=10,iters=20,cpuct=0.5,mu=0.9,",8.5,1.0,5448.0,1,10,20.0,1,10,30.94,66,5,21084.0,42,5
tc_public_20/input.blif,1,alphasyn,"seq=10,iters=20,cpuct=0.5,mu=0.9,",8.5,1.0,5448.0,1,10,20.0,1,10,30.25,65,5,20924.0,33,5
tc_public_20/input.blif,1,alphasyn,"seq=10,iters=20,cpuct=0.5,mu=0.9,",8.5,1.0,5448.0,1,10,20.0,1,10,29.29,63,5,21108.0,43,5
tc_public_20/input.blif,1,alphasyn,"seq=10,iters=20,cpuct=0.5,mu=0.9,",8.5,1.0,5448.0,1,10,20.0,1,10,13.25,34,5,20920.0,31,5
tc_public_20/input.blif,1,alphasyn,"seq=10,iters=20,cpuct=0.5,mu=0.9,",8.5,1.0,5448.0,1,10,20.0,1,10,37.97,68,5,21080.0,39,5
tc_public_20/input.blif,1,alphasyn,"seq=10,iters=20,cpuct=0.5,mu=0.9,",8.5,1.0,5448.0,1,10,20.0,1,10,38.0,69,5,21120.0,44,5
tc_public_20/input.blif,1,alphasyn,"seq=10,iters=20,cpuct=0.5,mu=0.9,",8.5,1.0,5448.0,1,10,20.0,1,10,38.1,70,5,21080.0,39,5
tc_public_20/input.blif,1,alphasyn,"seq=10,iters=20,cpuct=0.5,mu=0.9,",8.5,1.0,5448.0,1,10,20.0,1,10,37.79,67,5,21404.0,70,5
tc_public_20/input.blif,1,alphasyn,"seq=10,iters=20,cpuct=1.0,mu=0.9,",8.5,1.0,5448.0,1,10,20.0,1,10,92.71,88,5,22044.0,79,5
tc_public_20/input.blif,1,alphasyn,"seq=10,iters=20,cpuct=1.0,mu=0.9,",8.5,1.0,5448.0,1,10,20.0,1,10,91.25,81,5,22040.0,78,5
tc_public_20/input.blif,1,alphasyn,"seq=10,iters=20,cpuct=1.0,mu=0.9,",8.5,1.0,5448.0,1,10,20.0,1,10,91.51,84,5,21880.0,71,5
tc_public_20/input.blif,1,alphasyn,"seq=10,iters=20,cpuct=1.0,mu=0.9,",8.5,1.0,5448.0,1,10,20.0,1,10,91.58,85,5,21888.0,76,5
tc_public_20/input.blif,1,alphasyn,"seq=10,iters=20,cpuct=1.0,mu=0.9,",8.5,1.0,5448.0,1,10,20.0,1,10,91.5,83,5,21888.0,76,5
tc_public_20/input.blif,1,alphasyn,"seq=10,iters=20,cpuct=1.0,mu=0.9,",8.5,1.0,5448.0,1,10,20.0,1,10,91.1,80,5,21884.0,74,5
tc_public_20/input.blif,1,alphasyn,"seq=10,iters=20,cpuct=1.0,mu=0.9,",8.5,1.0,5448.0,1,10,20.0,1,10,92.06,86,5,21880.0,71,5
tc_public_20/input.blif,1,alphasyn,"seq=10,iters=20,cpuct=1.0,mu=0.9,",8.5,1.0,5448.0,1,10,20.0,1,10,92.96,89,5,22044.0,79,5
tc_public_20/input.blif,1,alphasyn,"seq=10,iters=20,cpuct=1.0,mu=0.9,",8.5,1.0,5448.0,1,10,20.0,1,10,92.1,87,5,21884.0,74,5
tc_public_20/input.blif,1,alphasyn,"seq=10,iters=20,cpuct=1.0,mu=0.9,",8.5,1.0,5448.0,1,10,20.0,1,10,91.42,82,5,21880.0,71,5
tc_public_20/input.blif,1,alphasyn,"seq=10,iters=20,cpuct=1.5,mu=0.9,",8.5,1.0,5448.0,1,10,20.0,1,10,141.94,90,5,22844.0,88,5
tc_public_20/input.blif,1,alphasyn,"seq=10,iters=20,cpuct=1.5,mu=0.9,",8.5,1.0,5448.0,1,10,20.0,1,10,49.35,72,5,22844.0,88,5
tc_public_20/input.blif,1,alphasyn,"seq=10,iters=20,cpuct=1.5,mu=0.9,",8.5,1.0,5448.0,1,10,20.0,1,10,49.88,76,5,22684.0,84,5
tc_public_20/input.blif,1,alphasyn,"seq=10,iters=20,cpuct=1.5,mu=0.9,",8.5,1.0,5448.0,1,10,20.0,1,10,49.22,71,5,22844.0,88,5
tc_public_20/input.blif,1,alphasyn,"seq=10,iters=20,cpuct=1.5,mu=0.9,",8.5,1.0,5448.0,1,10,20.0,1,10,49.72,74,5,22524.0,81,5
tc_public_20/input.blif,1,alphasyn,"seq=10,iters=20,cpuct=1.5,mu=0.9,",8.5,1.0,5448.0,1,10,20.0,1,10,49.7,73,5,22840.0,86,5
tc_public_20/input.blif,1,alphasyn,"seq=10,iters=20,cpuct=1.5,mu=0.9,",8.5,1.0,5448.0,1,10,20.0,1,10,49.83,75,5,22680.0,83,5
tc_public_20/input.blif,1,alphasyn,"seq=10,iters=20,cpuct=1.5,mu=0.9,",8.5,1.0,5448.0,1,10,20.0,1,10,49.95,77,5,22840.0,86,5
tc_public_20/input.blif,1,alphasyn,"seq=10,iters=20,cpuct=1.5,mu=0.9,",8.5,1.0,5448.0,1,10,20.0,1,10,50.47,78,5,22560.0,82,5
tc_public_20/input.blif,1,alphasyn,"seq=10,iters=20,cpuct=1.5,mu=0.9,",8.5,1.0,5448.0,1,10,20.0,1,10,52.07,79,5,22684.0,84,5
tc_public_20/input.blif,1,baseline_mab_prefix,"steps=10,iters=20,ucb_c=0.2,seed=3",8.5,1.0,5448.0,1,10,20.0,1,10,15.35,36,5,21236.0,52,5
tc_public_20/input.blif,1,baseline_mab_prefix,"steps=10,iters=20,ucb_c=0.4,seed=0",8.5,1.0,5448.0,1,10,20.0,1,10,21.07,49,5,20960.0,36,5
tc_public_20/input.blif,1,baseline_mab_prefix,"steps=10,iters=20,ucb_c=0.4,seed=2",8.5,1.0,5448.0,1,10,20.0,1,10,20.73,43,5,21236.0,52,5
tc_public_20/input.blif,1,baseline_mab_prefix,"steps=10,iters=20,ucb_c=0.4,seed=3",8.5,1.0,5448.0,1,10,20.0,1,10,13.8,35,5,20960.0,36,5
tc_public_20/input.blif,1,baseline_mab_prefix,"steps=10,iters=20,ucb_c=0.8,seed=0",8.5,1.0,5448.0,1,10,20.0,1,10,21.47,54,5,21240.0,61,5
tc_public_20/input.blif,1,baseline_mab_prefix,"steps=10,iters=20,ucb_c=0.8,seed=2",8.5,1.0,5448.0,1,10,20.0,1,10,21.89,57,5,21236.0,52,5
tc_public_20/input.blif,1,baseline_mab_prefix,"steps=10,iters=20,ucb_c=0.8,seed=3",8.5,1.0,5448.0,1,10,20.0,1,10,21.01,48,5,20948.0,35,5
tc_public_20/input.blif,38,baseline_mab,"steps=10,iters=20,ucb_c=0.4,seed=2",7.0,1.0,5544.0,71,5,20.0,1,10,6.36,1,10,18600.0,19,5
tc_public_20/input.blif,39,baseline_mab,"steps=10,iters=20,ucb_c=0.4,seed=8",6.8,1.0,5577.0,77,5,20.0,1,10,6.44,2,9,18612.0,20,5
tc_public_20/input.blif,40,baseline_mab,"steps=10,iters=20,ucb_c=1.5,seed=6",6.6,1.0,5574.0,75,5,20.0,1,10,6.49,3,8,18488.0,7,5
tc_public_20/input.blif,41,baseline_mab,"steps=10,iters=20,ucb_c=1.5,seed=5",6.5,1.0,5610.0,85,5,20.0,1,10,6.65,22,5,18412.0,1,10
tc_public_20/input.blif,42,baseline_mab,"steps=10,iters=20,ucb_c=1.0,seed=1",6.4,1.0,5529.0,61,5,20.0,1,10,6.53,4,7,18532.0,11,5
tc_public_20/input.blif,42,baseline_mab,"steps=10,iters=20,ucb_c=1.0,seed=6",6.4,1.0,5574.0,75,5,20.0,1,10,6.6,13,5,18416.0,2,9
tc_public_20/input.blif,42,baseline_mab,"steps=10,iters=20,ucb_c=1.0,seed=8",6.4,1.0,5535.0,64,5,20.0,1,10,6.53,4,7,18616.0,22,5
tc_public_20/input.blif,45,baseline_mab,"steps=10,iters=20,ucb_c=1.5,seed=9",6.3,1.0,5580.0,83,5,20.0,1,10,6.98,30,5,18432.0,3,8
tc_public_20/input.blif,46,baseline_mab,"steps=10,iters=20,ucb_c=1.5,seed=2",6.2,1.0,5544.0,71,5,20.0,1,10,6.54,6,5,18440.0,4,7
tc_public_20/input.blif,47,baseline_mab,"steps=10,iters=20,ucb_c=0.4,seed=6",6.1,1.0,5535.0,64,5,20.0,1,10,6.66,23,5,18460.0,5,6
tc_public_20/input.blif,48,baseline_mab,"steps=10,iters=20,ucb_c=0.4,seed=0",6.0,1.0,5616.0,90,5,20.0,1,10,6.72,28,5,18624.0,27,5
tc_public_20/input.blif,48,baseline_mab,"steps=10,iters=20,ucb_c=0.4,seed=1",6.0,1.0,5529.0,61,5,20.0,1,10,6.61,16,5,18616.0,22,5
tc_public_20/input.blif,48,baseline_mab,"steps=10,iters=20,ucb_c=0.4,seed=3",6.0,1.0,5571.0,74,5,20.0,1,10,6.69,26,5,18532.0,11,5
tc_public_20/input.blif,48,baseline_mab,"steps=10,iters=20,ucb_c=0.4,seed=4",6.0,1.0,5535.0,64,5,20.0,1,10,6.6,13,5,18616.0,22,5
tc_public_20/input.blif,48,baseline_mab,"steps=10,iters=20,ucb_c=0.4,seed=5",6.0,1.0,5610.0,85,5,20.0,1,10,6.64,21,5,18616.0,22,5
tc_public_20/input.blif,48,baseline_mab,"steps=10,iters=20,ucb_c=0.4,seed=7",6.0,1.0,5535.0,64,5,20.0,1,10,6.79,29,5,18528.0,9,5
tc_public_20/input.blif,48,baseline_mab,"steps=10,iters=20,ucb_c=0.4,seed=9",6.0,1.0,5577.0,77,5,20.0,1,10,6.59,10,5,18580.0,18,5
tc_public_20/input.blif,48,baseline_mab,"steps=10,iters=20,ucb_c=1.0,seed=0",6.0,1.0,5613.0,88,5,20.0,1,10,6.62,18,5,18612.0,20,5
tc_public_20/input.blif,48,baseline_mab,"steps=10,iters=20,ucb_c=1.0,seed=2",6.0,1.0,5544.0,71,5,20.0,1,10,6.63,19,5,18480.0,6,5
tc_public_20/input.blif,48,baseline_mab,"steps=10,iters=20,ucb_c=1.0,seed=3",6.0,1.0,5577.0,77,5,20.0,1,10,6.6,13,5,18616.0,22,5
tc_public_20/input.blif,48,baseline_mab,"steps=10,iters=20,ucb_c=1.0,seed=4",6.0,1.0,5535.0,64,5,20.0,1,10,6.58,7,5,18540.0,14,5
tc_public_20/input.blif,48,baseline_mab,"steps=10,iters=20,ucb_c=1.0,seed=5",6.0,1.0,5610.0,85,5,20.0,1,10,6.69,26,5,18564.0,16,5
tc_public_20/input.blif,48,baseline_mab,"steps=10,iters=20,ucb_c=1.0,seed=7",6.0,1.0,5535.0,64,5,20.0,1,10,6.59,10,5,18708.0,30,5
tc_public_20/input.blif,48,baseline_mab,"steps=10,iters=20,ucb_c=1.0,seed=9",6.0,1.0,5580.0,83,5,20.0,1,10,6.59,10,5,18568.0,17,5
tc_public_20/input.blif,48,baseline_mab,"steps=10,iters=20,ucb_c=1.5,seed=0",6.0,1.0,5613.0,88,5,20.0,1,10,6.58,7,5,18624.0,27,5
tc_public_20/input.blif,48,baseline_mab,"steps=10,iters=20,ucb_c=1.5,seed=1",6.0,1.0,5529.0,61,5,20.0,1,10,6.58,7,5,18528.0,9,5
tc_public_20/input.blif,48,baseline_mab,"steps=10,iters=20,ucb_c=1.5,seed=3",6.0,1.0,5577.0,77,5,20.0,1,10,6.66,23,5,18524.0,8,5
tc_public_20/input.blif,48,baseline_mab,"steps=10,iters=20,ucb_c=1.5,seed=4",6.0,1.0,5535.0,64,5,20.0,1,10,6.63,19,5,18536.0,13,5
tc_public_20/input.blif,48,baseline_mab,"steps=10,iters=20,ucb_c=1.5,seed=7",6.0,1.0,5577.0,77,5,20.0,1,10,6.61,16,5,18544.0,15,5
tc_public_20/input.blif,48,baseline_mab,"steps=10,iters=20,ucb_c=1.5,seed=8",6.0,1.0,5577.0,77,5,20.0,1,10,6.66,23,5,18624.0,27,5
tc_public_20/input.blif,48,baseline_mab_prefix,"steps=10,iters=20,ucb_c=0.2,seed=0",6.0,1.0,5463.0,57,5,20.0,1,10,10.08,32,5,21076.0,38,5
tc_public_20/input.blif,48,baseline_mab_prefix,"steps=10,iters=20,ucb_c=0.2,seed=1",6.0,1.0,5481.0,58,5,20.0,1,10,9.9,31,5,21236.0,52,5
tc_public_20/input.blif,48,baseline_mab_prefix,"steps=10,iters=20,ucb_c=0.2,seed=2",6.0,1.0,5454.0,49,5,20.0,1,10,10.16,33,5,21120.0,44,5
tc_public_20/input.blif,48,baseline_mab_prefix,"steps=10,iters=20,ucb_c=0.2,seed=4",6.0,1.0,5454.0,49,5,20.0,1,10,21.82,56,5,21120.0,44,5
tc_public_20/input.blif,48,baseline_mab_prefix,"steps=10,iters=20,ucb_c=0.2,seed=5",6.0,1.0,5451.0,38,5,20.0,1,10,21.25,52,5,21120.0,44,5
tc_public_20/input.blif,48,baseline_mab_prefix,"steps=10,iters=20,ucb_c=0.2,seed=6",6.0,1.0,5460.0,54,5,20.0,1,10,21.98,60,5,21280.0,63,5
tc_public_20/input.blif,48,baseline_mab_prefix,"steps=10,iters=20,ucb_c=0.2,seed=7",6.0,1.0,5454.0,49,5,20.0,1,10,21.9,58,5,21236.0,52,5
tc_public_20/input.blif,48,baseline_mab_prefix,"steps=10,iters=20,ucb_c=0.2,seed=8",6.0,1.0,5451.0,38,5,20.0,1,10,19.19,38,5,21240.0,61,5
tc_public_20/input.blif,48,baseline_mab_prefix,"steps=10,iters=20,ucb_c=0.2,seed=9",6.0,1.0,5451.0,38,5,20.0,1,10,21.46,53,5,21280.0,63,5
tc_public_20/input.blif,48,baseline_mab_prefix,"steps=10,iters=20,ucb_c=0.4,seed=1",6.0,1.0,5481.0,58,5,20.0,1,10,20.94,46,5,21120.0,44,5
tc_public_20/input.blif,48,baseline_mab_prefix,"steps=10,iters=20,ucb_c=0.4,seed=4",6.0,1.0,5454.0,49,5,20.0,1,10,20.97,47,5,21280.0,63,5
tc_public_20/input.blif,48,baseline_mab_prefix,"steps=10,iters=20,ucb_c=0.4,seed=5",6.0,1.0,5451.0,38,5,20.0,1,10,20.36,41,5,21120.0,44,5
tc_public_20/input.blif,48,baseline_mab_prefix,"steps=10,iters=20,ucb_c=0.4,seed=6",6.0,1.0,5460.0,54,5,20.0,1,10,20.84,44,5,21280.0,63,5
tc_public_20/input.blif,48,baseline_mab_prefix,"steps=10,iters=20,ucb_c=0.4,seed=7",6.0,1.0,5451.0,38,5,20.0,1,10,20.19,40,5,20920.0,31,5
tc_public_20/input.blif,48,baseline_mab_prefix,"steps=10,iters=20,ucb_c=0.4,seed=8",6.0,1.0,5451.0,38,5,20.0,1,10,20.65,42,5,21236.0,52,5
tc_public_20/input.blif,48,baseline_mab_prefix,"steps=10,iters=20,ucb_c=0.4,seed=9",6.0,1.0,5451.0,38,5,20.0,1,10,19.2,39,5,21280.0,63,5
tc_public_20/input.blif,48,baseline_mab_prefix,"steps=10,iters=20,ucb_c=0.8,seed=1",6.0,1.0,5481.0,58,5,20.0,1,10,21.91,59,5,21120.0,44,5
tc_public_20/input.blif,48,baseline_mab_prefix,"steps=10,iters=20,ucb_c=0.8,seed=4",6.0,1.0,5454.0,49,5,20.0,1,10,22.9,62,5,21236.0,52,5
tc_public_20/input.blif,48,baseline_mab_prefix,"steps=10,iters=20,ucb_c=0.8,seed=5",6.0,1.0,5451.0,38,5,20.0,1,10,21.1,50,5,21120.0,44,5
tc_public_20/input.blif,48,baseline_mab_prefix,"steps=10,iters=20,ucb_c=0.8,seed=6",6.0,1.0,5460.0,54,5,20.0,1,10,22.15,61,5,21280.0,63,5
tc_public_20/input.blif,48,baseline_mab_prefix,"steps=10,iters=20,ucb_c=0.8,seed=7",6.0,1.0,5451.0,38,5,20.0,1,10,21.22,51,5,21236.0,52,5
tc_public_20/input.blif,48,baseline_mab_prefix,"steps=10,iters=20,ucb_c=0.8,seed=8",6.0,1.0,5451.0,38,5,20.0,1,10,21.49,55,5,21280.0,63,5
tc_public_20/input.blif,48,baseline_mab_prefix,"steps=10,iters=20,ucb_c=0.8,seed=9",6.0,1.0,5451.0,38,5,20.0,1,10,20.93,45,5,21236.0,52,5
tc_public_21/input.blif,1,alphasyn,"seq=10,iters=20,cpuct=0.5,mu=0.9,",8.5,1.0,5466.0,1,10,20.0,1,10,14.54,37,5,21084.0,38,5
tc_public_21/input.blif,1,alphasyn,"seq=10,iters=20,cpuct=0.5,mu=0.9,",8.5,1.0,5466.0,1,10,20.0,1,10,29.35,64,5,21248.0,63,5
tc_public_21/input.blif,1,alphasyn,"seq=10,iters=20,cpuct=0.5,mu=0.9,",8.5,1.0,5466.0,1,10,20.0,1,10,30.53,66,5,20760.0,31,5
tc_public_21/input.blif,1,alphasyn,"seq=10,iters=20,cpuct=0.5,mu=0.9,",8.5,1.0,5466.0,1,10,20.0,1,10,29.95,65,5,21084.0,38,5
tc_public_21/input.blif,1,alphasyn,"seq=10,iters=20,cpuct=0.5,mu=0.9,",8.5,1.0,5466.0,1,10,20.0,1,10,28.04,63,5,20924.0,32,5
tc_public_21/input.blif,1,alphasyn,"seq=10,iters=20,cpuct=0.5,mu=0.9,",8.5,1.0,5466.0,1,10,20.0,1,10,12.91,35,5,21084.0,38,5
tc_public_21/input.blif,1,alphasyn,"seq=10,iters=20,cpuct=0.5,mu=0.9,",8.5,1.0,5466.0,1,10,20.0,1,10,37.07,68,5,21084.0,38,5
tc_public_21/input.blif,1,alphasyn,"seq=10,iters=20,cpuct=0.5,mu=0.9,",8.5,1.0,5466.0,1,10,20.0,1,10,37.08,69,5,21080.0,35,5
tc_public_21/input.blif,1,alphasyn,"seq=10,iters=20,cpuct=0.5,mu=0.9,",8.5,1.0,5466.0,1,10,20.0,1,10,37.11,70,5,21084.0,38,5
tc_public_21/input.blif,1,alphasyn,"seq=10,iters=20,cpuct=0.5,mu=0.9,",8.5,1.0,5466.0,1,10,20.0,1,10,36.9,67,5,21084.0,38,5
tc_public_21/input.blif,1,alphasyn,"seq=10,iters=20,cpuct=1.0,mu=0.9,",8.5,1.0,5466.0,1,10,20.0,1,10,86.8,87,5,21880.0,74,5
tc_public_21/input.blif,1,alphasyn,"seq=10,iters=20,cpuct=1.0,mu=0.9,",8.5,1.0,5466.0,1,10,20.0,1,10,86.32,85,5,21880.0,74,5
tc_public_21/input.blif,1,alphasyn,"seq=10,iters=20,cpuct=1.0,mu=0.9,",8.5,1.0,5466.0,1,10,20.0,1,10,86.3,84,5,21880.0,74,5
tc_public_21/input.blif,1,alphasyn,"seq=10,iters=20,cpuct=1.0,mu=0.9,",8.5,1.0,5466.0,1,10,20.0,1,10,86.13,81,5,21880.0,74,5
tc_public_21/input.blif,1,alphasyn,"seq=10,iters=20,cpuct=1.0,mu=0.9,",8.5,1.0,5466.0,1,10,20.0,1,10,86.35,86,5,21724.0,71,5
tc_public_21/input.blif,1,alphasyn,"seq=10,iters=20,cpuct=1.0,mu=0.9,",8.5,1.0,5466.0,1,10,20.0,1,10,86.1,80,5,21920.0,78,5
tc_public_21/input.blif,1,alphasyn,"seq=10,iters=20,cpuct=1.0,mu=0.9,",8.5,1.0,5466.0,1,10,20.0,1,10,86.89,88,5,22040.0,79,5
tc_public_21/input.blif,1,alphasyn,"seq=10,iters=20,cpuct=1.0,mu=0.9,",8.5,1.0,5466.0,1,10,20.0,1,10,86.16,82,5,21728.0,73,5
tc_public_21/input.blif,1,alphasyn,"seq=10,iters=20,cpuct=1.0,mu=0.9,",8.5,1.0,5466.0,1,10,20.0,1,10,87.28,89,5,22040.0,79,5
tc_public_21/input.blif,1,alphasyn,"seq=10,iters=20,cpuct=1.0,mu=0.9,",8.5,1.0,5466.0,1,10,20.0,1,10,86.23,83,5,21724.0,71,5
tc_public_21/input.blif,1,alphasyn,"seq=10,iters=20,cpuct=1.5,mu=0.9,",8.5,1.0,5466.0,1,10,20.0,1,10,135.92,90,5,22680.0,86,5
tc_public_21/input.blif,1,alphasyn,"seq=10,iters=20,cpuct=1.5,mu=0.9,",8.5,1.0,5466.0,1,10,20.0,1,10,47.23,71,5,23004.0,90,5
tc_public_21/input.blif,1,alphasyn,"seq=10,iters=20,cpuct=1.5,mu=0.9,",8.5,1.0,5466.0,1,10,20.0,1,10,47.55,76,5,22684.0,87,5
tc_public_21/input.blif,1,alphasyn,"seq=10,iters=20,cpuct=1.5,mu=0.9,",8.5,1.0,5466.0,1,10,20.0,1,10,47.66,77,5,22520.0,81,5
tc_public_21/input.blif,1,alphasyn,"seq=10,iters=20,cpuct=1.5,mu=0.9,",8.5,1.0,5466.0,1,10,20.0,1,10,47.31,73,5,22560.0,84,5
tc_public_21/input.blif,1,alphasyn,"seq=10,iters=20,cpuct=1.5,mu=0.9,",8.5,1.0,5466.0,1,10,20.0,1,10,47.3,72,5,22524.0,82,5
tc_public_21/input.blif,1,alphasyn,"seq=10,iters=20,cpuct=1.5,mu=0.9,",8.5,1.0,5466.0,1,10,20.0,1,10,47.82,78,5,22684.0,87,5
tc_public_21/input.blif,1,alphasyn,"seq=10,iters=20,cpuct=1.5,mu=0.9,",8.5,1.0,5466.0,1,10,20.0,1,10,47.32,74,5,22560.0,84,5
tc_public_21/input.blif,1,alphasyn,"seq=10,iters=20,cpuct=1.5,mu=0.9,",8.5,1.0,5466.0,1,10,20.0,1,10,47.43,75,5,22524.0,82,5
tc_public_21/input.blif,1,alphasyn,"seq=10,iters=20,cpuct=1.5,mu=0.9,",8.5,1.0,5466.0,1,10,20.0,1,10,50.24,79,5,22720.0,89,5
tc_public_21/input.blif,1,baseline_mab_prefix,"steps=10,iters=20,ucb_c=0.2,seed=9",8.5,1.0,5466.0,1,10,20.0,1,10,21.69,57,5,21236.0,52,5
tc_public_21/input.blif,1,baseline_mab_prefix,"steps=10,iters=20,ucb_c=0.4,seed=2",8.5,1.0,5466.0,1,10,20.0,1,10,20.47,44,5,21120.0,44,5
tc_public_21/input.blif,1,baseline_mab_prefix,"steps=10,iters=20,ucb_c=0.4,seed=7",8.5,1.0,5466.0,1,10,20.0,1,10,20.36,43,5,21280.0,64,5
tc_public_21/input.blif,1,baseline_mab_prefix,"steps=10,iters=20,ucb_c=0.4,seed=9",8.5,1.0,5466.0,1,10,20.0,1,10,20.32,42,5,21120.0,44,5
tc_public_21/input.blif,1,baseline_mab_prefix,"steps=10,iters=20,ucb_c=0.8,seed=2",8.5,1.0,5466.0,1,10,20.0,1,10,21.4,53,5,21076.0,33,5
tc_public_21/input.blif,1,baseline_mab_prefix,"steps=10,iters=20,ucb_c=0.8,seed=7",8.5,1.0,5466.0,1,10,20.0,1,10,21.52,55,5,21240.0,58,5
tc_public_21/input.blif,1,baseline_mab_prefix,"steps=10,iters=20,ucb_c=0.8,seed=9",8.5,1.0,5466.0,1,10,20.0,1,10,20.88,49,5,21120.0,44,5
tc_public_21/input.blif,38,baseline_mab,"steps=10,iters=20,ucb_c=0.4,seed=2",7.0,1.0,5568.0,71,5,20.0,1,10,6.37,1,10,18600.0,16,5
tc_public_21/input.blif,39,baseline_mab,"steps=10,iters=20,ucb_c=0.4,seed=8",6.8,1.0,5598.0,77,5,20.0,1,10,6.38,2,9,18576.0,10,5
tc_public_21/input.blif,40,baseline_mab,"steps=10,iters=20,ucb_c=1.5,seed=2",6.6,1.0,5568.0,71,5,20.0,1,10,6.46,3,8,18620.0,20,5
tc_public_21/input.blif,41,baseline_mab,"steps=10,iters=20,ucb_c=1.5,seed=6",6.5,1.0,5595.0,75,5,20.0,1,10,6.56,9,5,18456.0,1,10
tc_public_21/input.blif,41,baseline_mab,"steps=10,iters=20,ucb_c=1.5,seed=7",6.5,1.0,5598.0,77,5,20.0,1,10,6.58,11,5,18456.0,1,10
tc_public_21/input.blif,43,baseline_mab,"steps=10,iters=20,ucb_c=1.0,seed=2",6.4,1.0,5568.0,71,5,20.0,1,10,6.51,4,7,18592.0,14,5
tc_public_21/input.blif,44,baseline_mab,"steps=10,iters=20,ucb_c=0.4,seed=9",6.300000000000001,1.0,5598.0,77,5,20.0,1,10,6.54,5,6,18516.0,5,6
tc_public_21/input.blif,45,baseline_mab,"steps=10,iters=20,ucb_c=0.4,seed=1",6.3,1.0,5553.0,61,5,20.0,1,10,6.59,14,5,18508.0,3,8
tc_public_21/input.blif,46,baseline_mab,"steps=10,iters=20,ucb_c=1.0,seed=6",6.2,1.0,5595.0,75,5,20.0,1,10,6.54,5,6,18528.0,6,5
tc_public_21/input.blif,46,baseline_mab,"steps=10,iters=20,ucb_c=1.5,seed=5",6.2,1.0,5631.0,85,5,20.0,1,10,6.58,11,5,18512.0,4,7
tc_public_21/input.blif,48,baseline_mab,"steps=10,iters=20,ucb_c=0.4,seed=0",6.0,1.0,5637.0,90,5,20.0,1,10,6.67,25,5,18636.0,25,5
tc_public_21/input.blif,48,baseline_mab,"steps=10,iters=20,ucb_c=0.4,seed=3",6.0,1.0,5592.0,74,5,20.0,1,10,6.66,23,5,18684.0,30,5
tc_public_21/input.blif,48,baseline_mab,"steps=10,iters=20,ucb_c=0.4,seed=4",6.0,1.0,5556.0,64,5,20.0,1,10,6.62,19,5,18612.0,18,5
tc_public_21/input.blif,48,baseline_mab,"steps=10,iters=20,ucb_c=0.4,seed=5",6.0,1.0,5631.0,85,5,20.0,1,10,6.76,28,5,18672.0,28,5
tc_public_21/input.blif,48,baseline_mab,"steps=10,iters=20,ucb_c=0.4,seed=6",6.0,1.0,5556.0,64,5,20.0,1,10,6.59,14,5,18568.0,9,5
tc_public_21/input.blif,48,baseline_mab,"steps=10,iters=20,ucb_c=0.4,seed=7",6.0,1.0,5556.0,64,5,20.0,1,10,6.84,29,5,18544.0,8,5
tc_public_21/input.blif,48,baseline_mab,"steps=10,iters=20,ucb_c=1.0,seed=0",6.0,1.0,5634.0,88,5,20.0,1,10,6.56,9,5,18632.0,24,5
tc_public_21/input.blif,48,baseline_mab,"steps=10,iters=20,ucb_c=1.0,seed=1",6.0,1.0,5553.0,61,5,20.0,1,10,6.55,7,5,18576.0,10,5
tc_public_21/input.blif,48,baseline_mab,"steps=10,iters=20,ucb_c=1.0,seed=3",6.0,1.0,5598.0,77,5,20.0,1,10,6.58,11,5,18608.0,17,5
tc_public_21/input.blif,48,baseline_mab,"steps=10,iters=20,ucb_c=1.0,seed=4",6.0,1.0,5556.0,64,5,20.0,1,10,6.65,21,5,18612.0,18,5
tc_public_21/input.blif,48,baseline_mab,"steps=10,iters=20,ucb_c=1.0,seed=5",6.0,1.0,5631.0,85,5,20.0,1,10,6.69,27,5,18592.0,14,5
tc_public_21/input.blif,48,baseline_mab,"steps=10,iters=20,ucb_c=1.0,seed=7",6.0,1.0,5556.0,64,5,20.0,1,10,6.59,14,5,18528.0,6,5
tc_public_21/input.blif,48,baseline_mab,"steps=10,iters=20,ucb_c=1.0,seed=8",6.0,1.0,5556.0,64,5,20.0,1,10,6.55,7,5,18620.0,20,5
tc_public_21/input.blif,48,baseline_mab,"steps=10,iters=20,ucb_c=1.0,seed=9",6.0,1.0,5607.0,83,5,20.0,1,10,6.59,14,5,18624.0,23,5
tc_public_21/input.blif,48,baseline_mab,"steps=10,iters=20,ucb_c=1.5,seed=0",6.0,1.0,5634.0,88,5,20.0,1,10,6.59,14,5,18644.0,27,5
tc_public_21/input.blif,48,baseline_mab,"steps=10,iters=20,ucb_c=1.5,seed=1",6.0,1.0,5553.0,61,5,20.0,1,10,6.68,26,5,18584.0,12,5
tc_public_21/input.blif,48,baseline_mab,"steps=10,iters=20,ucb_c=1.5,seed=3",6.0,1.0,5598.0,77,5,20.0,1,10,6.64,20,5,18680.0,29,5
tc_public_21/input.blif,48,baseline_mab,"steps=10,iters=20,ucb_c=1.5,seed=4",6.0,1.0,5556.0,64,5,20.0,1,10,6.65,21,5,18620.0,20,5
tc_public_21/input.blif,48,baseline_mab,"steps=10,iters=20,ucb_c=1.5,seed=8",6.0,1.0,5598.0,77,5,20.0,1,10,6.66,23,5,18636.0,25,5
tc_public_21/input.blif,48,baseline_mab,"steps=10,iters=20,ucb_c=1.5,seed=9",6.0,1.0,5607.0,83,5,20.0,1,10,7.04,30,5,18588.0,13,5
tc_public_21/input.blif,48,baseline_mab_prefix,"steps=10,iters=20,ucb_c=0.2,seed=0",6.0,1.0,5481.0,54,5,20.0,1,10,10.16,32,5,21280.0,64,5
tc_public_21/input.blif,48,baseline_mab_prefix,"steps=10,iters=20,ucb_c=0.2,seed=1",6.0,1.0,5502.0,58,5,20.0,1,10,9.96,31,5,21280.0,64,5
tc_public_21/input.blif,48,baseline_mab_prefix,"steps=10,iters=20,ucb_c=0.2,seed=2",6.0,1.0,5478.0,53,5,20.0,1,10,10.2,33,5,21236.0,52,5
tc_public_21/input.blif,48,baseline_mab_prefix,"steps=10,iters=20,ucb_c=0.2,seed=3",6.0,1.0,5472.0,44,5,20.0,1,10,13.81,36,5,21280.0,64,5
tc_public_21/input.blif,48,baseline_mab_prefix,"steps=10,iters=20,ucb_c=0.2,seed=4",6.0,1.0,5472.0,44,5,20.0,1,10,20.02,40,5,21120.0,44,5
tc_public_21/input.blif,48,baseline_mab_prefix,"steps=10,iters=20,ucb_c=0.2,seed=5",6.0,1.0,5469.0,38,5,20.0,1,10,21.52,55,5,21236.0,52,5
tc_public_21/input.blif,48,baseline_mab_prefix,"steps=10,iters=20,ucb_c=0.2,seed=6",6.0,1.0,5487.0,55,5,20.0,1,10,22.14,62,5,21280.0,64,5
tc_public_21/input.blif,48,baseline_mab_prefix,"steps=10,iters=20,ucb_c=0.2,seed=7",6.0,1.0,5472.0,44,5,20.0,1,10,22.09,61,5,21120.0,44,5
tc_public_21/input.blif,48,baseline_mab_prefix,"steps=10,iters=20,ucb_c=0.2,seed=8",6.0,1.0,5469.0,38,5,20.0,1,10,15.09,38,5,21076.0,33,5
tc_public_21/input.blif,48,baseline_mab_prefix,"steps=10,iters=20,ucb_c=0.4,seed=0",6.0,1.0,5472.0,44,5,20.0,1,10,21.31,52,5,21120.0,44,5
tc_public_21/input.blif,48,baseline_mab_prefix,"steps=10,iters=20,ucb_c=0.4,seed=1",6.0,1.0,5502.0,58,5,20.0,1,10,20.83,48,5,21120.0,44,5
tc_public_21/input.blif,48,baseline_mab_prefix,"steps=10,iters=20,ucb_c=0.4,seed=3",6.0,1.0,5472.0,44,5,20.0,1,10,12.9,34,5,21240.0,58,5
tc_public_21/input.blif,48,baseline_mab_prefix,"steps=10,iters=20,ucb_c=0.4,seed=4",6.0,1.0,5472.0,44,5,20.0,1,10,21.98,59,5,21080.0,35,5
tc_public_21/input.blif,48,baseline_mab_prefix,"steps=10,iters=20,ucb_c=0.4,seed=5",6.0,1.0,5469.0,38,5,20.0,1,10,20.23,41,5,21240.0,58,5
tc_public_21/input.blif,48,baseline_mab_prefix,"steps=10,iters=20,ucb_c=0.4,seed=6",6.0,1.0,5487.0,55,5,20.0,1,10,20.89,50,5,21280.0,64,5
tc_public_21/input.blif,48,baseline_mab_prefix,"steps=10,iters=20,ucb_c=0.4,seed=8",6.0,1.0,5469.0,38,5,20.0,1,10,20.68,45,5,21236.0,52,5
tc_public_21/input.blif,48,baseline_mab_prefix,"steps=10,iters=20,ucb_c=0.8,seed=0",6.0,1.0,5472.0,44,5,20.0,1,10,21.26,51,5,21080.0,35,5
tc_public_21/input.blif,48,baseline_mab_prefix,"steps=10,iters=20,ucb_c=0.8,seed=1",6.0,1.0,5502.0,58,5,20.0,1,10,22.05,60,5,21240.0,58,5
tc_public_21/input.blif,48,baseline_mab_prefix,"steps=10,iters=20,ucb_c=0.8,seed=3",6.0,1.0,5472.0,44,5,20.0,1,10,20.71,46,5,21236.0,52,5
tc_public_21/input.blif,48,baseline_mab_prefix,"steps=10,iters=20,ucb_c=0.8,seed=4",6.0,1.0,5472.0,44,5,20.0,1,10,21.95,58,5,21236.0,52,5
tc_public_21/input.blif,48,baseline_mab_prefix,"steps=10,iters=20,ucb_c=0.8,seed=5",6.0,1.0,5469.0,38,5,20.0,1,10,20.79,47,5,21240.0,58,5
tc_public_21/input.blif,48,baseline_mab_prefix,"steps=10,iters=20,ucb_c=0.8,seed=6",6.0,1.0,5487.0,55,5,20.0,1,10,16.95,39,5,21120.0,44,5
tc_public_21/input.blif,48,baseline_mab_prefix,"steps=10,iters=20,ucb_c=0.8,seed=8",6.0,1.0,5469.0,38,5,20.0,1,10,21.45,54,5,21440.0,70,5
tc_public_22/input.blif,1,baseline_mab_prefix,"steps=10,iters=20,ucb_c=0.2,seed=7",8.7,1.0,10905.0,1,10,20.0,1,10,32.12,52,5,22156.0,4,7
tc_public_22/input.blif,1,baseline_mab_prefix,"steps=10,iters=20,ucb_c=0.8,seed=6",8.7,1.0,10905.0,1,10,20.0,1,10,21.58,37,5,22156.0,4,7
tc_public_22/input.blif,3,alphasyn,"seq=10,iters=20,cpuct=0.5,mu=0.9,",8.5,1.0,10905.0,1,10,20.0,1,10,24.18,39,5,23076.0,67,5
tc_public_22/input.blif,3,alphasyn,"seq=10,iters=20,cpuct=0.5,mu=0.9,",8.5,1.0,10905.0,1,10,20.0,1,10,49.85,64,5,22916.0,39,5
tc_public_22/input.blif,3,alphasyn,"seq=10,iters=20,cpuct=0.5,mu=0.9,",8.5,1.0,10905.0,1,10,20.0,1,10,52.0,66,5,23076.0,67,5
tc_public_22/input.blif,3,alphasyn,"seq=10,iters=20,cpuct=0.5,mu=0.9,",8.5,1.0,10905.0,1,10,20.0,1,10,51.2,65,5,23072.0,46,5
tc_public_22/input.blif,3,alphasyn,"seq=10,iters=20,cpuct=0.5,mu=0.9,",8.5,1.0,10905.0,1,10,20.0,1,10,47.93,63,5,23020.0,45,5
tc_public_22/input.blif,3,alphasyn,"seq=10,iters=20,cpuct=0.5,mu=0.9,",8.5,1.0,10905.0,1,10,20.0,1,10,21.83,38,5,22916.0,39,5
tc_public_22/input.blif,3,alphasyn,"seq=10,iters=20,cpuct=0.5,mu=0.9,",8.5,1.0,10905.0,1,10,20.0,1,10,62.76,68,5,22804.0,34,5
tc_public_22/input.blif,3,alphasyn,"seq=10,iters=20,cpuct=0.5,mu=0.9,",8.5,1.0,10905.0,1,10,20.0,1,10,63.07,70,5,22752.0,32,5
tc_public_22/input.blif,3,alphasyn,"seq=10,iters=20,cpuct=0.5,mu=0.9,",8.5,1.0,10905.0,1,10,20.0,1,10,63.04,69,5,22916.0,39,5
tc_public_22/input.blif,3,alphasyn,"seq=10,iters=20,cpuct=0.5,mu=0.9,",8.5,1.0,10905.0,1,10,20.0,1,10,62.28,67,5,23076.0,67,5
tc_public_22/input.blif,3,alphasyn,"seq=10,iters=20,cpuct=1.0,mu=0.9,",8.5,1.0,10905.0,1,10,20.0,1,10,150.63,88,5,22632.0,31,5
tc_public_22/input.blif,3,alphasyn,"seq=10,iters=20,cpuct=1.0,mu=0.9,",8.5,1.0,10905.0,1,10,20.0,1,10,148.69,82,5,23072.0,46,5
tc_public_22/input.blif,3,alphasyn,"seq=10,iters=20,cpuct=1.0,mu=0.9,",8.5,1.0,10905.0,1,10,20.0,1,10,149.92,84,5,22792.0,33,5
tc_public_22/input.blif,3,alphasyn,"seq=10,iters=20,cpuct=1.0,mu=0.9,",8.5,1.0,10905.0,1,10,20.0,1,10,148.57,80,5,23072.0,46,5
tc_public_22/input.blif,3,alphasyn,"seq=10,iters=20,cpuct=1.0,mu=0.9,",8.5,1.0,10905.0,1,10,20.0,1,10,150.01,85,5,23076.0,67,5
tc_public_22/input.blif,3,alphasyn,"seq=10,iters=20,cpuct=1.0,mu=0.9,",8.5,1.0,10905.0,1,10,20.0,1,10,148.58,81,5,23076.0,67,5
tc_public_22/input.blif,3,alphasyn,"seq=10,iters=20,cpuct=1.0,mu=0.9,",8.5,1.0,10905.0,1,10,20.0,1,10,150.45,87,5,23072.0,46,5
tc_public_22/input.blif,3,alphasyn,"seq=10,iters=20,cpuct=1.0,mu=0.9,",8.5,1.0,10905.0,1,10,20.0,1,10,151.08,89,5,22912.0,36,5
tc_public_22/input.blif,3,alphasyn,"seq=10,iters=20,cpuct=1.0,mu=0.9,",8.5,1.0,10905.0,1,10,20.0,1,10,150.42,86,5,22916.0,39,5
tc_public_22/input.blif,3,alphasyn,"seq=10,iters=20,cpuct=1.0,mu=0.9,",8.5,1.0,10905.0,1,10,20.0,1,10,149.61,83,5,23236.0,89,5
tc_public_22/input.blif,3,alphasyn,"seq=10,iters=20,cpuct=1.5,mu=0.9,",8.5,1.0,10905.0,1,10,20.0,1,10,151.55,90,5,22912.0,36,5
tc_public_22/input.blif,3,alphasyn,"seq=10,iters=20,cpuct=1.5,mu=0.9,",8.5,1.0,10905.0,1,10,20.0,1,10,73.96,78,5,23076.0,67,5
tc_public_22/input.blif,3,alphasyn,"seq=10,iters=20,cpuct=1.5,mu=0.9,",8.5,1.0,10905.0,1,10,20.0,1,10,73.65,74,5,22912.0,36,5
tc_public_22/input.blif,3,alphasyn,"seq=10,iters=20,cpuct=1.5,mu=0.9,",8.5,1.0,10905.0,1,10,20.0,1,10,73.55,71,5,22916.0,39,5
tc_public_22/input.blif,3,alphasyn,"seq=10,iters=20,cpuct=1.5,mu=0.9,",8.5,1.0,10905.0,1,10,20.0,1,10,73.6,73,5,22860.0,35,5
tc_public_22/input.blif,3,alphasyn,"seq=10,iters=20,cpuct=1.5,mu=0.9,",8.5,1.0,10905.0,1,10,20.0,1,10,73.92,76,5,23076.0,67,5
tc_public_22/input.blif,3,alphasyn,"seq=10,iters=20,cpuct=1.5,mu=0.9,",8.5,1.0,10905.0,1,10,20.0,1,10,73.82,75,5,23076.0,67,5
tc_public_22/input.blif,3,alphasyn,"seq=10,iters=20,cpuct=1.5,mu=0.9,",8.5,1.0,10905.0,1,10,20.0,1,10,73.59,72,5,23076.0,67,5
tc_public_22/input.blif,3,alphasyn,"seq=10,iters=20,cpuct=1.5,mu=0.9,",8.5,1.0,10905.0,1,10,20.0,1,10,73.92,76,5,22916.0,39,5
tc_public_22/input.blif,3,alphasyn,"seq=10,iters=20,cpuct=1.5,mu=0.9,",8.5,1.0,10905.0,1,10,20.0,1,10,78.94,79,5,23236.0,89,5
tc_public_22/input.blif,3,baseline_mab_prefix,"steps=10,iters=20,ucb_c=0.2,seed=5",8.5,1.0,10905.0,1,10,20.0,1,10,32.81,59,5,22160.0,10,5
tc_public_22/input.blif,3,baseline_mab_prefix,"steps=10,iters=20,ucb_c=0.2,seed=6",8.5,1.0,10905.0,1,10,20.0,1,10,31.62,48,5,22160.0,10,5
tc_public_22/input.blif,3,baseline_mab_prefix,"steps=10,iters=20,ucb_c=0.2,seed=8",8.5,1.0,10905.0,1,10,20.0,1,10,20.61,36,5,22160.0,10,5
tc_public_22/input.blif,3,baseline_mab_prefix,"steps=10,iters=20,ucb_c=0.2,seed=9",8.5,1.0,10905.0,1,10,20.0,1,10,32.47,56,5,22160.0,10,5
tc_public_22/input.blif,3,baseline_mab_prefix,"steps=10,iters=20,ucb_c=0.4,seed=5",8.5,1.0,10905.0,1,10,20.0,1,10,30.99,43,5,22160.0,10,5
tc_public_22/input.blif,3,baseline_mab_prefix,"steps=10,iters=20,ucb_c=0.4,seed=6",8.5,1.0,10905.0,1,10,20.0,1,10,31.36,47,5,22160.0,10,5
tc_public_22/input.blif,3,baseline_mab_prefix,"steps=10,iters=20,ucb_c=0.4,seed=7",8.5,1.0,10905.0,1,10,20.0,1,10,31.15,45,5,22160.0,10,5
tc_public_22/input.blif,3,baseline_mab_prefix,"steps=10,iters=20,ucb_c=0.4,seed=8",8.5,1.0,10905.0,1,10,20.0,1,10,30.11,41,5,22160.0,10,5
tc_public_22/input.blif,3,baseline_mab_prefix,"steps=10,iters=20,ucb_c=0.4,seed=9",8.5,1.0,10905.0,1,10,20.0,1,10,32.14,53,5,22160.0,10,5
tc_public_22/input.blif,3,baseline_mab_prefix,"steps=10,iters=20,ucb_c=0.8,seed=5",8.5,1.0,10905.0,1,10,20.0,1,10,31.86,49,5,22320.0,27,5
tc_public_22/input.blif,3,baseline_mab_prefix,"steps=10,iters=20,ucb_c=0.8,seed=7",8.5,1.0,10905.0,1,10,20.0,1,10,32.07,51,5,22160.0,10,5
tc_public_22/input.blif,3,baseline_mab_prefix,"steps=10,iters=20,ucb_c=0.8,seed=8",8.5,1.0,10905.0,1,10,20.0,1,10,32.37,55,5,22320.0,27,5
tc_public_22/input.blif,3,baseline_mab_prefix,"steps=10,iters=20,ucb_c=0.8,seed=9",8.5,1.0,10905.0,1,10,20.0,1,10,31.07,44,5,22160.0,10,5
tc_public_22/input.blif,46,baseline_mab,"steps=10,iters=20,ucb_c=0.4,seed=8",7.0,1.0,11106.0,79,5,20.0,1,10,11.56,1,10,23072.0,46,5
tc_public_22/input.blif,47,baseline_mab,"steps=10,iters=20,ucb_c=0.4,seed=2",6.8,1.0,11049.0,64,5,20.0,1,10,11.72,2,9,23076.0,67,5
tc_public_22/input.blif,48,baseline_mab,"steps=10,iters=20,ucb_c=1.5,seed=2",6.6,1.0,11070.0,72,5,20.0,1,10,11.76,3,8,23072.0,46,5
tc_public_22/input.blif,49,baseline_mab_prefix,"steps=10,iters=20,ucb_c=0.8,seed=4",6.5,1.0,10917.0,49,5,20.0,1,10,32.72,58,5,21996.0,1,10
tc_public_22/input.blif,50,baseline_mab,"steps=10,iters=20,ucb_c=1.0,seed=2",6.4,1.0,11070.0,72,5,20.0,1,10,11.79,4,7,23072.0,46,5
tc_public_22/input.blif,50,baseline_mab_prefix,"steps=10,iters=20,ucb_c=0.2,seed=1",6.4,1.0,10929.0,58,5,20.0,1,10,14.92,32,5,22000.0,2,9
tc_public_22/input.blif,50,baseline_mab_prefix,"steps=10,iters=20,ucb_c=0.2,seed=3",6.4,1.0,10920.0,57,5,20.0,1,10,20.54,35,5,22000.0,2,9
tc_public_22/input.blif,53,baseline_mab,"steps=10,iters=20,ucb_c=1.0,seed=1",6.2,1.0,11028.0,61,5,20.0,1,10,11.81,5,6,23072.0,46,5
tc_public_22/input.blif,53,baseline_mab_prefix,"steps=10,iters=20,ucb_c=0.2,seed=4",6.2,1.0,10917.0,49,5,20.0,1,10,31.32,46,5,22156.0,4,7
tc_public_22/input.blif,53,baseline_mab_prefix,"steps=10,iters=20,ucb_c=0.4,seed=3",6.2,1.0,10917.0,49,5,20.0,1,10,17.82,34,5,22156.0,4,7
tc_public_22/input.blif,53,baseline_mab_prefix,"steps=10,iters=20,ucb_c=0.8,seed=1",6.2,1.0,10929.0,58,5,20.0,1,10,33.22,62,5,22156.0,4,7
tc_public_22/input.blif,53,baseline_mab_prefix,"steps=10,iters=20,ucb_c=0.8,seed=3",6.2,1.0,10917.0,49,5,20.0,1,10,32.69,57,5,22156.0,4,7
tc_public_22/input.blif,58,baseline_mab,"steps=10,iters=20,ucb_c=0.4,seed=0",6.0,1.0,11172.0,86,5,20.0,1,10,12.13,26,5,23076.0,67,5
tc_public_22/input.blif,58,baseline_mab,"steps=10,iters=20,ucb_c=0.4,seed=1",6.0,1.0,11028.0,61,5,20.0,1,10,11.88,9,5,23072.0,46,5
tc_public_22/input.blif,58,baseline_mab,"steps=10,iters=20,ucb_c=0.4,seed=3",6.0,1.0,11049.0,64,5,20.0,1,10,12.06,23,5,23076.0,67,5
tc_public_22/input.blif,58,baseline_mab,"steps=10,iters=20,ucb_c=0.4,seed=4",6.0,1.0,11106.0,79,5,20.0,1,10,11.91,13,5,23072.0,46,5
tc_public_22/input.blif,58,baseline_mab,"steps=10,iters=20,ucb_c=0.4,seed=5",6.0,1.0,11049.0,64,5,20.0,1,10,12.17,28,5,23076.0,67,5
tc_public_22/input.blif,58,baseline_mab,"steps=10,iters=20,ucb_c=0.4,seed=6",6.0,1.0,11049.0,64,5,20.0,1,10,11.92,15,5,23072.0,46,5
tc_public_22/input.blif,58,baseline_mab,"steps=10,iters=20,ucb_c=0.4,seed=7",6.0,1.0,11049.0,64,5,20.0,1,10,12.13,26,5,23076.0,67,5
tc_public_22/input.blif,58,baseline_mab,"steps=10,iters=20,ucb_c=0.4,seed=9",6.0,1.0,11076.0,74,5,20.0,1,10,12.02,22,5,23076.0,67,5
tc_public_22/input.blif,58,baseline_mab,"steps=10,iters=20,ucb_c=1.0,seed=0",6.0,1.0,11172.0,86,5,20.0,1,10,11.87,8,5,23072.0,46,5
tc_public_22/input.blif,58,baseline_mab,"steps=10,iters=20,ucb_c=1.0,seed=3",6.0,1.0,11049.0,64,5,20.0,1,10,11.93,17,5,23072.0,46,5
tc_public_22/input.blif,58,baseline_mab,"steps=10,iters=20,ucb_c=1.0,seed=4",6.0,1.0,11172.0,86,5,20.0,1,10,11.91,13,5,23072.0,46,5
tc_public_22/input.blif,58,baseline_mab,"steps=10,iters=20,ucb_c=1.0,seed=5",6.0,1.0,11079.0,77,5,20.0,1,10,12.09,24,5,23076.0,67,5
tc_public_22/input.blif,58,baseline_mab,"steps=10,iters=20,ucb_c=1.0,seed=6",6.0,1.0,11118.0,81,5,20.0,1,10,12.0,20,5,23076.0,67,5
tc_public_22/input.blif,58,baseline_mab,"steps=10,iters=20,ucb_c=1.0,seed=7",6.0,1.0,11049.0,64,5,20.0,1,10,11.89,10,5,23076.0,67,5
tc_public_22/input.blif,58,baseline_mab,"steps=10,iters=20,ucb_c=1.0,seed=8",6.0,1.0,11118.0,81,5,20.0,1,10,11.89,10,5,23076.0,67,5
tc_public_22/input.blif,58,baseline_mab,"steps=10,iters=20,ucb_c=1.0,seed=9",6.0,1.0,11076.0,74,5,20.0,1,10,11.89,10,5,23072.0,46,5
tc_public_22/input.blif,58,baseline_mab,"steps=10,iters=20,ucb_c=1.5,seed=0",6.0,1.0,11172.0,86,5,20.0,1,10,11.84,6,5,23076.0,67,5
tc_public_22/input.blif,58,baseline_mab,"steps=10,iters=20,ucb_c=1.5,seed=1",6.0,1.0,11028.0,61,5,20.0,1,10,11.93,17,5,23072.0,46,5
tc_public_22/input.blif,58,baseline_mab,"steps=10,iters=20,ucb_c=1.5,seed=3",6.0,1.0,11049.0,64,5,20.0,1,10,11.94,19,5,23072.0,46,5
tc_public_22/input.blif,58,baseline_mab,"steps=10,iters=20,ucb_c=1.5,seed=4",6.0,1.0,11172.0,86,5,20.0,1,10,12.0,20,5,23072.0,46,5
tc_public_22/input.blif,58,baseline_mab,"steps=10,iters=20,ucb_c=1.5,seed=5",6.0,1.0,11079.0,77,5,20.0,1,10,11.92,15,5,23072.0,46,5
tc_public_22/input.blif,58,baseline_mab,"steps=10,iters=20,ucb_c=1.5,seed=6",6.0,1.0,11118.0,81,5,20.0,1,10,11.86,7,5,23076.0,67,5
tc_public_22/input.blif,58,baseline_mab,"steps=10,iters=20,ucb_c=1.5,seed=7",6.0,1.0,11118.0,81,5,20.0,1,10,12.33,29,5,23076.0,67,5
tc_public_22/input.blif,58,baseline_mab,"steps=10,iters=20,ucb_c=1.5,seed=8",6.0,1.0,11118.0,81,5,20.0,1,10,12.1,25,5,23072.0,46,5
tc_public_22/input.blif,58,baseline_mab,"steps=10,iters=20,ucb_c=1.5,seed=9",6.0,1.0,11076.0,74,5,20.0,1,10,12.97,30,5,23072.0,46,5
tc_public_22/input.blif,58,baseline_mab_prefix,"steps=10,iters=20,ucb_c=0.2,seed=0",6.0,1.0,10917.0,49,5,20.0,1,10,15.08,33,5,22320.0,27,5
tc_public_22/input.blif,58,baseline_mab_prefix,"steps=10,iters=20,ucb_c=0.2,seed=2",6.0,1.0,10914.0,46,5,20.0,1,10,14.39,31,5,22160.0,10,5
tc_public_22/input.blif,58,baseline_mab_prefix,"steps=10,iters=20,ucb_c=0.4,seed=0",6.0,1.0,10917.0,49,5,20.0,1,10,31.98,50,5,22160.0,10,5
tc_public_22/input.blif,58,baseline_mab_prefix,"steps=10,iters=20,ucb_c=0.4,seed=1",6.0,1.0,10929.0,58,5,20.0,1,10,32.93,61,5,22160.0,10,5
tc_public_22/input.blif,58,baseline_mab_prefix,"steps=10,iters=20,ucb_c=0.4,seed=2",6.0,1.0,10914.0,46,5,20.0,1,10,29.58,40,5,22160.0,10,5
tc_public_22/input.blif,58,baseline_mab_prefix,"steps=10,iters=20,ucb_c=0.4,seed=4",6.0,1.0,10917.0,49,5,20.0,1,10,32.23,54,5,22160.0,10,5
tc_public_22/input.blif,58,baseline_mab_prefix,"steps=10,iters=20,ucb_c=0.8,seed=0",6.0,1.0,10917.0,49,5,20.0,1,10,32.88,60,5,22160.0,10,5
tc_public_22/input.blif,58,baseline_mab_prefix,"steps=10,iters=20,ucb_c=0.8,seed=2",6.0,1.0,10914.0,46,5,20.0,1,10,30.85,42,5,22320.0,27,5
tc_public_23/input.blif,1,baseline_mab,"steps=10,iters=20,ucb_c=0.4,seed=6",9.6,1.0,1530.0,1,10,16.0,1,10,1.63,1,10,16352.0,5,6
tc_public_23/input.blif,2,baseline_mab,"steps=10,iters=20,ucb_c=0.4,seed=4",9.4,1.0,1530.0,1,10,16.0,1,10,1.66,3,8,16344.0,3,8
tc_public_23/input.blif,3,baseline_mab,"steps=10,iters=20,ucb_c=0.4,seed=1",9.3,1.0,1530.0,1,10,16.0,1,10,1.65,2,9,17708.0,30,5
tc_public_23/input.blif,4,baseline_mab,"steps=10,iters=20,ucb_c=0.4,seed=0",9.2,1.0,1530.0,1,10,16.0,1,10,1.67,5,6,16200.0,1,10
tc_public_23/input.blif,5,baseline_mab,"steps=10,iters=20,ucb_c=1.5,seed=6",9.1,1.0,1530.0,1,10,16.0,1,10,1.66,3,8,17368.0,10,5
tc_public_23/input.blif,6,baseline_mab,"steps=10,iters=20,ucb_c=1.0,seed=0",8.9,1.0,1530.0,1,10,16.0,1,10,1.68,9,5,16232.0,2,9
tc_public_23/input.blif,7,baseline_mab,"steps=10,iters=20,ucb_c=1.0,seed=6",8.7,1.0,1530.0,1,10,16.0,1,10,1.67,5,6,17164.0,8,5
tc_public_23/input.blif,7,baseline_mab,"steps=10,iters=20,ucb_c=1.0,seed=7",8.7,1.0,1530.0,1,10,16.0,1,10,1.67,5,6,17364.0,9,5
tc_public_23/input.blif,7,baseline_mab,"steps=10,iters=20,ucb_c=1.5,seed=2",8.7,1.0,1530.0,1,10,16.0,1,10,1.67,5,6,17692.0,21,5
tc_public_23/input.blif,7,baseline_mab,"steps=10,iters=20,ucb_c=1.5,seed=9",8.7,1.0,1530.0,1,10,16.0,1,10,1.73,23,5,16348.0,4,7
tc_public_23/input.blif,11,alphasyn,"seq=10,iters=20,cpuct=0.5,mu=0.9,",8.5,1.0,1530.0,1,10,16.0,1,10,37.48,72,5,23320.0,71,5
tc_public_23/input.blif,11,alphasyn,"seq=10,iters=20,cpuct=0.5,mu=0.9,",8.5,1.0,1530.0,1,10,16.0,1,10,77.14,75,5,23324.0,75,5
tc_public_23/input.blif,11,alphasyn,"seq=10,iters=20,cpuct=0.5,mu=0.9,",8.5,1.0,1530.0,1,10,16.0,1,10,76.89,74,5,23164.0,66,5
tc_public_23/input.blif,11,alphasyn,"seq=10,iters=20,cpuct=0.5,mu=0.9,",8.5,1.0,1530.0,1,10,16.0,1,10,77.76,76,5,23040.0,62,5
tc_public_23/input.blif,11,alphasyn,"seq=10,iters=20,cpuct=0.5,mu=0.9,",8.5,1.0,1530.0,1,10,16.0,1,10,73.96,73,5,23324.0,75,5
tc_public_23/input.blif,11,alphasyn,"seq=10,iters=20,cpuct=0.5,mu=0.9,",8.5,1.0,1530.0,1,10,16.0,1,10,34.57,61,5,23160.0,64,5
tc_public_23/input.blif,11,alphasyn,"seq=10,iters=20,cpuct=0.5,mu=0.9,",8.5,1.0,1530.0,1,10,16.0,1,10,98.1,82,5,23160.0,64,5
tc_public_23/input.blif,11,alphasyn,"seq=10,iters=20,cpuct=0.5,mu=0.9,",8.5,1.0,1530.0,1,10,16.0,1,10,98.64,86,5,23332.0,87,5
tc_public_23/input.blif,11,alphasyn,"seq=10,iters=20,cpuct=0.5,mu=0.9,",8.5,1.0,1530.0,1,10,16.0,1,10,98.61,85,5,23320.0,71,5
tc_public_23/input.blif,11,alphasyn,"seq=10,iters=20,cpuct=0.5,mu=0.9,",8.5,1.0,1530.0,1,10,16.0,1,10,97.85,78,5,23200.0,70,5
tc_public_23/input.blif,11,alphasyn,"seq=10,iters=20,cpuct=1.0,mu=0.9,",8.5,1.0,1530.0,1,10,16.0,1,10,97.99,80,5,23320.0,71,5
tc_public_23/input.blif,11,alphasyn,"seq=10,iters=20,cpuct=1.0,mu=0.9,",8.5,1.0,1530.0,1,10,16.0,1,10,98.0,81,5,23484.0,90,5
tc_public_23/input.blif,11,alphasyn,"seq=10,iters=20,cpuct=1.0,mu=0.9,",8.5,1.0,1530.0,1,10,16.0,1,10,98.64,86,5,23324.0,75,5
tc_public_23/input.blif,11,alphasyn,"seq=10,iters=20,cpuct=1.0,mu=0.9,",8.5,1.0,1530.0,1,10,16.0,1,10,97.63,77,5,23324.0,75,5
tc_public_23/input.blif,11,alphasyn,"seq=10,iters=20,cpuct=1.0,mu=0.9,",8.5,1.0,1530.0,1,10,16.0,1,10,98.57,84,5,23480.0,88,5
tc_public_23/input.blif,11,alphasyn,"seq=10,iters=20,cpuct=1.0,mu=0.9,",8.5,1.0,1530.0,1,10,16.0,1,10,97.87,79,5,23168.0,68,5
tc_public_23/input.blif,11,alphasyn,"seq=10,iters=20,cpuct=1.0,mu=0.9,",8.5,1.0,1530.0,1,10,16.0,1,10,98.1,82,5,23324.0,75,5
tc_public_23/input.blif,11,alphasyn,"seq=10,iters=20,cpuct=1.0,mu=0.9,",8.5,1.0,1530.0,1,10,16.0,1,10,99.25,89,5,23324.0,75,5
tc_public_23/input.blif,11,alphasyn,"seq=10,iters=20,cpuct=1.0,mu=0.9,",8.5,1.0,1530.0,1,10,16.0,1,10,99.04,88,5,23324.0,75,5
tc_public_23/input.blif,11,alphasyn,"seq=10,iters=20,cpuct=1.0,mu=0.9,",8.5,1.0,1530.0,1,10,16.0,1,10,99.51,90,5,23324.0,75,5
tc_public_23/input.blif,11,alphasyn,"seq=10,iters=20,cpuct=1.5,mu=0.9,",8.5,1.0,1530.0,1,10,16.0,1,10,35.05,69,5,23324.0,75,5
tc_public_23/input.blif,11,alphasyn,"seq=10,iters=20,cpuct=1.5,mu=0.9,",8.5,1.0,1530.0,1,10,16.0,1,10,34.74,66,5,23164.0,66,5
tc_public_23/input.blif,11,alphasyn,"seq=10,iters=20,cpuct=1.5,mu=0.9,",8.5,1.0,1530.0,1,10,16.0,1,10,34.57,61,5,23004.0,61,5
tc_public_23/input.blif,11,alphasyn,"seq=10,iters=20,cpuct=1.5,mu=0.9,",8.5,1.0,1530.0,1,10,16.0,1,10,34.57,61,5,23324.0,75,5
tc_public_23/input.blif,11,alphasyn,"seq=10,iters=20,cpuct=1.5,mu=0.9,",8.5,1.0,1530.0,1,10,16.0,1,10,34.58,64,5,23480.0,88,5
tc_public_23/input.blif,11,alphasyn,"seq=10,iters=20,cpuct=1.5,mu=0.9,",8.5,1.0,1530.0,1,10,16.0,1,10,34.74,66,5,23324.0,75,5
tc_public_23/input.blif,11,alphasyn,"seq=10,iters=20,cpuct=1.5,mu=0.9,",8.5,1.0,1530.0,1,10,16.0,1,10,34.61,65,5,23040.0,62,5
tc_public_23/input.blif,11,alphasyn,"seq=10,iters=20,cpuct=1.5,mu=0.9,",8.5,1.0,1530.0,1,10,16.0,1,10,35.0,68,5,23320.0,71,5
tc_public_23/input.blif,11,alphasyn,"seq=10,iters=20,cpuct=1.5,mu=0.9,",8.5,1.0,1530.0,1,10,16.0,1,10,35.09,70,5,23324.0,75,5
tc_public_23/input.blif,11,alphasyn,"seq=10,iters=20,cpuct=1.5,mu=0.9,",8.5,1.0,1530.0,1,10,16.0,1,10,37.15,71,5,23168.0,68,5
tc_public_23/input.blif,11,baseline_mab,"steps=10,iters=20,ucb_c=0.4,seed=2",8.5,1.0,1530.0,1,10,16.0,1,10,1.7,14,5,17384.0,13,5
tc_public_23/input.blif,11,baseline_mab,"steps=10,iters=20,ucb_c=0.4,seed=3",8.5,1.0,1530.0,1,10,16.0,1,10,1.73,23,5,17704.0,24,5
tc_public_23/input.blif,11,baseline_mab,"steps=10,iters=20,ucb_c=0.4,seed=5",8.5,1.0,1530.0,1,10,16.0,1,10,1.76,29,5,17544.0,18,5
tc_public_23/input.blif,11,baseline_mab,"steps=10,iters=20,ucb_c=0.4,seed=7",8.5,1.0,1530.0,1,10,16.0,1,10,1.71,18,5,17704.0,24,5
tc_public_23/input.blif,11,baseline_mab,"steps=10,iters=20,ucb_c=0.4,seed=8",8.5,1.0,1530.0,1,10,16.0,1,10,1.69,12,5,17384.0,13,5
tc_public_23/input.blif,11,baseline_mab,"steps=10,iters=20,ucb_c=0.4,seed=9",8.5,1.0,1530.0,1,10,16.0,1,10,1.72,20,5,17692.0,21,5
tc_public_23/input.blif,11,baseline_mab,"steps=10,iters=20,ucb_c=1.0,seed=1",8.5,1.0,1530.0,1,10,16.0,1,10,1.7,14,5,17380.0,12,5
tc_public_23/input.blif,11,baseline_mab,"steps=10,iters=20,ucb_c=1.0,seed=2",8.5,1.0,1530.0,1,10,16.0,1,10,1.72,20,5,16396.0,7,5
tc_public_23/input.blif,11,baseline_mab,"steps=10,iters=20,ucb_c=1.0,seed=3",8.5,1.0,1530.0,1,10,16.0,1,10,1.72,20,5,17704.0,24,5
tc_public_23/input.blif,11,baseline_mab,"steps=10,iters=20,ucb_c=1.0,seed=4",8.5,1.0,1530.0,1,10,16.0,1,10,1.7,14,5,17544.0,18,5
tc_public_23/input.blif,11,baseline_mab,"steps=10,iters=20,ucb_c=1.0,seed=5",8.5,1.0,1530.0,1,10,16.0,1,10,1.74,27,5,17704.0,24,5
tc_public_23/input.blif,11,baseline_mab,"steps=10,iters=20,ucb_c=1.0,seed=8",8.5,1.0,1530.0,1,10,16.0,1,10,1.73,23,5,17704.0,24,5
tc_public_23/input.blif,11,baseline_mab,"steps=10,iters=20,ucb_c=1.0,seed=9",8.5,1.0,1530.0,1,10,16.0,1,10,1.7,14,5,17532.0,16,5
tc_public_23/input.blif,11,baseline_mab,"steps=10,iters=20,ucb_c=1.5,seed=0",8.5,1.0,1530.0,1,10,16.0,1,10,1.68,9,5,17372.0,11,5
tc_public_23/input.blif,11,baseline_mab,"steps=10,iters=20,ucb_c=1.5,seed=1",8.5,1.0,1530.0,1,10,16.0,1,10,1.73,23,5,16372.0,6,5
tc_public_23/input.blif,11,baseline_mab,"steps=10,iters=20,ucb_c=1.5,seed=3",8.5,1.0,1530.0,1,10,16.0,1,10,1.69,12,5,17544.0,18,5
tc_public_23/input.blif,11,baseline_mab,"steps=10,iters=20,ucb_c=1.5,seed=4",8.5,1.0,1530.0,1,10,16.0,1,10,1.68,9,5,17384.0,13,5
tc_public_23/input.blif,11,baseline_mab,"steps=10,iters=20,ucb_c=1.5,seed=5",8.5,1.0,1530.0,1,10,16.0,1,10,1.71,18,5,17692.0,21,5
tc_public_23/input.blif,11,baseline_mab,"steps=10,iters=20,ucb_c=1.5,seed=7",8.5,1.0,1530.0,1,10,16.0,1,10,1.83,30,5,17704.0,24,5
tc_public_23/input.blif,11,baseline_mab,"steps=10,iters=20,ucb_c=1.5,seed=8",8.5,1.0,1530.0,1,10,16.0,1,10,1.75,28,5,17540.0,17,5
tc_public_23/input.blif,11,baseline_mab_prefix,"steps=10,iters=20,ucb_c=0.2,seed=0",8.5,1.0,1530.0,1,10,16.0,1,10,5.41,33,5,21236.0,36,5
tc_public_23/input.blif,11,baseline_mab_prefix,"steps=10,iters=20,ucb_c=0.2,seed=1",8.5,1.0,1530.0,1,10,16.0,1,10,5.4,32,5,21236.0,36,5
tc_public_23/input.blif,11,baseline_mab_prefix,"steps=10,iters=20,ucb_c=0.2,seed=2",8.5,1.0,1530.0,1,10,16.0,1,10,5.19,31,5,21244.0,45,5
tc_public_23/input.blif,11,baseline_mab_prefix,"steps=10,iters=20,ucb_c=0.2,seed=3",8.5,1.0,1530.0,1,10,16.0,1,10,7.48,36,5,21280.0,46,5
tc_public_23/input.blif,11,baseline_mab_prefix,"steps=10,iters=20,ucb_c=0.2,seed=4",8.5,1.0,1530.0,1,10,16.0,1,10,10.87,38,5,21280.0,46,5
tc_public_23/input.blif,11,baseline_mab_prefix,"steps=10,iters=20,ucb_c=0.2,seed=5",8.5,1.0,1530.0,1,10,16.0,1,10,11.38,44,5,21280.0,46,5
tc_public_23/input.blif,11,baseline_mab_prefix,"steps=10,iters=20,ucb_c=0.2,seed=6",8.5,1.0,1530.0,1,10,16.0,1,10,11.49,47,5,21280.0,46,5
tc_public_23/input.blif,11,baseline_mab_prefix,"steps=10,iters=20,ucb_c=0.2,seed=7",8.5,1.0,1530.0,1,10,16.0,1,10,11.52,49,5,20960.0,31,5
tc_public_23/input.blif,11,baseline_mab_prefix,"steps=10,iters=20,ucb_c=0.2,seed=8",8.5,1.0,1530.0,1,10,16.0,1,10,7.4,35,5,21236.0,36,5
tc_public_23/input.blif,11,baseline_mab_prefix,"steps=10,iters=20,ucb_c=0.2,seed=9",8.5,1.0,1530.0,1,10,16.0,1,10,11.3,42,5,21236.0,36,5
tc_public_23/input.blif,11,baseline_mab_prefix,"steps=10,iters=20,ucb_c=0.4,seed=0",8.5,1.0,1530.0,1,10,16.0,1,10,11.45,46,5,21280.0,46,5
tc_public_23/input.blif,11,baseline_mab_prefix,"steps=10,iters=20,ucb_c=0.4,seed=1",8.5,1.0,1530.0,1,10,16.0,1,10,10.95,39,5,21076.0,32,5
tc_public_23/input.blif,11,baseline_mab_prefix,"steps=10,iters=20,ucb_c=0.4,seed=2",8.5,1.0,1530.0,1,10,16.0,1,10,11.3,42,5,21396.0,55,5
tc_public_23/input.blif,11,baseline_mab_prefix,"steps=10,iters=20,ucb_c=0.4,seed=3",8.5,1.0,1530.0,1,10,16.0,1,10,7.21,34,5,21396.0,55,5
tc_public_23/input.blif,11,baseline_mab_prefix,"steps=10,iters=20,ucb_c=0.4,seed=4",8.5,1.0,1530.0,1,10,16.0,1,10,11.41,45,5,21084.0,35,5
tc_public_23/input.blif,11,baseline_mab_prefix,"steps=10,iters=20,ucb_c=0.4,seed=5",8.5,1.0,1530.0,1,10,16.0,1,10,11.88,51,5,21240.0,42,5
tc_public_23/input.blif,11,baseline_mab_prefix,"steps=10,iters=20,ucb_c=0.4,seed=6",8.5,1.0,1530.0,1,10,16.0,1,10,11.2,40,5,21280.0,46,5
tc_public_23/input.blif,11,baseline_mab_prefix,"steps=10,iters=20,ucb_c=0.4,seed=7",8.5,1.0,1530.0,1,10,16.0,1,10,11.5,48,5,21236.0,36,5
tc_public_23/input.blif,11,baseline_mab_prefix,"steps=10,iters=20,ucb_c=0.4,seed=8",8.5,1.0,1530.0,1,10,16.0,1,10,11.25,41,5,21280.0,46,5
tc_public_23/input.blif,11,baseline_mab_prefix,"steps=10,iters=20,ucb_c=0.4,seed=9",8.5,1.0,1530.0,1,10,16.0,1,10,12.03,54,5,21280.0,46,5
tc_public_23/input.blif,11,baseline_mab_prefix,"steps=10,iters=20,ucb_c=0.8,seed=0",8.5,1.0,1530.0,1,10,16.0,1,10,12.63,60,5,21240.0,42,5
tc_public_23/input.blif,11,baseline_mab_prefix,"steps=10,iters=20,ucb_c=0.8,seed=1",8.5,1.0,1530.0,1,10,16.0,1,10,11.85,50,5,21236.0,36,5
tc_public_23/input.blif,11,baseline_mab_prefix,"steps=10,iters=20,ucb_c=0.8,seed=2",8.5,1.0,1530.0,1,10,16.0,1,10,12.25,59,5,21280.0,46,5
tc_public_23/input.blif,11,baseline_mab_prefix,"steps=10,iters=20,ucb_c=0.8,seed=3",8.5,1.0,1530.0,1,10,16.0,1,10,12.24,58,5,21080.0,34,5
tc_public_23/input.blif,11,baseline_mab_prefix,"steps=10,iters=20,ucb_c=0.8,seed=4",8.5,1.0,1530.0,1,10,16.0,1,10,12.09,57,5,21240.0,42,5
tc_public_23/input.blif,11,baseline_mab_prefix,"steps=10,iters=20,ucb_c=0.8,seed=5",8.5,1.0,1530.0,1,10,16.0,1,10,11.94,52,5,21076.0,32,5
tc_public_23/input.blif,11,baseline_mab_prefix,"steps=10,iters=20,ucb_c=0.8,seed=6",8.5,1.0,1530.0,1,10,16.0,1,10,7.85,37,5,21440.0,60,5
tc_public_23/input.blif,11,baseline_mab_prefix,"steps=10,iters=20,ucb_c=0.8,seed=7",8.5,1.0,1530.0,1,10,16.0,1,10,12.03,54,5,21400.0,58,5
tc_public_23/input.blif,11,baseline_mab_prefix,"steps=10,iters=20,ucb_c=0.8,seed=8",8.5,1.0,1530.0,1,10,16.0,1,10,11.94,52,5,21396.0,55,5
tc_public_23/input.blif,11,baseline_mab_prefix,"steps=10,iters=20,ucb_c=0.8,seed=9",8.5,1.0,1530.0,1,10,16.0,1,10,12.08,56,5,21400.0,58,5
tc_public_24/input.blif,1,baseline_mab,"steps=10,iters=20,ucb_c=0.4,seed=5",9.5,1.0,215.0,1,10,8.0,1,10,0.86,1,10,14972.0,25,5
tc_public_24/input.blif,2,baseline_mab,"steps=10,iters=20,ucb_c=0.4,seed=1",9.4,1.0,215.0,1,10,8.0,1,10,0.88,4,7,14924.0,1,10
tc_public_24/input.blif,2,baseline_mab,"steps=10,iters=20,ucb_c=0.4,seed=4",9.4,1.0,215.0,1,10,8.0,1,10,0.88,4,7,14924.0,1,10
tc_public_24/input.blif,4,baseline_mab,"steps=10,iters=20,ucb_c=1.0,seed=5",9.3,1.0,215.0,1,10,8.0,1,10,0.87,2,9,14936.0,11,5
tc_public_24/input.blif,4,baseline_mab,"steps=10,iters=20,ucb_c=1.5,seed=5",9.3,1.0,215.0,1,10,8.0,1,10,0.87,2,9,14972.0,25,5
tc_public_24/input.blif,6,baseline_mab,"steps=10,iters=20,ucb_c=0.4,seed=3",9.0,1.0,215.0,1,10,8.0,1,10,0.89,19,5,14924.0,1,10
tc_public_24/input.blif,7,baseline_mab,"steps=10,iters=20,ucb_c=0.4,seed=2",8.9,1.0,215.0,1,10,8.0,1,10,0.88,4,7,14968.0,23,5
tc_public_24/input.blif,7,baseline_mab,"steps=10,iters=20,ucb_c=0.4,seed=8",8.9,1.0,215.0,1,10,8.0,1,10,0.88,4,7,14968.0,23,5
tc_public_24/input.blif,7,baseline_mab,"steps=10,iters=20,ucb_c=0.4,seed=9",8.9,1.0,215.0,1,10,8.0,1,10,0.88,4,7,14960.0,17,5
tc_public_24/input.blif,7,baseline_mab,"steps=10,iters=20,ucb_c=1.0,seed=1",8.9,1.0,215.0,1,10,8.0,1,10,0.88,4,7,14964.0,18,5
tc_public_24/input.blif,7,baseline_mab,"steps=10,iters=20,ucb_c=1.0,seed=2",8.9,1.0,215.0,1,10,8.0,1,10,0.88,4,7,14932.0,6,5
tc_public_24/input.blif,7,baseline_mab,"steps=10,iters=20,ucb_c=1.0,seed=3",8.9,1.0,215.0,1,10,8.0,1,10,0.88,4,7,14964.0,18,5
tc_public_24/input.blif,7,baseline_mab,"steps=10,iters=20,ucb_c=1.0,seed=6",8.9,1.0,215.0,1,10,8.0,1,10,0.88,4,7,14944.0,15,5
tc_public_24/input.blif,7,baseline_mab,"steps=10,iters=20,ucb_c=1.0,seed=7",8.9,1.0,215.0,1,10,8.0,1,10,0.88,4,7,14932.0,6,5
tc_public_24/input.blif,7,baseline_mab,"steps=10,iters=20,ucb_c=1.0,seed=9",8.9,1.0,215.0,1,10,8.0,1,10,0.88,4,7,15784.0,27,5
tc_public_24/input.blif,7,baseline_mab,"steps=10,iters=20,ucb_c=1.5,seed=0",8.9,1.0,215.0,1,10,8.0,1,10,0.88,4,7,16104.0,28,5
tc_public_24/input.blif,7,baseline_mab,"steps=10,iters=20,ucb_c=1.5,seed=2",8.9,1.0,215.0,1,10,8.0,1,10,0.88,4,7,14940.0,13,5
tc_public_24/input.blif,7,baseline_mab,"steps=10,iters=20,ucb_c=1.5,seed=3",8.9,1.0,215.0,1,10,8.0,1,10,0.88,4,7,14932.0,6,5
tc_public_24/input.blif,7,baseline_mab,"steps=10,iters=20,ucb_c=1.5,seed=6",8.9,1.0,215.0,1,10,8.0,1,10,0.88,4,7,14932.0,6,5
tc_public_24/input.blif,20,baseline_mab,"steps=10,iters=20,ucb_c=0.4,seed=0",8.7,1.0,215.0,1,10,8.0,1,10,0.89,19,5,14928.0,4,7
tc_public_24/input.blif,20,baseline_mab,"steps=10,iters=20,ucb_c=0.4,seed=6",8.7,1.0,215.0,1,10,8.0,1,10,0.89,19,5,14928.0,4,7
tc_public_24/input.blif,22,alphasyn,"seq=10,iters=20,cpuct=0.5,mu=0.9,",8.5,1.0,215.0,1,10,8.0,1,10,33.97,72,5,23320.0,76,5
tc_public_24/input.blif,22,alphasyn,"seq=10,iters=20,cpuct=0.5,mu=0.9,",8.5,1.0,215.0,1,10,8.0,1,10,64.46,76,5,23484.0,86,5
tc_public_24/input.blif,22,alphasyn,"seq=10,iters=20,cpuct=0.5,mu=0.9,",8.5,1.0,215.0,1,10,8.0,1,10,41.46,73,5,23320.0,76,5
tc_public_24/input.blif,22,alphasyn,"seq=10,iters=20,cpuct=0.5,mu=0.9,",8.5,1.0,215.0,1,10,8.0,1,10,57.65,74,5,23164.0,69,5
tc_public_24/input.blif,22,alphasyn,"seq=10,iters=20,cpuct=0.5,mu=0.9,",8.5,1.0,215.0,1,10,8.0,1,10,63.38,75,5,23168.0,73,5
tc_public_24/input.blif,22,alphasyn,"seq=10,iters=20,cpuct=0.5,mu=0.9,",8.5,1.0,215.0,1,10,8.0,1,10,29.16,61,5,23324.0,78,5
tc_public_24/input.blif,22,alphasyn,"seq=10,iters=20,cpuct=0.5,mu=0.9,",8.5,1.0,215.0,1,10,8.0,1,10,83.65,85,5,23160.0,65,5
tc_public_24/input.blif,22,alphasyn,"seq=10,iters=20,cpuct=0.5,mu=0.9,",8.5,1.0,215.0,1,10,8.0,1,10,83.57,84,5,23164.0,69,5
tc_public_24/input.blif,22,alphasyn,"seq=10,iters=20,cpuct=0.5,mu=0.9,",8.5,1.0,215.0,1,10,8.0,1,10,84.16,89,5,23484.0,86,5
tc_public_24/input.blif,22,alphasyn,"seq=10,iters=20,cpuct=0.5,mu=0.9,",8.5,1.0,215.0,1,10,8.0,1,10,83.29,80,5,23484.0,86,5
tc_public_24/input.blif,22,alphasyn,"seq=10,iters=20,cpuct=1.0,mu=0.9,",8.5,1.0,215.0,1,10,8.0,1,10,83.29,80,5,23488.0,90,5
tc_public_24/input.blif,22,alphasyn,"seq=10,iters=20,cpuct=1.0,mu=0.9,",8.5,1.0,215.0,1,10,8.0,1,10,83.48,83,5,23324.0,78,5
tc_public_24/input.blif,22,alphasyn,"seq=10,iters=20,cpuct=1.0,mu=0.9,",8.5,1.0,215.0,1,10,8.0,1,10,83.37,82,5,23168.0,73,5
tc_public_24/input.blif,22,alphasyn,"seq=10,iters=20,cpuct=1.0,mu=0.9,",8.5,1.0,215.0,1,10,8.0,1,10,83.22,79,5,23324.0,78,5
tc_public_24/input.blif,22,alphasyn,"seq=10,iters=20,cpuct=1.0,mu=0.9,",8.5,1.0,215.0,1,10,8.0,1,10,83.77,86,5,23160.0,65,5
tc_public_24/input.blif,22,alphasyn,"seq=10,iters=20,cpuct=1.0,mu=0.9,",8.5,1.0,215.0,1,10,8.0,1,10,83.02,77,5,23324.0,78,5
tc_public_24/input.blif,22,alphasyn,"seq=10,iters=20,cpuct=1.0,mu=0.9,",8.5,1.0,215.0,1,10,8.0,1,10,83.12,78,5,23164.0,69,5
tc_public_24/input.blif,22,alphasyn,"seq=10,iters=20,cpuct=1.0,mu=0.9,",8.5,1.0,215.0,1,10,8.0,1,10,84.26,90,5,23328.0,84,5
tc_public_24/input.blif,22,alphasyn,"seq=10,iters=20,cpuct=1.0,mu=0.9,",8.5,1.0,215.0,1,10,8.0,1,10,84.02,87,5,23332.0,85,5
tc_public_24/input.blif,22,alphasyn,"seq=10,iters=20,cpuct=1.0,mu=0.9,",8.5,1.0,215.0,1,10,8.0,1,10,84.02,87,5,23484.0,86,5
tc_public_24/input.blif,22,alphasyn,"seq=10,iters=20,cpuct=1.5,mu=0.9,",8.5,1.0,215.0,1,10,8.0,1,10,29.76,69,5,23324.0,78,5
tc_public_24/input.blif,22,alphasyn,"seq=10,iters=20,cpuct=1.5,mu=0.9,",8.5,1.0,215.0,1,10,8.0,1,10,29.61,66,5,23004.0,64,5
tc_public_24/input.blif,22,alphasyn,"seq=10,iters=20,cpuct=1.5,mu=0.9,",8.5,1.0,215.0,1,10,8.0,1,10,29.35,62,5,23000.0,62,5
tc_public_24/input.blif,22,alphasyn,"seq=10,iters=20,cpuct=1.5,mu=0.9,",8.5,1.0,215.0,1,10,8.0,1,10,29.51,63,5,23160.0,65,5
tc_public_24/input.blif,22,alphasyn,"seq=10,iters=20,cpuct=1.5,mu=0.9,",8.5,1.0,215.0,1,10,8.0,1,10,29.76,69,5,22844.0,61,5
tc_public_24/input.blif,22,alphasyn,"seq=10,iters=20,cpuct=1.5,mu=0.9,",8.5,1.0,215.0,1,10,8.0,1,10,29.57,65,5,23164.0,69,5
tc_public_24/input.blif,22,alphasyn,"seq=10,iters=20,cpuct=1.5,mu=0.9,",8.5,1.0,215.0,1,10,8.0,1,10,29.53,64,5,23316.0,75,5
tc_public_24/input.blif,22,alphasyn,"seq=10,iters=20,cpuct=1.5,mu=0.9,",8.5,1.0,215.0,1,10,8.0,1,10,29.67,67,5,23324.0,78,5
tc_public_24/input.blif,22,alphasyn,"seq=10,iters=20,cpuct=1.5,mu=0.9,",8.5,1.0,215.0,1,10,8.0,1,10,29.68,68,5,23160.0,65,5
tc_public_24/input.blif,22,alphasyn,"seq=10,iters=20,cpuct=1.5,mu=0.9,",8.5,1.0,215.0,1,10,8.0,1,10,31.23,71,5,23000.0,62,5
tc_public_24/input.blif,22,baseline_mab,"steps=10,iters=20,ucb_c=0.4,seed=7",8.5,1.0,215.0,1,10,8.0,1,10,0.89,19,5,14964.0,18,5
tc_public_24/input.blif,22,baseline_mab,"steps=10,iters=20,ucb_c=1.0,seed=0",8.5,1.0,215.0,1,10,8.0,1,10,0.9,25,5,14944.0,15,5
tc_public_24/input.blif,22,baseline_mab,"steps=10,iters=20,ucb_c=1.0,seed=4",8.5,1.0,215.0,1,10,8.0,1,10,0.9,25,5,16352.0,30,5
tc_public_24/input.blif,22,baseline_mab,"steps=10,iters=20,ucb_c=1.0,seed=8",8.5,1.0,215.0,1,10,8.0,1,10,0.89,19,5,14964.0,18,5
tc_public_24/input.blif,22,baseline_mab,"steps=10,iters=20,ucb_c=1.5,seed=1",8.5,1.0,215.0,1,10,8.0,1,10,0.9,25,5,14964.0,18,5
tc_public_24/input.blif,22,baseline_mab,"steps=10,iters=20,ucb_c=1.5,seed=4",8.5,1.0,215.0,1,10,8.0,1,10,0.91,29,5,16104.0,28,5
tc_public_24/input.blif,22,baseline_mab,"steps=10,iters=20,ucb_c=1.5,seed=7",8.5,1.0,215.0,1,10,8.0,1,10,0.91,29,5,14936.0,11,5
tc_public_24/input.blif,22,baseline_mab,"steps=10,iters=20,ucb_c=1.5,seed=8",8.5,1.0,215.0,1,10,8.0,1,10,0.9,25,5,14932.0,6,5
tc_public_24/input.blif,22,baseline_mab,"steps=10,iters=20,ucb_c=1.5,seed=9",8.5,1.0,215.0,1,10,8.0,1,10,0.89,19,5,14940.0,13,5
tc_public_24/input.blif,22,baseline_mab_prefix,"steps=10,iters=20,ucb_c=0.2,seed=0",8.5,1.0,215.0,1,10,8.0,1,10,4.71,33,5,21280.0,57,5
tc_public_24/input.blif,22,baseline_mab_prefix,"steps=10,iters=20,ucb_c=0.2,seed=1",8.5,1.0,215.0,1,10,8.0,1,10,4.67,32,5,21240.0,50,5
tc_public_24/input.blif,22,baseline_mab_prefix,"steps=10,iters=20,ucb_c=0.2,seed=2",8.5,1.0,215.0,1,10,8.0,1,10,4.62,31,5,21120.0,36,5
tc_public_24/input.blif,22,baseline_mab_prefix,"steps=10,iters=20,ucb_c=0.2,seed=3",8.5,1.0,215.0,1,10,8.0,1,10,7.01,37,5,21120.0,36,5
tc_public_24/input.blif,22,baseline_mab_prefix,"steps=10,iters=20,ucb_c=0.2,seed=4",8.5,1.0,215.0,1,10,8.0,1,10,9.4,39,5,21236.0,43,5
tc_public_24/input.blif,22,baseline_mab_prefix,"steps=10,iters=20,ucb_c=0.2,seed=5",8.5,1.0,215.0,1,10,8.0,1,10,9.29,38,5,21280.0,57,5
tc_public_24/input.blif,22,baseline_mab_prefix,"steps=10,iters=20,ucb_c=0.2,seed=6",8.5,1.0,215.0,1,10,8.0,1,10,10.01,45,5,21076.0,34,5
tc_public_24/input.blif,22,baseline_mab_prefix,"steps=10,iters=20,ucb_c=0.2,seed=7",8.5,1.0,215.0,1,10,8.0,1,10,10.04,47,5,21236.0,43,5
tc_public_24/input.blif,22,baseline_mab_prefix,"steps=10,iters=20,ucb_c=0.2,seed=8",8.5,1.0,215.0,1,10,8.0,1,10,6.68,36,5,21076.0,34,5
tc_public_24/input.blif,22,baseline_mab_prefix,"steps=10,iters=20,ucb_c=0.2,seed=9",8.5,1.0,215.0,1,10,8.0,1,10,9.93,43,5,20928.0,32,5
tc_public_24/input.blif,22,baseline_mab_prefix,"steps=10,iters=20,ucb_c=0.4,seed=0",8.5,1.0,215.0,1,10,8.0,1,10,9.88,42,5,21240.0,50,5
tc_public_24/input.blif,22,baseline_mab_prefix,"steps=10,iters=20,ucb_c=0.4,seed=1",8.5,1.0,215.0,1,10,8.0,1,10,9.75,40,5,21244.0,55,5
tc_public_24/input.blif,22,baseline_mab_prefix,"steps=10,iters=20,ucb_c=0.4,seed=2",8.5,1.0,215.0,1,10,8.0,1,10,9.81,41,5,21236.0,43,5
tc_public_24/input.blif,22,baseline_mab_prefix,"steps=10,iters=20,ucb_c=0.4,seed=3",8.5,1.0,215.0,1,10,8.0,1,10,6.36,34,5,20916.0,31,5
tc_public_24/input.blif,22,baseline_mab_prefix,"steps=10,iters=20,ucb_c=0.4,seed=4",8.5,1.0,215.0,1,10,8.0,1,10,10.16,51,5,21236.0,43,5
tc_public_24/input.blif,22,baseline_mab_prefix,"steps=10,iters=20,ucb_c=0.4,seed=5",8.5,1.0,215.0,1,10,8.0,1,10,10.32,56,5,21236.0,43,5
tc_public_24/input.blif,22,baseline_mab_prefix,"steps=10,iters=20,ucb_c=0.4,seed=6",8.5,1.0,215.0,1,10,8.0,1,10,9.97,44,5,21400.0,60,5
tc_public_24/input.blif,22,baseline_mab_prefix,"steps=10,iters=20,ucb_c=0.4,seed=7",8.5,1.0,215.0,1,10,8.0,1,10,10.14,50,5,21120.0,36,5
tc_public_24/input.blif,22,baseline_mab_prefix,"steps=10,iters=20,ucb_c=0.4,seed=8",8.5,1.0,215.0,1,10,8.0,1,10,10.01,45,5,21120.0,36,5
tc_public_24/input.blif,22,baseline_mab_prefix,"steps=10,iters=20,ucb_c=0.4,seed=9",8.5,1.0,215.0,1,10,8.0,1,10,10.05,48,5,21236.0,43,5
tc_public_24/input.blif,22,baseline_mab_prefix,"steps=10,iters=20,ucb_c=0.8,seed=0",8.5,1.0,215.0,1,10,8.0,1,10,10.42,58,5,21120.0,36,5
tc_public_24/input.blif,22,baseline_mab_prefix,"steps=10,iters=20,ucb_c=0.8,seed=1",8.5,1.0,215.0,1,10,8.0,1,10,10.13,49,5,21240.0,50,5
tc_public_24/input.blif,22,baseline_mab_prefix,"steps=10,iters=20,ucb_c=0.8,seed=2",8.5,1.0,215.0,1,10,8.0,1,10,10.45,59,5,21240.0,50,5
tc_public_24/input.blif,22,baseline_mab_prefix,"steps=10,iters=20,ucb_c=0.8,seed=3",8.5,1.0,215.0,1,10,8.0,1,10,10.31,55,5,20960.0,33,5
tc_public_24/input.blif,22,baseline_mab_prefix,"steps=10,iters=20,ucb_c=0.8,seed=4",8.5,1.0,215.0,1,10,8.0,1,10,10.91,60,5,21120.0,36,5
tc_public_24/input.blif,22,baseline_mab_prefix,"steps=10,iters=20,ucb_c=0.8,seed=5",8.5,1.0,215.0,1,10,8.0,1,10,10.3,54,5,21244.0,55,5
tc_public_24/input.blif,22,baseline_mab_prefix,"steps=10,iters=20,ucb_c=0.8,seed=6",8.5,1.0,215.0,1,10,8.0,1,10,6.41,35,5,21120.0,36,5
tc_public_24/input.blif,22,baseline_mab_prefix,"steps=10,iters=20,ucb_c=0.8,seed=7",8.5,1.0,215.0,1,10,8.0,1,10,10.2,52,5,21280.0,57,5
tc_public_24/input.blif,22,baseline_mab_prefix,"steps=10,iters=20,ucb_c=0.8,seed=8",8.5,1.0,215.0,1,10,8.0,1,10,10.34,57,5,21236.0,43,5
tc_public_24/input.blif,22,baseline_mab_prefix,"steps=10,iters=20,ucb_c=0.8,seed=9",8.5,1.0,215.0,1,10,8.0,1,10,10.25,53,5,21240.0,50,5
tc_public_25/input.blif,1,baseline_mab,"steps=10,iters=20,ucb_c=0.4,seed=5",9.9,1.0,26.0,1,10,4.0,1,10,0.71,1,10,14880.0,2,9
tc_public_25/input.blif,2,baseline_mab,"steps=10,iters=20,ucb_c=1.0,seed=4",9.2,1.0,26.0,1,10,4.0,1,10,0.8,3,8,14888.0,5,6
tc_public_25/input.blif,2,baseline_mab,"steps=10,iters=20,ucb_c=1.5,seed=5",9.2,1.0,26.0,1,10,4.0,1,10,0.81,4,7,14884.0,3,8
tc_public_25/input.blif,4,baseline_mab,"steps=10,iters=20,ucb_c=1.5,seed=0",9.0,1.0,26.0,1,10,4.0,1,10,0.83,10,5,14824.0,1,10
tc_public_25/input.blif,5,baseline_mab,"steps=10,iters=20,ucb_c=0.4,seed=8",8.8,1.0,26.0,1,10,4.0,1,10,0.82,5,6,14888.0,5,6
tc_public_25/input.blif,5,baseline_mab,"steps=10,iters=20,ucb_c=1.0,seed=2",8.8,1.0,26.0,1,10,4.0,1,10,0.84,20,5,14884.0,3,8
tc_public_25/input.blif,5,baseline_mab,"steps=10,iters=20,ucb_c=1.0,seed=6",8.8,1.0,26.0,1,10,4.0,1,10,0.82,5,6,14888.0,5,6
tc_public_25/input.blif,8,baseline_mab,"steps=10,iters=20,ucb_c=1.0,seed=5",8.7,1.0,26.0,1,10,4.0,1,10,0.82,5,6,14892.0,11,5
tc_public_25/input.blif,8,baseline_mab,"steps=10,iters=20,ucb_c=1.5,seed=2",8.7,1.0,26.0,1,10,4.0,1,10,0.82,5,6,14892.0,11,5
tc_public_25/input.blif,10,baseline_mab,"steps=10,iters=20,ucb_c=0.4,seed=0",8.6,1.0,26.0,1,10,4.0,1,10,0.84,20,5,14888.0,5,6
tc_public_25/input.blif,10,baseline_mab,"steps=10,iters=20,ucb_c=1.5,seed=8",8.6,1.0,26.0,1,10,4.0,1,10,0.85,28,5,14888.0,5,6
tc_public_25/input.blif,12,alphasyn,"seq=10,iters=20,cpuct=0.5,mu=0.9,",8.5,1.0,26.0,1,10,4.0,1,10,33.39,72,5,23000.0,61,5
tc_public_25/input.blif,12,alphasyn,"seq=10,iters=20,cpuct=0.5,mu=0.9,",8.5,1.0,26.0,1,10,4.0,1,10,51.5,75,5,23480.0,87,5
tc_public_25/input.blif,12,alphasyn,"seq=10,iters=20,cpuct=0.5,mu=0.9,",8.5,1.0,26.0,1,10,4.0,1,10,39.49,74,5,23324.0,79,5
tc_public_25/input.blif,12,alphasyn,"seq=10,iters=20,cpuct=0.5,mu=0.9,",8.5,1.0,26.0,1,10,4.0,1,10,37.78,73,5,23320.0,76,5
tc_public_25/input.blif,12,alphasyn,"seq=10,iters=20,cpuct=0.5,mu=0.9,",8.5,1.0,26.0,1,10,4.0,1,10,62.85,76,5,23324.0,79,5
tc_public_25/input.blif,12,alphasyn,"seq=10,iters=20,cpuct=0.5,mu=0.9,",8.5,1.0,26.0,1,10,4.0,1,10,29.03,64,5,23488.0,89,5
tc_public_25/input.blif,12,alphasyn,"seq=10,iters=20,cpuct=0.5,mu=0.9,",8.5,1.0,26.0,1,10,4.0,1,10,82.31,84,5,23320.0,76,5
tc_public_25/input.blif,12,alphasyn,"seq=10,iters=20,cpuct=0.5,mu=0.9,",8.5,1.0,26.0,1,10,4.0,1,10,82.36,85,5,23164.0,66,5
tc_public_25/input.blif,12,alphasyn,"seq=10,iters=20,cpuct=0.5,mu=0.9,",8.5,1.0,26.0,1,10,4.0,1,10,82.24,83,5,23160.0,64,5
tc_public_25/input.blif,12,alphasyn,"seq=10,iters=20,cpuct=0.5,mu=0.9,",8.5,1.0,26.0,1,10,4.0,1,10,81.93,79,5,23324.0,79,5
tc_public_25/input.blif,12,alphasyn,"seq=10,iters=20,cpuct=1.0,mu=0.9,",8.5,1.0,26.0,1,10,4.0,1,10,81.87,77,5,23164.0,66,5
tc_public_25/input.blif,12,alphasyn,"seq=10,iters=20,cpuct=1.0,mu=0.9,",8.5,1.0,26.0,1,10,4.0,1,10,82.81,87,5,23328.0,85,5
tc_public_25/input.blif,12,alphasyn,"seq=10,iters=20,cpuct=1.0,mu=0.9,",8.5,1.0,26.0,1,10,4.0,1,10,82.09,81,5,23328.0,85,5
tc_public_25/input.blif,12,alphasyn,"seq=10,iters=20,cpuct=1.0,mu=0.9,",8.5,1.0,26.0,1,10,4.0,1,10,81.96,80,5,23168.0,72,5
tc_public_25/input.blif,12,alphasyn,"seq=10,iters=20,cpuct=1.0,mu=0.9,",8.5,1.0,26.0,1,10,4.0,1,10,82.82,88,5,23168.0,72,5
tc_public_25/input.blif,12,alphasyn,"seq=10,iters=20,cpuct=1.0,mu=0.9,",8.5,1.0,26.0,1,10,4.0,1,10,82.11,82,5,23184.0,75,5
tc_public_25/input.blif,12,alphasyn,"seq=10,iters=20,cpuct=1.0,mu=0.9,",8.5,1.0,26.0,1,10,4.0,1,10,81.9,78,5,23484.0,88,5
tc_public_25/input.blif,12,alphasyn,"seq=10,iters=20,cpuct=1.0,mu=0.9,",8.5,1.0,26.0,1,10,4.0,1,10,82.96,90,5,23168.0,72,5
tc_public_25/input.blif,12,alphasyn,"seq=10,iters=20,cpuct=1.0,mu=0.9,",8.5,1.0,26.0,1,10,4.0,1,10,82.72,86,5,23324.0,79,5
tc_public_25/input.blif,12,alphasyn,"seq=10,iters=20,cpuct=1.0,mu=0.9,",8.5,1.0,26.0,1,10,4.0,1,10,82.91,89,5,23320.0,76,5
tc_public_25/input.blif,12,alphasyn,"seq=10,iters=20,cpuct=1.5,mu=0.9,",8.5,1.0,26.0,1,10,4.0,1,10,29.3,68,5,23164.0,66,5
tc_public_25/input.blif,12,alphasyn,"seq=10,iters=20,cpuct=1.5,mu=0.9,",8.5,1.0,26.0,1,10,4.0,1,10,29.04,65,5,23020.0,63,5
tc_public_25/input.blif,12,alphasyn,"seq=10,iters=20,cpuct=1.5,mu=0.9,",8.5,1.0,26.0,1,10,4.0,1,10,29.4,71,5,23164.0,66,5
tc_public_25/input.blif,12,alphasyn,"seq=10,iters=20,cpuct=1.5,mu=0.9,",8.5,1.0,26.0,1,10,4.0,1,10,28.93,62,5,23324.0,79,5
tc_public_25/input.blif,12,alphasyn,"seq=10,iters=20,cpuct=1.5,mu=0.9,",8.5,1.0,26.0,1,10,4.0,1,10,29.35,70,5,23324.0,79,5
tc_public_25/input.blif,12,alphasyn,"seq=10,iters=20,cpuct=1.5,mu=0.9,",8.5,1.0,26.0,1,10,4.0,1,10,29.12,66,5,23488.0,89,5
tc_public_25/input.blif,12,alphasyn,"seq=10,iters=20,cpuct=1.5,mu=0.9,",8.5,1.0,26.0,1,10,4.0,1,10,28.9,61,5,23164.0,66,5
tc_public_25/input.blif,12,alphasyn,"seq=10,iters=20,cpuct=1.5,mu=0.9,",8.5,1.0,26.0,1,10,4.0,1,10,29.01,63,5,23164.0,66,5
tc_public_25/input.blif,12,alphasyn,"seq=10,iters=20,cpuct=1.5,mu=0.9,",8.5,1.0,26.0,1,10,4.0,1,10,29.23,67,5,23004.0,62,5
tc_public_25/input.blif,12,alphasyn,"seq=10,iters=20,cpuct=1.5,mu=0.9,",8.5,1.0,26.0,1,10,4.0,1,10,29.31,69,5,23160.0,64,5
tc_public_25/input.blif,12,baseline_mab,"steps=10,iters=20,ucb_c=0.4,seed=1",8.5,1.0,26.0,1,10,4.0,1,10,0.83,10,5,14944.0,25,5
tc_public_25/input.blif,12,baseline_mab,"steps=10,iters=20,ucb_c=0.4,seed=2",8.5,1.0,26.0,1,10,4.0,1,10,0.85,28,5,14896.0,19,5
tc_public_25/input.blif,12,baseline_mab,"steps=10,iters=20,ucb_c=0.4,seed=3",8.5,1.0,26.0,1,10,4.0,1,10,0.84,20,5,14896.0,19,5
tc_public_25/input.blif,12,baseline_mab,"steps=10,iters=20,ucb_c=0.4,seed=7",8.5,1.0,26.0,1,10,4.0,1,10,0.83,10,5,14896.0,19,5
tc_public_25/input.blif,12,baseline_mab,"steps=10,iters=20,ucb_c=0.4,seed=9",8.5,1.0,26.0,1,10,4.0,1,10,0.83,10,5,14892.0,11,5
tc_public_25/input.blif,12,baseline_mab,"steps=10,iters=20,ucb_c=1.0,seed=0",8.5,1.0,26.0,1,10,4.0,1,10,0.83,10,5,14892.0,11,5
tc_public_25/input.blif,12,baseline_mab,"steps=10,iters=20,ucb_c=1.0,seed=1",8.5,1.0,26.0,1,10,4.0,1,10,0.83,10,5,14948.0,26,5
tc_public_25/input.blif,12,baseline_mab,"steps=10,iters=20,ucb_c=1.0,seed=3",8.5,1.0,26.0,1,10,4.0,1,10,0.83,10,5,14948.0,26,5
tc_public_25/input.blif,12,baseline_mab,"steps=10,iters=20,ucb_c=1.0,seed=7",8.5,1.0,26.0,1,10,4.0,1,10,0.84,20,5,14948.0,26,5
tc_public_25/input.blif,12,baseline_mab,"steps=10,iters=20,ucb_c=1.0,seed=8",8.5,1.0,26.0,1,10,4.0,1,10,0.84,20,5,14896.0,19,5
tc_public_25/input.blif,12,baseline_mab,"steps=10,iters=20,ucb_c=1.0,seed=9",8.5,1.0,26.0,1,10,4.0,1,10,0.83,10,5,15988.0,29,5
tc_public_25/input.blif,12,baseline_mab,"steps=10,iters=20,ucb_c=1.5,seed=1",8.5,1.0,26.0,1,10,4.0,1,10,0.84,20,5,14892.0,11,5
tc_public_25/input.blif,12,baseline_mab,"steps=10,iters=20,ucb_c=1.5,seed=3",8.5,1.0,26.0,1,10,4.0,1,10,0.84,20,5,14896.0,19,5
tc_public_25/input.blif,12,baseline_mab,"steps=10,iters=20,ucb_c=1.5,seed=4",8.5,1.0,26.0,1,10,4.0,1,10,0.83,10,5,14892.0,11,5
tc_public_25/input.blif,12,baseline_mab,"steps=10,iters=20,ucb_c=1.5,seed=6",8.5,1.0,26.0,1,10,4.0,1,10,0.83,10,5,14896.0,19,5
tc_public_25/input.blif,12,baseline_mab,"steps=10,iters=20,ucb_c=1.5,seed=7",8.5,1.0,26.0,1,10,4.0,1,10,0.85,28,5,14892.0,11,5
tc_public_25/input.blif,12,baseline_mab,"steps=10,iters=20,ucb_c=1.5,seed=9",8.5,1.0,26.0,1,10,4.0,1,10,0.84,20,5,16108.0,30,5
tc_public_25/input.blif,12,baseline_mab_prefix,"steps=10,iters=20,ucb_c=0.2,seed=0",8.5,1.0,26.0,1,10,4.0,1,10,4.95,33,5,21240.0,44,5
tc_public_25/input.blif,12,baseline_mab_prefix,"steps=10,iters=20,ucb_c=0.2,seed=1",8.5,1.0,26.0,1,10,4.0,1,10,4.92,32,5,21396.0,58,5
tc_public_25/input.blif,12,baseline_mab_prefix,"steps=10,iters=20,ucb_c=0.2,seed=2",8.5,1.0,26.0,1,10,4.0,1,10,4.83,31,5,21280.0,50,5
tc_public_25/input.blif,12,baseline_mab_prefix,"steps=10,iters=20,ucb_c=0.2,seed=3",8.5,1.0,26.0,1,10,4.0,1,10,7.67,37,5,21236.0,40,5
tc_public_25/input.blif,12,baseline_mab_prefix,"steps=10,iters=20,ucb_c=0.2,seed=4",8.5,1.0,26.0,1,10,4.0,1,10,9.61,38,5,21076.0,31,5
tc_public_25/input.blif,12,baseline_mab_prefix,"steps=10,iters=20,ucb_c=0.2,seed=5",8.5,1.0,26.0,1,10,4.0,1,10,9.7,39,5,21280.0,50,5
tc_public_25/input.blif,12,baseline_mab_prefix,"steps=10,iters=20,ucb_c=0.2,seed=6",8.5,1.0,26.0,1,10,4.0,1,10,10.21,47,5,21240.0,44,5
tc_public_25/input.blif,12,baseline_mab_prefix,"steps=10,iters=20,ucb_c=0.2,seed=7",8.5,1.0,26.0,1,10,4.0,1,10,10.57,58,5,21236.0,40,5
tc_public_25/input.blif,12,baseline_mab_prefix,"steps=10,iters=20,ucb_c=0.2,seed=8",8.5,1.0,26.0,1,10,4.0,1,10,7.14,36,5,21240.0,44,5
tc_public_25/input.blif,12,baseline_mab_prefix,"steps=10,iters=20,ucb_c=0.2,seed=9",8.5,1.0,26.0,1,10,4.0,1,10,10.48,56,5,21440.0,60,5
tc_public_25/input.blif,12,baseline_mab_prefix,"steps=10,iters=20,ucb_c=0.4,seed=0",8.5,1.0,26.0,1,10,4.0,1,10,9.9,40,5,21236.0,40,5
tc_public_25/input.blif,12,baseline_mab_prefix,"steps=10,iters=20,ucb_c=0.4,seed=1",8.5,1.0,26.0,1,10,4.0,1,10,9.95,41,5,21280.0,50,5
tc_public_25/input.blif,12,baseline_mab_prefix,"steps=10,iters=20,ucb_c=0.4,seed=2",8.5,1.0,26.0,1,10,4.0,1,10,10.19,46,5,21076.0,31,5
tc_public_25/input.blif,12,baseline_mab_prefix,"steps=10,iters=20,ucb_c=0.4,seed=3",8.5,1.0,26.0,1,10,4.0,1,10,6.16,34,5,21120.0,37,5
tc_public_25/input.blif,12,baseline_mab_prefix,"steps=10,iters=20,ucb_c=0.4,seed=4",8.5,1.0,26.0,1,10,4.0,1,10,9.97,43,5,21240.0,44,5
tc_public_25/input.blif,12,baseline_mab_prefix,"steps=10,iters=20,ucb_c=0.4,seed=5",8.5,1.0,26.0,1,10,4.0,1,10,9.96,42,5,21280.0,50,5
tc_public_25/input.blif,12,baseline_mab_prefix,"steps=10,iters=20,ucb_c=0.4,seed=6",8.5,1.0,26.0,1,10,4.0,1,10,9.98,44,5,21280.0,50,5
tc_public_25/input.blif,12,baseline_mab_prefix,"steps=10,iters=20,ucb_c=0.4,seed=7",8.5,1.0,26.0,1,10,4.0,1,10,10.15,45,5,21280.0,50,5
tc_public_25/input.blif,12,baseline_mab_prefix,"steps=10,iters=20,ucb_c=0.4,seed=8",8.5,1.0,26.0,1,10,4.0,1,10,10.84,60,5,21120.0,37,5
tc_public_25/input.blif,12,baseline_mab_prefix,"steps=10,iters=20,ucb_c=0.4,seed=9",8.5,1.0,26.0,1,10,4.0,1,10,10.47,54,5,21240.0,44,5
tc_public_25/input.blif,12,baseline_mab_prefix,"steps=10,iters=20,ucb_c=0.8,seed=0",8.5,1.0,26.0,1,10,4.0,1,10,10.33,50,5,21280.0,50,5
tc_public_25/input.blif,12,baseline_mab_prefix,"steps=10,iters=20,ucb_c=0.8,seed=1",8.5,1.0,26.0,1,10,4.0,1,10,10.31,49,5,21236.0,40,5
tc_public_25/input.blif,12,baseline_mab_prefix,"steps=10,iters=20,ucb_c=0.8,seed=2",8.5,1.0,26.0,1,10,4.0,1,10,10.45,53,5,21080.0,35,5
tc_public_25/input.blif,12,baseline_mab_prefix,"steps=10,iters=20,ucb_c=0.8,seed=3",8.5,1.0,26.0,1,10,4.0,1,10,10.28,48,5,21080.0,35,5
tc_public_25/input.blif,12,baseline_mab_prefix,"steps=10,iters=20,ucb_c=0.8,seed=4",8.5,1.0,26.0,1,10,4.0,1,10,10.44,52,5,21120.0,37,5
tc_public_25/input.blif,12,baseline_mab_prefix,"steps=10,iters=20,ucb_c=0.8,seed=5",8.5,1.0,26.0,1,10,4.0,1,10,10.47,54,5,21396.0,58,5
tc_public_25/input.blif,12,baseline_mab_prefix,"steps=10,iters=20,ucb_c=0.8,seed=6",8.5,1.0,26.0,1,10,4.0,1,10,6.34,35,5,21240.0,44,5
tc_public_25/input.blif,12,baseline_mab_prefix,"steps=10,iters=20,ucb_c=0.8,seed=7",8.5,1.0,26.0,1,10,4.0,1,10,10.48,56,5,21280.0,50,5
tc_public_25/input.blif,12,baseline_mab_prefix,"steps=10,iters=20,ucb_c=0.8,seed=8",8.5,1.0,26.0,1,10,4.0,1,10,10.38,51,5,21076.0,31,5
tc_public_25/input.blif,88,baseline_mab,"steps=10,iters=20,ucb_c=0.4,seed=6",7.800000000000001,1.0,26.0,1,10,5.0,89,5,0.82,5,6,14888.0,5,6
tc_public_25/input.blif,89,baseline_mab_prefix,"steps=10,iters=20,ucb_c=0.8,seed=9",7.5,1.0,26.0,1,10,5.0,89,5,10.72,59,5,21076.0,31,5
tc_public_25/input.blif,90,baseline_mab,"steps=10,iters=20,ucb_c=0.4,seed=4",7.0,1.0,27.0,90,5,4.0,1,10,0.71,1,10,14892.0,11,5
tc_public_26/input.blif,1,baseline_mab_prefix,"steps=10,iters=20,ucb_c=0.4,seed=0",8.5,1.0,1040.0,1,10,10.0,1,10,11.07,42,5,21240.0,46,5
tc_public_26/input.blif,2,alphasyn,"seq=10,iters=20,cpuct=0.5,mu=0.9,",8.0,1.0,1045.0,2,9,10.0,1,10,29.9,62,5,22520.0,63,5
tc_public_26/input.blif,2,alphasyn,"seq=10,iters=20,cpuct=0.5,mu=0.9,",8.0,1.0,1045.0,2,9,10.0,1,10,31.04,63,5,22520.0,63,5
tc_public_26/input.blif,2,alphasyn,"seq=10,iters=20,cpuct=0.5,mu=0.9,",8.0,1.0,1045.0,2,9,10.0,1,10,42.57,75,5,22684.0,69,5
tc_public_26/input.blif,2,alphasyn,"seq=10,iters=20,cpuct=0.5,mu=0.9,",8.0,1.0,1045.0,2,9,10.0,1,10,34.29,74,5,22848.0,70,5
tc_public_26/input.blif,2,alphasyn,"seq=10,iters=20,cpuct=0.5,mu=0.9,",8.0,1.0,1045.0,2,9,10.0,1,10,51.35,76,5,22520.0,63,5
tc_public_26/input.blif,2,alphasyn,"seq=10,iters=20,cpuct=0.5,mu=0.9,",8.0,1.0,1045.0,2,9,10.0,1,10,23.57,61,5,22524.0,67,5
tc_public_26/input.blif,2,alphasyn,"seq=10,iters=20,cpuct=0.5,mu=0.9,",8.0,1.0,1045.0,2,9,10.0,1,10,67.54,79,5,22520.0,63,5
tc_public_26/input.blif,2,alphasyn,"seq=10,iters=20,cpuct=0.5,mu=0.9,",8.0,1.0,1045.0,2,9,10.0,1,10,67.8,80,5,22080.0,61,5
tc_public_26/input.blif,2,alphasyn,"seq=10,iters=20,cpuct=0.5,mu=0.9,",8.0,1.0,1045.0,2,9,10.0,1,10,67.4,78,5,22364.0,62,5
tc_public_26/input.blif,2,alphasyn,"seq=10,iters=20,cpuct=0.5,mu=0.9,",8.0,1.0,1045.0,2,9,10.0,1,10,67.2,77,5,22524.0,67,5
tc_public_26/input.blif,2,alphasyn,"seq=10,iters=20,cpuct=1.5,mu=0.9,",8.0,1.0,1045.0,2,9,10.0,1,10,33.56,71,5,23320.0,81,5
tc_public_26/input.blif,2,alphasyn,"seq=10,iters=20,cpuct=1.5,mu=0.9,",8.0,1.0,1045.0,2,9,10.0,1,10,33.47,69,5,23484.0,88,5
tc_public_26/input.blif,2,alphasyn,"seq=10,iters=20,cpuct=1.5,mu=0.9,",8.0,1.0,1045.0,2,9,10.0,1,10,33.59,73,5,23480.0,87,5
tc_public_26/input.blif,2,alphasyn,"seq=10,iters=20,cpuct=1.5,mu=0.9,",8.0,1.0,1045.0,2,9,10.0,1,10,33.43,65,5,23324.0,84,5
tc_public_26/input.blif,2,alphasyn,"seq=10,iters=20,cpuct=1.5,mu=0.9,",8.0,1.0,1045.0,2,9,10.0,1,10,33.49,70,5,23320.0,81,5
tc_public_26/input.blif,2,alphasyn,"seq=10,iters=20,cpuct=1.5,mu=0.9,",8.0,1.0,1045.0,2,9,10.0,1,10,33.18,64,5,23520.0,90,5
tc_public_26/input.blif,2,alphasyn,"seq=10,iters=20,cpuct=1.5,mu=0.9,",8.0,1.0,1045.0,2,9,10.0,1,10,33.57,72,5,23324.0,84,5
tc_public_26/input.blif,2,alphasyn,"seq=10,iters=20,cpuct=1.5,mu=0.9,",8.0,1.0,1045.0,2,9,10.0,1,10,33.44,68,5,23156.0,74,5
tc_public_26/input.blif,2,alphasyn,"seq=10,iters=20,cpuct=1.5,mu=0.9,",8.0,1.0,1045.0,2,9,10.0,1,10,33.43,65,5,23320.0,81,5
tc_public_26/input.blif,2,alphasyn,"seq=10,iters=20,cpuct=1.5,mu=0.9,",8.0,1.0,1045.0,2,9,10.0,1,10,33.43,65,5,23484.0,88,5
tc_public_26/input.blif,22,baseline_mab,"steps=10,iters=20,ucb_c=0.4,seed=6",7.3,1.0,1064.0,45,5,10.0,1,10,1.46,1,10,15504.0,3,8
tc_public_26/input.blif,23,baseline_mab,"steps=10,iters=20,ucb_c=0.4,seed=0",6.8,1.0,1064.0,45,5,10.0,1,10,1.5,2,9,15604.0,12,5
tc_public_26/input.blif,24,baseline_mab,"steps=10,iters=20,ucb_c=1.0,seed=6",6.6,1.0,1064.0,45,5,10.0,1,10,1.51,3,8,15660.0,25,5
tc_public_26/input.blif,24,baseline_mab,"steps=10,iters=20,ucb_c=1.0,seed=8",6.6,1.0,1064.0,45,5,10.0,1,10,1.51,3,8,15608.0,17,5
tc_public_26/input.blif,26,baseline_mab,"steps=10,iters=20,ucb_c=1.5,seed=5",6.5,1.0,1064.0,45,5,10.0,1,10,1.55,16,5,15436.0,1,10
tc_public_26/input.blif,27,baseline_mab,"steps=10,iters=20,ucb_c=0.4,seed=5",6.4,1.0,1064.0,45,5,10.0,1,10,1.59,27,5,15500.0,2,9
tc_public_26/input.blif,28,baseline_mab,"steps=10,iters=20,ucb_c=1.0,seed=4",6.300000000000001,1.0,1064.0,45,5,10.0,1,10,1.52,5,6,15528.0,5,6
tc_public_26/input.blif,29,baseline_mab,"steps=10,iters=20,ucb_c=1.0,seed=0",6.3,1.0,1064.0,45,5,10.0,1,10,1.55,16,5,15504.0,3,8
tc_public_26/input.blif,30,baseline_mab,"steps=10,iters=20,ucb_c=0.4,seed=2",6.2,1.0,1064.0,45,5,10.0,1,10,1.52,5,6,15600.0,11,5
tc_public_26/input.blif,30,baseline_mab,"steps=10,iters=20,ucb_c=1.5,seed=0",6.2,1.0,1064.0,45,5,10.0,1,10,1.52,5,6,15604.0,12,5
tc_public_26/input.blif,32,alphasyn,"seq=10,iters=20,cpuct=1.0,mu=0.9,",6.0,1.0,1048.0,23,5,10.0,1,10,90.75,87,5,23004.0,73,5
tc_public_26/input.blif,32,alphasyn,"seq=10,iters=20,cpuct=1.0,mu=0.9,",6.0,1.0,1048.0,23,5,10.0,1,10,91.48,90,5,23328.0,86,5
tc_public_26/input.blif,32,alphasyn,"seq=10,iters=20,cpuct=1.0,mu=0.9,",6.0,1.0,1048.0,23,5,10.0,1,10,90.23,83,5,23160.0,75,5
tc_public_26/input.blif,32,alphasyn,"seq=10,iters=20,cpuct=1.0,mu=0.9,",6.0,1.0,1048.0,23,5,10.0,1,10,90.18,82,5,23164.0,78,5
tc_public_26/input.blif,32,alphasyn,"seq=10,iters=20,cpuct=1.0,mu=0.9,",6.0,1.0,1048.0,23,5,10.0,1,10,90.48,86,5,23000.0,71,5
tc_public_26/input.blif,32,alphasyn,"seq=10,iters=20,cpuct=1.0,mu=0.9,",6.0,1.0,1048.0,23,5,10.0,1,10,90.26,84,5,23160.0,75,5
tc_public_26/input.blif,32,alphasyn,"seq=10,iters=20,cpuct=1.0,mu=0.9,",6.0,1.0,1048.0,23,5,10.0,1,10,90.13,81,5,23316.0,80,5
tc_public_26/input.blif,32,alphasyn,"seq=10,iters=20,cpuct=1.0,mu=0.9,",6.0,1.0,1048.0,23,5,10.0,1,10,90.43,85,5,23200.0,79,5
tc_public_26/input.blif,32,alphasyn,"seq=10,iters=20,cpuct=1.0,mu=0.9,",6.0,1.0,1048.0,23,5,10.0,1,10,90.85,88,5,23000.0,71,5
tc_public_26/input.blif,32,alphasyn,"seq=10,iters=20,cpuct=1.0,mu=0.9,",6.0,1.0,1048.0,23,5,10.0,1,10,91.38,89,5,23160.0,75,5
tc_public_26/input.blif,32,baseline_mab,"steps=10,iters=20,ucb_c=0.4,seed=1",6.0,1.0,1064.0,45,5,10.0,1,10,1.54,10,5,15588.0,6,5
tc_public_26/input.blif,32,baseline_mab,"steps=10,iters=20,ucb_c=0.4,seed=3",6.0,1.0,1064.0,45,5,10.0,1,10,1.56,21,5,15588.0,6,5
tc_public_26/input.blif,32,baseline_mab,"steps=10,iters=20,ucb_c=0.4,seed=4",6.0,1.0,1064.0,45,5,10.0,1,10,1.53,8,5,15616.0,21,5
tc_public_26/input.blif,32,baseline_mab,"steps=10,iters=20,ucb_c=0.4,seed=7",6.0,1.0,1064.0,45,5,10.0,1,10,1.56,21,5,15624.0,24,5
tc_public_26/input.blif,32,baseline_mab,"steps=10,iters=20,ucb_c=0.4,seed=8",6.0,1.0,1064.0,45,5,10.0,1,10,1.53,8,5,15612.0,18,5
tc_public_26/input.blif,32,baseline_mab,"steps=10,iters=20,ucb_c=0.4,seed=9",6.0,1.0,1064.0,45,5,10.0,1,10,1.56,21,5,15660.0,25,5
tc_public_26/input.blif,32,baseline_mab,"steps=10,iters=20,ucb_c=1.0,seed=1",6.0,1.0,1058.0,44,5,10.0,1,10,1.54,10,5,15672.0,30,5
tc_public_26/input.blif,32,baseline_mab,"steps=10,iters=20,ucb_c=1.0,seed=2",6.0,1.0,1064.0,45,5,10.0,1,10,1.54,10,5,15604.0,12,5
tc_public_26/input.blif,32,baseline_mab,"steps=10,iters=20,ucb_c=1.0,seed=3",6.0,1.0,1064.0,45,5,10.0,1,10,1.54,10,5,15588.0,6,5
tc_public_26/input.blif,32,baseline_mab,"steps=10,iters=20,ucb_c=1.0,seed=5",6.0,1.0,1064.0,45,5,10.0,1,10,1.59,27,5,15604.0,12,5
tc_public_26/input.blif,32,baseline_mab,"steps=10,iters=20,ucb_c=1.0,seed=7",6.0,1.0,1064.0,45,5,10.0,1,10,1.57,25,5,15620.0,23,5
tc_public_26/input.blif,32,baseline_mab,"steps=10,iters=20,ucb_c=1.0,seed=9",6.0,1.0,1064.0,45,5,10.0,1,10,1.56,21,5,15660.0,25,5
tc_public_26/input.blif,32,baseline_mab,"steps=10,iters=20,ucb_c=1.5,seed=1",6.0,1.0,1064.0,45,5,10.0,1,10,1.6,29,5,15664.0,29,5
tc_public_26/input.blif,32,baseline_mab,"steps=10,iters=20,ucb_c=1.5,seed=2",6.0,1.0,1064.0,45,5,10.0,1,10,1.57,25,5,15612.0,18,5
tc_public_26/input.blif,32,baseline_mab,"steps=10,iters=20,ucb_c=1.5,seed=3",6.0,1.0,1064.0,45,5,10.0,1,10,1.54,10,5,15592.0,10,5
tc_public_26/input.blif,32,baseline_mab,"steps=10,iters=20,ucb_c=1.5,seed=4",6.0,1.0,1064.0,45,5,10.0,1,10,1.55,16,5,15612.0,18,5
tc_public_26/input.blif,32,baseline_mab,"steps=10,iters=20,ucb_c=1.5,seed=6",6.0,1.0,1064.0,45,5,10.0,1,10,1.55,16,5,15588.0,6,5
tc_public_26/input.blif,32,baseline_mab,"steps=10,iters=20,ucb_c=1.5,seed=7",6.0,1.0,1064.0,45,5,10.0,1,10,1.77,30,5,15616.0,21,5
tc_public_26/input.blif,32,baseline_mab,"steps=10,iters=20,ucb_c=1.5,seed=8",6.0,1.0,1064.0,45,5,10.0,1,10,1.55,16,5,15604.0,12,5
tc_public_26/input.blif,32,baseline_mab,"steps=10,iters=20,ucb_c=1.5,seed=9",6.0,1.0,1064.0,45,5,10.0,1,10,1.54,10,5,15660.0,25,5
tc_public_26/input.blif,32,baseline_mab_prefix,"steps=10,iters=20,ucb_c=0.2,seed=0",6.0,1.0,1052.0,34,5,10.0,1,10,5.13,31,5,20960.0,31,5
tc_public_26/input.blif,32,baseline_mab_prefix,"steps=10,iters=20,ucb_c=0.2,seed=1",6.0,1.0,1052.0,34,5,10.0,1,10,5.27,32,5,21240.0,46,5
tc_public_26/input.blif,32,baseline_mab_prefix,"steps=10,iters=20,ucb_c=0.2,seed=2",6.0,1.0,1052.0,34,5,10.0,1,10,5.35,33,5,21236.0,37,5
tc_public_26/input.blif,32,baseline_mab_prefix,"steps=10,iters=20,ucb_c=0.2,seed=3",6.0,1.0,1064.0,45,5,10.0,1,10,8.96,38,5,21120.0,33,5
tc_public_26/input.blif,32,baseline_mab_prefix,"steps=10,iters=20,ucb_c=0.2,seed=4",6.0,1.0,1064.0,45,5,10.0,1,10,10.35,39,5,21280.0,55,5
tc_public_26/input.blif,32,baseline_mab_prefix,"steps=10,iters=20,ucb_c=0.2,seed=5",6.0,1.0,1064.0,45,5,10.0,1,10,8.49,36,5,21244.0,54,5
tc_public_26/input.blif,32,baseline_mab_prefix,"steps=10,iters=20,ucb_c=0.2,seed=6",6.0,1.0,1064.0,45,5,10.0,1,10,11.58,51,5,21280.0,55,5
tc_public_26/input.blif,32,baseline_mab_prefix,"steps=10,iters=20,ucb_c=0.2,seed=7",6.0,1.0,1064.0,45,5,10.0,1,10,11.2,43,5,21236.0,37,5
tc_public_26/input.blif,32,baseline_mab_prefix,"steps=10,iters=20,ucb_c=0.2,seed=8",6.0,1.0,1064.0,45,5,10.0,1,10,6.84,34,5,21240.0,46,5
tc_public_26/input.blif,32,baseline_mab_prefix,"steps=10,iters=20,ucb_c=0.2,seed=9",6.0,1.0,1064.0,45,5,10.0,1,10,10.99,40,5,21236.0,37,5
tc_public_26/input.blif,32,baseline_mab_prefix,"steps=10,iters=20,ucb_c=0.4,seed=1",6.0,1.0,1052.0,34,5,10.0,1,10,11.2,43,5,21240.0,46,5
tc_public_26/input.blif,32,baseline_mab_prefix,"steps=10,iters=20,ucb_c=0.4,seed=2",6.0,1.0,1052.0,34,5,10.0,1,10,11.71,57,5,21280.0,55,5
tc_public_26/input.blif,32,baseline_mab_prefix,"steps=10,iters=20,ucb_c=0.4,seed=3",6.0,1.0,1064.0,45,5,10.0,1,10,8.52,37,5,21400.0,60,5
tc_public_26/input.blif,32,baseline_mab_prefix,"steps=10,iters=20,ucb_c=0.4,seed=4",6.0,1.0,1064.0,45,5,10.0,1,10,11.44,48,5,21120.0,33,5
tc_public_26/input.blif,32,baseline_mab_prefix,"steps=10,iters=20,ucb_c=0.4,seed=5",6.0,1.0,1057.0,43,5,10.0,1,10,11.3,45,5,21236.0,37,5
tc_public_26/input.blif,32,baseline_mab_prefix,"steps=10,iters=20,ucb_c=0.4,seed=6",6.0,1.0,1064.0,45,5,10.0,1,10,11.39,46,5,21280.0,55,5
tc_public_26/input.blif,32,baseline_mab_prefix,"steps=10,iters=20,ucb_c=0.4,seed=7",6.0,1.0,1064.0,45,5,10.0,1,10,11.67,54,5,21120.0,33,5
tc_public_26/input.blif,32,baseline_mab_prefix,"steps=10,iters=20,ucb_c=0.4,seed=8",6.0,1.0,1052.0,34,5,10.0,1,10,11.03,41,5,21236.0,37,5
tc_public_26/input.blif,32,baseline_mab_prefix,"steps=10,iters=20,ucb_c=0.4,seed=9",6.0,1.0,1048.0,23,5,10.0,1,10,12.15,60,5,21240.0,46,5
tc_public_26/input.blif,32,baseline_mab_prefix,"steps=10,iters=20,ucb_c=0.8,seed=0",6.0,1.0,1052.0,34,5,10.0,1,10,11.67,54,5,21236.0,37,5
tc_public_26/input.blif,32,baseline_mab_prefix,"steps=10,iters=20,ucb_c=0.8,seed=1",6.0,1.0,1052.0,34,5,10.0,1,10,11.79,58,5,21236.0,37,5
tc_public_26/input.blif,32,baseline_mab_prefix,"steps=10,iters=20,ucb_c=0.8,seed=2",6.0,1.0,1052.0,34,5,10.0,1,10,11.55,50,5,21236.0,37,5
tc_public_26/input.blif,32,baseline_mab_prefix,"steps=10,iters=20,ucb_c=0.8,seed=3",6.0,1.0,1064.0,45,5,10.0,1,10,11.92,59,5,21396.0,59,5
tc_public_26/input.blif,32,baseline_mab_prefix,"steps=10,iters=20,ucb_c=0.8,seed=4",6.0,1.0,1064.0,45,5,10.0,1,10,11.65,53,5,21120.0,33,5
tc_public_26/input.blif,32,baseline_mab_prefix,"steps=10,iters=20,ucb_c=0.8,seed=5",6.0,1.0,1064.0,45,5,10.0,1,10,11.43,47,5,21240.0,46,5
tc_public_26/input.blif,32,baseline_mab_prefix,"steps=10,iters=20,ucb_c=0.8,seed=6",6.0,1.0,1064.0,45,5,10.0,1,10,7.51,35,5,21240.0,46,5
tc_public_26/input.blif,32,baseline_mab_prefix,"steps=10,iters=20,ucb_c=0.8,seed=7",6.0,1.0,1064.0,45,5,10.0,1,10,11.67,54,5,21240.0,46,5
tc_public_26/input.blif,32,baseline_mab_prefix,"steps=10,iters=20,ucb_c=0.8,seed=8",6.0,1.0,1046.0,22,5,10.0,1,10,11.54,49,5,21076.0,32,5
tc_public_26/input.blif,32,baseline_mab_prefix,"steps=10,iters=20,ucb_c=0.8,seed=9",6.0,1.0,1064.0,45,5,10.0,1,10,11.62,52,5,21236.0,37,5
tc_public_27/input.blif,1,baseline_mab,"steps=10,iters=20,ucb_c=0.4,seed=4",9.5,1.0,376.0,1,10,7.0,1,10,0.89,1,10,15052.0,15,5
tc_public_27/input.blif,2,baseline_mab,"steps=10,iters=20,ucb_c=0.4,seed=5",9.3,1.0,376.0,1,10,7.0,1,10,0.91,2,9,15040.0,10,5
tc_public_27/input.blif,3,baseline_mab,"steps=10,iters=20,ucb_c=0.4,seed=6",9.1,1.0,376.0,1,10,7.0,1,10,0.93,3,8,15060.0,17,5
tc_public_27/input.blif,4,baseline_mab,"steps=10,iters=20,ucb_c=1.0,seed=1",9.0,1.0,376.0,1,10,7.0,1,10,0.95,5,6,15016.0,3,8
tc_public_27/input.blif,4,baseline_mab,"steps=10,iters=20,ucb_c=1.0,seed=4",9.0,1.0,376.0,1,10,7.0,1,10,0.94,4,7,15020.0,5,6
tc_public_27/input.blif,4,baseline_mab,"steps=10,iters=20,ucb_c=1.0,seed=6",9.0,1.0,376.0,1,10,7.0,1,10,0.95,5,6,15016.0,3,8
tc_public_27/input.blif,4,baseline_mab,"steps=10,iters=20,ucb_c=1.5,seed=8",9.0,1.0,376.0,1,10,7.0,1,10,0.97,24,5,14944.0,1,10
tc_public_27/input.blif,8,baseline_mab,"steps=10,iters=20,ucb_c=0.4,seed=1",8.9,1.0,376.0,1,10,7.0,1,10,0.96,8,5,14984.0,2,9
tc_public_27/input.blif,9,baseline_mab,"steps=10,iters=20,ucb_c=1.5,seed=2",8.7,1.0,376.0,1,10,7.0,1,10,0.95,5,6,15052.0,15,5
tc_public_27/input.blif,10,baseline_mab,"steps=10,iters=20,ucb_c=1.0,seed=8",8.6,1.0,376.0,1,10,7.0,1,10,0.96,8,5,15020.0,5,6
tc_public_27/input.blif,10,baseline_mab,"steps=10,iters=20,ucb_c=1.5,seed=4",8.6,1.0,376.0,1,10,7.0,1,10,0.97,24,5,15020.0,5,6
tc_public_27/input.blif,12,alphasyn,"seq=10,iters=20,cpuct=0.5,mu=0.9,",8.5,1.0,376.0,1,10,7.0,1,10,50.04,74,5,23000.0,61,5
tc_public_27/input.blif,12,alphasyn,"seq=10,iters=20,cpuct=0.5,mu=0.9,",8.5,1.0,376.0,1,10,7.0,1,10,37.79,73,5,23484.0,88,5
tc_public_27/input.blif,12,alphasyn,"seq=10,iters=20,cpuct=0.5,mu=0.9,",8.5,1.0,376.0,1,10,7.0,1,10,60.7,75,5,23328.0,78,5
tc_public_27/input.blif,12,alphasyn,"seq=10,iters=20,cpuct=0.5,mu=0.9,",8.5,1.0,376.0,1,10,7.0,1,10,37.5,72,5,23320.0,69,5
tc_public_27/input.blif,12,alphasyn,"seq=10,iters=20,cpuct=0.5,mu=0.9,",8.5,1.0,376.0,1,10,7.0,1,10,64.08,76,5,23324.0,73,5
tc_public_27/input.blif,12,alphasyn,"seq=10,iters=20,cpuct=0.5,mu=0.9,",8.5,1.0,376.0,1,10,7.0,1,10,29.5,61,5,23324.0,73,5
tc_public_27/input.blif,12,alphasyn,"seq=10,iters=20,cpuct=0.5,mu=0.9,",8.5,1.0,376.0,1,10,7.0,1,10,84.72,88,5,23484.0,88,5
tc_public_27/input.blif,12,alphasyn,"seq=10,iters=20,cpuct=0.5,mu=0.9,",8.5,1.0,376.0,1,10,7.0,1,10,84.54,85,5,23164.0,64,5
tc_public_27/input.blif,12,alphasyn,"seq=10,iters=20,cpuct=0.5,mu=0.9,",8.5,1.0,376.0,1,10,7.0,1,10,84.7,87,5,23328.0,78,5
tc_public_27/input.blif,12,alphasyn,"seq=10,iters=20,cpuct=0.5,mu=0.9,",8.5,1.0,376.0,1,10,7.0,1,10,84.27,81,5,23324.0,73,5
tc_public_27/input.blif,12,baseline_mab,"steps=10,iters=20,ucb_c=0.4,seed=0",8.5,1.0,376.0,1,10,7.0,1,10,0.96,8,5,15040.0,10,5
tc_public_27/input.blif,12,baseline_mab,"steps=10,iters=20,ucb_c=0.4,seed=2",8.5,1.0,376.0,1,10,7.0,1,10,0.96,8,5,15096.0,30,5
tc_public_27/input.blif,12,baseline_mab,"steps=10,iters=20,ucb_c=0.4,seed=3",8.5,1.0,376.0,1,10,7.0,1,10,0.96,8,5,15044.0,13,5
tc_public_27/input.blif,12,baseline_mab,"steps=10,iters=20,ucb_c=0.4,seed=7",8.5,1.0,376.0,1,10,7.0,1,10,0.99,28,5,15060.0,17,5
tc_public_27/input.blif,12,baseline_mab,"steps=10,iters=20,ucb_c=0.4,seed=8",8.5,1.0,376.0,1,10,7.0,1,10,0.96,8,5,15076.0,22,5
tc_public_27/input.blif,12,baseline_mab,"steps=10,iters=20,ucb_c=0.4,seed=9",8.5,1.0,376.0,1,10,7.0,1,10,0.96,8,5,15084.0,27,5
tc_public_27/input.blif,12,baseline_mab,"steps=10,iters=20,ucb_c=1.0,seed=0",8.5,1.0,376.0,1,10,7.0,1,10,0.96,8,5,15092.0,28,5
tc_public_27/input.blif,12,baseline_mab,"steps=10,iters=20,ucb_c=1.0,seed=2",8.5,1.0,376.0,1,10,7.0,1,10,0.96,8,5,15076.0,22,5
tc_public_27/input.blif,12,baseline_mab,"steps=10,iters=20,ucb_c=1.0,seed=3",8.5,1.0,376.0,1,10,7.0,1,10,0.96,8,5,15092.0,28,5
tc_public_27/input.blif,12,baseline_mab,"steps=10,iters=20,ucb_c=1.0,seed=5",8.5,1.0,376.0,1,10,7.0,1,10,0.96,8,5,15072.0,19,5
tc_public_27/input.blif,12,baseline_mab,"steps=10,iters=20,ucb_c=1.0,seed=7",8.5,1.0,376.0,1,10,7.0,1,10,0.96,8,5,15080.0,26,5
tc_public_27/input.blif,12,baseline_mab,"steps=10,iters=20,ucb_c=1.0,seed=9",8.5,1.0,376.0,1,10,7.0,1,10,0.97,24,5,15076.0,22,5
tc_public_27/input.blif,12,baseline_mab,"steps=10,iters=20,ucb_c=1.5,seed=0",8.5,1.0,376.0,1,10,7.0,1,10,0.97,24,5,15076.0,22,5
tc_public_27/input.blif,12,baseline_mab,"steps=10,iters=20,ucb_c=1.5,seed=1",8.5,1.0,376.0,1,10,7.0,1,10,0.99,28,5,15072.0,19,5
tc_public_27/input.blif,12,baseline_mab,"steps=10,iters=20,ucb_c=1.5,seed=3",8.5,1.0,376.0,1,10,7.0,1,10,0.96,8,5,15040.0,10,5
tc_public_27/input.blif,12,baseline_mab,"steps=10,iters=20,ucb_c=1.5,seed=5",8.5,1.0,376.0,1,10,7.0,1,10,0.96,8,5,15028.0,9,5
tc_public_27/input.blif,12,baseline_mab,"steps=10,iters=20,ucb_c=1.5,seed=6",8.5,1.0,376.0,1,10,7.0,1,10,0.96,8,5,15072.0,19,5
tc_public_27/input.blif,12,baseline_mab,"steps=10,iters=20,ucb_c=1.5,seed=7",8.5,1.0,376.0,1,10,7.0,1,10,1.1,30,5,15044.0,13,5
tc_public_27/input.blif,12,baseline_mab,"steps=10,iters=20,ucb_c=1.5,seed=9",8.5,1.0,376.0,1,10,7.0,1,10,0.96,8,5,15024.0,8,5
tc_public_27/input.blif,12,baseline_mab_prefix,"steps=10,iters=20,ucb_c=0.2,seed=0",8.5,1.0,376.0,1,10,7.0,1,10,4.66,31,5,21396.0,58,5
tc_public_27/input.blif,12,baseline_mab_prefix,"steps=10,iters=20,ucb_c=0.2,seed=1",8.5,1.0,376.0,1,10,7.0,1,10,4.7,32,5,21076.0,31,5
tc_public_27/input.blif,12,baseline_mab_prefix,"steps=10,iters=20,ucb_c=0.2,seed=2",8.5,1.0,376.0,1,10,7.0,1,10,4.74,33,5,21236.0,42,5
tc_public_27/input.blif,12,baseline_mab_prefix,"steps=10,iters=20,ucb_c=0.2,seed=3",8.5,1.0,376.0,1,10,7.0,1,10,8.27,38,5,21120.0,35,5
tc_public_27/input.blif,12,baseline_mab_prefix,"steps=10,iters=20,ucb_c=0.2,seed=4",8.5,1.0,376.0,1,10,7.0,1,10,7.9,37,5,21236.0,42,5
tc_public_27/input.blif,12,baseline_mab_prefix,"steps=10,iters=20,ucb_c=0.2,seed=5",8.5,1.0,376.0,1,10,7.0,1,10,9.01,39,5,21120.0,35,5
tc_public_27/input.blif,12,baseline_mab_prefix,"steps=10,iters=20,ucb_c=0.2,seed=6",8.5,1.0,376.0,1,10,7.0,1,10,10.28,50,5,21240.0,51,5
tc_public_27/input.blif,12,baseline_mab_prefix,"steps=10,iters=20,ucb_c=0.2,seed=7",8.5,1.0,376.0,1,10,7.0,1,10,10.15,48,5,21080.0,33,5
tc_public_27/input.blif,12,baseline_mab_prefix,"steps=10,iters=20,ucb_c=0.2,seed=8",8.5,1.0,376.0,1,10,7.0,1,10,6.17,34,5,21236.0,42,5
tc_public_27/input.blif,12,baseline_mab_prefix,"steps=10,iters=20,ucb_c=0.2,seed=9",8.5,1.0,376.0,1,10,7.0,1,10,10.0,42,5,21236.0,42,5
tc_public_27/input.blif,12,baseline_mab_prefix,"steps=10,iters=20,ucb_c=0.4,seed=0",8.5,1.0,376.0,1,10,7.0,1,10,9.84,41,5,21396.0,58,5
tc_public_27/input.blif,12,baseline_mab_prefix,"steps=10,iters=20,ucb_c=0.4,seed=1",8.5,1.0,376.0,1,10,7.0,1,10,10.06,44,5,21280.0,55,5
tc_public_27/input.blif,12,baseline_mab_prefix,"steps=10,iters=20,ucb_c=0.4,seed=2",8.5,1.0,376.0,1,10,7.0,1,10,10.07,45,5,21396.0,58,5
tc_public_27/input.blif,12,baseline_mab_prefix,"steps=10,iters=20,ucb_c=0.4,seed=3",8.5,1.0,376.0,1,10,7.0,1,10,7.11,36,5,21240.0,51,5
tc_public_27/input.blif,12,baseline_mab_prefix,"steps=10,iters=20,ucb_c=0.4,seed=4",8.5,1.0,376.0,1,10,7.0,1,10,10.25,49,5,21236.0,42,5
tc_public_27/input.blif,12,baseline_mab_prefix,"steps=10,iters=20,ucb_c=0.4,seed=5",8.5,1.0,376.0,1,10,7.0,1,10,10.09,46,5,21120.0,35,5
tc_public_27/input.blif,12,baseline_mab_prefix,"steps=10,iters=20,ucb_c=0.4,seed=6",8.5,1.0,376.0,1,10,7.0,1,10,10.43,51,5,21240.0,51,5
tc_public_27/input.blif,12,baseline_mab_prefix,"steps=10,iters=20,ucb_c=0.4,seed=7",8.5,1.0,376.0,1,10,7.0,1,10,10.03,43,5,21236.0,42,5
tc_public_27/input.blif,12,baseline_mab_prefix,"steps=10,iters=20,ucb_c=0.4,seed=8",8.5,1.0,376.0,1,10,7.0,1,10,9.8,40,5,21080.0,33,5
tc_public_27/input.blif,12,baseline_mab_prefix,"steps=10,iters=20,ucb_c=0.4,seed=9",8.5,1.0,376.0,1,10,7.0,1,10,10.69,55,5,21120.0,35,5
tc_public_27/input.blif,12,baseline_mab_prefix,"steps=10,iters=20,ucb_c=0.8,seed=0",8.5,1.0,376.0,1,10,7.0,1,10,10.63,54,5,21280.0,55,5
tc_public_27/input.blif,12,baseline_mab_prefix,"steps=10,iters=20,ucb_c=0.8,seed=1",8.5,1.0,376.0,1,10,7.0,1,10,10.78,58,5,21280.0,55,5
tc_public_27/input.blif,12,baseline_mab_prefix,"steps=10,iters=20,ucb_c=0.8,seed=2",8.5,1.0,376.0,1,10,7.0,1,10,10.11,47,5,21236.0,42,5
tc_public_27/input.blif,12,baseline_mab_prefix,"steps=10,iters=20,ucb_c=0.8,seed=3",8.5,1.0,376.0,1,10,7.0,1,10,10.77,57,5,21236.0,42,5
tc_public_27/input.blif,12,baseline_mab_prefix,"steps=10,iters=20,ucb_c=0.8,seed=4",8.5,1.0,376.0,1,10,7.0,1,10,10.54,52,5,21120.0,35,5
tc_public_27/input.blif,12,baseline_mab_prefix,"steps=10,iters=20,ucb_c=0.8,seed=5",8.5,1.0,376.0,1,10,7.0,1,10,10.96,59,5,21120.0,35,5
tc_public_27/input.blif,12,baseline_mab_prefix,"steps=10,iters=20,ucb_c=0.8,seed=6",8.5,1.0,376.0,1,10,7.0,1,10,6.54,35,5,21120.0,35,5
tc_public_27/input.blif,12,baseline_mab_prefix,"steps=10,iters=20,ucb_c=0.8,seed=7",8.5,1.0,376.0,1,10,7.0,1,10,10.56,53,5,21236.0,42,5
tc_public_27/input.blif,12,baseline_mab_prefix,"steps=10,iters=20,ucb_c=0.8,seed=8",8.5,1.0,376.0,1,10,7.0,1,10,10.75,56,5,21240.0,51,5
tc_public_27/input.blif,12,baseline_mab_prefix,"steps=10,iters=20,ucb_c=0.8,seed=9",8.5,1.0,376.0,1,10,7.0,1,10,10.99,60,5,21076.0,31,5
tc_public_27/input.blif,71,alphasyn,"seq=10,iters=20,cpuct=1.0,mu=0.9,",5.0,1.0,380.0,71,5,8.0,71,5,84.45,84,5,23480.0,84,5
tc_public_27/input.blif,71,alphasyn,"seq=10,iters=20,cpuct=1.0,mu=0.9,",5.0,1.0,380.0,71,5,8.0,71,5,85.19,89,5,23328.0,78,5
tc_public_27/input.blif,71,alphasyn,"seq=10,iters=20,cpuct=1.0,mu=0.9,",5.0,1.0,380.0,71,5,8.0,71,5,84.31,83,5,23320.0,69,5
tc_public_27/input.blif,71,alphasyn,"seq=10,iters=20,cpuct=1.0,mu=0.9,",5.0,1.0,380.0,71,5,8.0,71,5,84.16,79,5,23328.0,78,5
tc_public_27/input.blif,71,alphasyn,"seq=10,iters=20,cpuct=1.0,mu=0.9,",5.0,1.0,380.0,71,5,8.0,71,5,84.06,77,5,23200.0,68,5
tc_public_27/input.blif,71,alphasyn,"seq=10,iters=20,cpuct=1.0,mu=0.9,",5.0,1.0,380.0,71,5,8.0,71,5,84.61,86,5,23320.0,69,5
tc_public_27/input.blif,71,alphasyn,"seq=10,iters=20,cpuct=1.0,mu=0.9,",5.0,1.0,380.0,71,5,8.0,71,5,84.28,82,5,23480.0,84,5
tc_public_27/input.blif,71,alphasyn,"seq=10,iters=20,cpuct=1.0,mu=0.9,",5.0,1.0,380.0,71,5,8.0,71,5,84.07,78,5,23320.0,69,5
tc_public_27/input.blif,71,alphasyn,"seq=10,iters=20,cpuct=1.0,mu=0.9,",5.0,1.0,380.0,71,5,8.0,71,5,84.18,80,5,23488.0,90,5
tc_public_27/input.blif,71,alphasyn,"seq=10,iters=20,cpuct=1.0,mu=0.9,",5.0,1.0,380.0,71,5,8.0,71,5,85.44,90,5,23040.0,63,5
tc_public_27/input.blif,71,alphasyn,"seq=10,iters=20,cpuct=1.5,mu=0.9,",5.0,1.0,380.0,71,5,8.0,71,5,30.33,71,5,23480.0,84,5
tc_public_27/input.blif,71,alphasyn,"seq=10,iters=20,cpuct=1.5,mu=0.9,",5.0,1.0,380.0,71,5,8.0,71,5,29.82,62,5,23164.0,64,5
tc_public_27/input.blif,71,alphasyn,"seq=10,iters=20,cpuct=1.5,mu=0.9,",5.0,1.0,380.0,71,5,8.0,71,5,29.93,64,5,23324.0,73,5
tc_public_27/input.blif,71,alphasyn,"seq=10,iters=20,cpuct=1.5,mu=0.9,",5.0,1.0,380.0,71,5,8.0,71,5,30.12,69,5,23164.0,64,5
tc_public_27/input.blif,71,alphasyn,"seq=10,iters=20,cpuct=1.5,mu=0.9,",5.0,1.0,380.0,71,5,8.0,71,5,29.94,65,5,23480.0,84,5
tc_public_27/input.blif,71,alphasyn,"seq=10,iters=20,cpuct=1.5,mu=0.9,",5.0,1.0,380.0,71,5,8.0,71,5,29.88,63,5,23328.0,78,5
tc_public_27/input.blif,71,alphasyn,"seq=10,iters=20,cpuct=1.5,mu=0.9,",5.0,1.0,380.0,71,5,8.0,71,5,30.1,68,5,23328.0,78,5
tc_public_27/input.blif,71,alphasyn,"seq=10,iters=20,cpuct=1.5,mu=0.9,",5.0,1.0,380.0,71,5,8.0,71,5,30.26,70,5,23324.0,73,5
tc_public_27/input.blif,71,alphasyn,"seq=10,iters=20,cpuct=1.5,mu=0.9,",5.0,1.0,380.0,71,5,8.0,71,5,29.99,67,5,23164.0,64,5
tc_public_27/input.blif,71,alphasyn,"seq=10,iters=20,cpuct=1.5,mu=0.9,",5.0,1.0,380.0,71,5,8.0,71,5,29.94,65,5,23004.0,62,5
tc_public_28/input.blif,1,baseline_mab,"steps=10,iters=20,ucb_c=0.4,seed=6",9.7,1.0,520.0,1,10,7.0,1,10,0.99,2,9,15000.0,2,9
tc_public_28/input.blif,2,baseline_mab,"steps=10,iters=20,ucb_c=0.4,seed=4",9.5,1.0,520.0,1,10,7.0,1,10,0.98,1,10,15172.0,27,5
tc_public_28/input.blif,3,baseline_mab,"steps=10,iters=20,ucb_c=0.4,seed=5",9.3,1.0,520.0,1,10,7.0,1,10,0.99,2,9,15040.0,14,5
tc_public_28/input.blif,3,baseline_mab,"steps=10,iters=20,ucb_c=1.0,seed=4",9.3,1.0,520.0,1,10,7.0,1,10,0.99,2,9,15168.0,25,5
tc_public_28/input.blif,5,baseline_mab,"steps=10,iters=20,ucb_c=0.4,seed=0",9.2,1.0,520.0,1,10,7.0,1,10,1.0,5,6,14972.0,1,10
tc_public_28/input.blif,6,baseline_mab,"steps=10,iters=20,ucb_c=1.0,seed=8",8.8,1.0,520.0,1,10,7.0,1,10,1.02,15,5,15008.0,3,8
tc_public_28/input.blif,6,baseline_mab,"steps=10,iters=20,ucb_c=1.5,seed=4",8.8,1.0,520.0,1,10,7.0,1,10,1.03,24,5,15008.0,3,8
tc_public_28/input.blif,8,baseline_mab,"steps=10,iters=20,ucb_c=0.4,seed=8",8.6,1.0,520.0,1,10,7.0,1,10,1.01,6,5,15012.0,5,6
tc_public_28/input.blif,8,baseline_mab,"steps=10,iters=20,ucb_c=1.5,seed=1",8.6,1.0,520.0,1,10,7.0,1,10,1.02,15,5,15012.0,5,6
tc_public_28/input.blif,8,baseline_mab,"steps=10,iters=20,ucb_c=1.5,seed=7",8.6,1.0,520.0,1,10,7.0,1,10,1.08,30,5,15012.0,5,6
tc_public_28/input.blif,11,alphasyn,"seq=10,iters=20,cpuct=0.5,mu=0.9,",8.5,1.0,520.0,1,10,7.0,1,10,61.03,75,5,23324.0,79,5
tc_public_28/input.blif,11,alphasyn,"seq=10,iters=20,cpuct=0.5,mu=0.9,",8.5,1.0,520.0,1,10,7.0,1,10,37.62,72,5,23160.0,65,5
tc_public_28/input.blif,11,alphasyn,"seq=10,iters=20,cpuct=0.5,mu=0.9,",8.5,1.0,520.0,1,10,7.0,1,10,50.36,74,5,22844.0,63,5
tc_public_28/input.blif,11,alphasyn,"seq=10,iters=20,cpuct=0.5,mu=0.9,",8.5,1.0,520.0,1,10,7.0,1,10,45.78,73,5,22840.0,62,5
tc_public_28/input.blif,11,alphasyn,"seq=10,iters=20,cpuct=0.5,mu=0.9,",8.5,1.0,520.0,1,10,7.0,1,10,65.05,76,5,23480.0,83,5
tc_public_28/input.blif,11,alphasyn,"seq=10,iters=20,cpuct=0.5,mu=0.9,",8.5,1.0,520.0,1,10,7.0,1,10,29.55,61,5,23480.0,83,5
tc_public_28/input.blif,11,alphasyn,"seq=10,iters=20,cpuct=0.5,mu=0.9,",8.5,1.0,520.0,1,10,7.0,1,10,85.56,85,5,23480.0,83,5
tc_public_28/input.blif,11,alphasyn,"seq=10,iters=20,cpuct=0.5,mu=0.9,",8.5,1.0,520.0,1,10,7.0,1,10,85.58,87,5,23320.0,73,5
tc_public_28/input.blif,11,alphasyn,"seq=10,iters=20,cpuct=0.5,mu=0.9,",8.5,1.0,520.0,1,10,7.0,1,10,85.56,85,5,23320.0,73,5
tc_public_28/input.blif,11,alphasyn,"seq=10,iters=20,cpuct=0.5,mu=0.9,",8.5,1.0,520.0,1,10,7.0,1,10,85.11,78,5,23200.0,72,5
tc_public_28/input.blif,11,alphasyn,"seq=10,iters=20,cpuct=1.0,mu=0.9,",8.5,1.0,520.0,1,10,7.0,1,10,85.21,79,5,23320.0,73,5
tc_public_28/input.blif,11,alphasyn,"seq=10,iters=20,cpuct=1.0,mu=0.9,",8.5,1.0,520.0,1,10,7.0,1,10,86.04,88,5,23160.0,65,5
tc_public_28/input.blif,11,alphasyn,"seq=10,iters=20,cpuct=1.0,mu=0.9,",8.5,1.0,520.0,1,10,7.0,1,10,85.43,83,5,23480.0,83,5
tc_public_28/input.blif,11,alphasyn,"seq=10,iters=20,cpuct=1.0,mu=0.9,",8.5,1.0,520.0,1,10,7.0,1,10,85.05,77,5,23484.0,88,5
tc_public_28/input.blif,11,alphasyn,"seq=10,iters=20,cpuct=1.0,mu=0.9,",8.5,1.0,520.0,1,10,7.0,1,10,85.26,80,5,23328.0,80,5
tc_public_28/input.blif,11,alphasyn,"seq=10,iters=20,cpuct=1.0,mu=0.9,",8.5,1.0,520.0,1,10,7.0,1,10,86.27,90,5,23352.0,82,5
tc_public_28/input.blif,11,alphasyn,"seq=10,iters=20,cpuct=1.0,mu=0.9,",8.5,1.0,520.0,1,10,7.0,1,10,85.29,81,5,23320.0,73,5
tc_public_28/input.blif,11,alphasyn,"seq=10,iters=20,cpuct=1.0,mu=0.9,",8.5,1.0,520.0,1,10,7.0,1,10,85.5,84,5,23164.0,71,5
tc_public_28/input.blif,11,alphasyn,"seq=10,iters=20,cpuct=1.0,mu=0.9,",8.5,1.0,520.0,1,10,7.0,1,10,85.38,82,5,23320.0,73,5
tc_public_28/input.blif,11,alphasyn,"seq=10,iters=20,cpuct=1.0,mu=0.9,",8.5,1.0,520.0,1,10,7.0,1,10,86.11,89,5,23160.0,65,5
tc_public_28/input.blif,11,alphasyn,"seq=10,iters=20,cpuct=1.5,mu=0.9,",8.5,1.0,520.0,1,10,7.0,1,10,30.55,71,5,23648.0,90,5
tc_public_28/input.blif,11,alphasyn,"seq=10,iters=20,cpuct=1.5,mu=0.9,",8.5,1.0,520.0,1,10,7.0,1,10,30.5,70,5,23160.0,65,5
tc_public_28/input.blif,11,alphasyn,"seq=10,iters=20,cpuct=1.5,mu=0.9,",8.5,1.0,520.0,1,10,7.0,1,10,30.15,62,5,23328.0,80,5
tc_public_28/input.blif,11,alphasyn,"seq=10,iters=20,cpuct=1.5,mu=0.9,",8.5,1.0,520.0,1,10,7.0,1,10,30.18,66,5,22720.0,61,5
tc_public_28/input.blif,11,alphasyn,"seq=10,iters=20,cpuct=1.5,mu=0.9,",8.5,1.0,520.0,1,10,7.0,1,10,30.16,63,5,23160.0,65,5
tc_public_28/input.blif,11,alphasyn,"seq=10,iters=20,cpuct=1.5,mu=0.9,",8.5,1.0,520.0,1,10,7.0,1,10,30.16,63,5,23004.0,64,5
tc_public_28/input.blif,11,alphasyn,"seq=10,iters=20,cpuct=1.5,mu=0.9,",8.5,1.0,520.0,1,10,7.0,1,10,30.18,66,5,23160.0,65,5
tc_public_28/input.blif,11,alphasyn,"seq=10,iters=20,cpuct=1.5,mu=0.9,",8.5,1.0,520.0,1,10,7.0,1,10,30.17,65,5,23484.0,88,5
tc_public_28/input.blif,11,alphasyn,"seq=10,iters=20,cpuct=1.5,mu=0.9,",8.5,1.0,520.0,1,10,7.0,1,10,30.33,69,5,23320.0,73,5
tc_public_28/input.blif,11,alphasyn,"seq=10,iters=20,cpuct=1.5,mu=0.9,",8.5,1.0,520.0,1,10,7.0,1,10,30.28,68,5,23480.0,83,5
tc_public_28/input.blif,11,baseline_mab,"steps=10,iters=20,ucb_c=0.4,seed=1",8.5,1.0,520.0,1,10,7.0,1,10,1.03,24,5,15116.0,19,5
tc_public_28/input.blif,11,baseline_mab,"steps=10,iters=20,ucb_c=0.4,seed=2",8.5,1.0,520.0,1,10,7.0,1,10,1.01,6,5,15164.0,22,5
tc_public_28/input.blif,11,baseline_mab,"steps=10,iters=20,ucb_c=0.4,seed=3",8.5,1.0,520.0,1,10,7.0,1,10,1.03,24,5,15136.0,20,5
tc_public_28/input.blif,11,baseline_mab,"steps=10,iters=20,ucb_c=0.4,seed=7",8.5,1.0,520.0,1,10,7.0,1,10,1.02,15,5,15164.0,22,5
tc_public_28/input.blif,11,baseline_mab,"steps=10,iters=20,ucb_c=0.4,seed=9",8.5,1.0,520.0,1,10,7.0,1,10,1.02,15,5,15044.0,15,5
tc_public_28/input.blif,11,baseline_mab,"steps=10,iters=20,ucb_c=1.0,seed=0",8.5,1.0,520.0,1,10,7.0,1,10,1.02,15,5,15028.0,9,5
tc_public_28/input.blif,11,baseline_mab,"steps=10,iters=20,ucb_c=1.0,seed=1",8.5,1.0,520.0,1,10,7.0,1,10,1.02,15,5,15172.0,27,5
tc_public_28/input.blif,11,baseline_mab,"steps=10,iters=20,ucb_c=1.0,seed=2",8.5,1.0,520.0,1,10,7.0,1,10,1.02,15,5,15032.0,11,5
tc_public_28/input.blif,11,baseline_mab,"steps=10,iters=20,ucb_c=1.0,seed=3",8.5,1.0,520.0,1,10,7.0,1,10,1.01,6,5,15068.0,18,5
tc_public_28/input.blif,11,baseline_mab,"steps=10,iters=20,ucb_c=1.0,seed=5",8.5,1.0,520.0,1,10,7.0,1,10,1.05,29,5,15032.0,11,5
tc_public_28/input.blif,11,baseline_mab,"steps=10,iters=20,ucb_c=1.0,seed=6",8.5,1.0,520.0,1,10,7.0,1,10,1.01,6,5,15176.0,30,5
tc_public_28/input.blif,11,baseline_mab,"steps=10,iters=20,ucb_c=1.0,seed=7",8.5,1.0,520.0,1,10,7.0,1,10,1.02,15,5,15168.0,25,5
tc_public_28/input.blif,11,baseline_mab,"steps=10,iters=20,ucb_c=1.0,seed=9",8.5,1.0,520.0,1,10,7.0,1,10,1.02,15,5,15044.0,15,5
tc_public_28/input.blif,11,baseline_mab,"steps=10,iters=20,ucb_c=1.5,seed=0",8.5,1.0,520.0,1,10,7.0,1,10,1.03,24,5,15160.0,21,5
tc_public_28/input.blif,11,baseline_mab,"steps=10,iters=20,ucb_c=1.5,seed=2",8.5,1.0,520.0,1,10,7.0,1,10,1.01,6,5,15024.0,8,5
tc_public_28/input.blif,11,baseline_mab,"steps=10,iters=20,ucb_c=1.5,seed=3",8.5,1.0,520.0,1,10,7.0,1,10,1.01,6,5,15036.0,13,5
tc_public_28/input.blif,11,baseline_mab,"steps=10,iters=20,ucb_c=1.5,seed=5",8.5,1.0,520.0,1,10,7.0,1,10,1.01,6,5,15028.0,9,5
tc_public_28/input.blif,11,baseline_mab,"steps=10,iters=20,ucb_c=1.5,seed=6",8.5,1.0,520.0,1,10,7.0,1,10,1.01,6,5,15052.0,17,5
tc_public_28/input.blif,11,baseline_mab,"steps=10,iters=20,ucb_c=1.5,seed=8",8.5,1.0,520.0,1,10,7.0,1,10,1.03,24,5,15164.0,22,5
tc_public_28/input.blif,11,baseline_mab,"steps=10,iters=20,ucb_c=1.5,seed=9",8.5,1.0,520.0,1,10,7.0,1,10,1.01,6,5,15172.0,27,5
tc_public_28/input.blif,11,baseline_mab_prefix,"steps=10,iters=20,ucb_c=0.2,seed=0",8.5,1.0,520.0,1,10,7.0,1,10,4.75,32,5,21280.0,47,5
tc_public_28/input.blif,11,baseline_mab_prefix,"steps=10,iters=20,ucb_c=0.2,seed=1",8.5,1.0,520.0,1,10,7.0,1,10,4.78,33,5,21120.0,35,5
tc_public_28/input.blif,11,baseline_mab_prefix,"steps=10,iters=20,ucb_c=0.2,seed=2",8.5,1.0,520.0,1,10,7.0,1,10,4.73,31,5,21280.0,47,5
tc_public_28/input.blif,11,baseline_mab_prefix,"steps=10,iters=20,ucb_c=0.2,seed=3",8.5,1.0,520.0,1,10,7.0,1,10,8.26,38,5,21280.0,47,5
tc_public_28/input.blif,11,baseline_mab_prefix,"steps=10,iters=20,ucb_c=0.2,seed=4",8.5,1.0,520.0,1,10,7.0,1,10,7.91,37,5,21084.0,33,5
tc_public_28/input.blif,11,baseline_mab_prefix,"steps=10,iters=20,ucb_c=0.2,seed=5",8.5,1.0,520.0,1,10,7.0,1,10,9.95,41,5,21120.0,35,5
tc_public_28/input.blif,11,baseline_mab_prefix,"steps=10,iters=20,ucb_c=0.2,seed=6",8.5,1.0,520.0,1,10,7.0,1,10,10.18,46,5,21280.0,47,5
tc_public_28/input.blif,11,baseline_mab_prefix,"steps=10,iters=20,ucb_c=0.2,seed=7",8.5,1.0,520.0,1,10,7.0,1,10,10.11,45,5,21240.0,42,5
tc_public_28/input.blif,11,baseline_mab_prefix,"steps=10,iters=20,ucb_c=0.2,seed=8",8.5,1.0,520.0,1,10,7.0,1,10,7.81,36,5,21240.0,42,5
tc_public_28/input.blif,11,baseline_mab_prefix,"steps=10,iters=20,ucb_c=0.2,seed=9",8.5,1.0,520.0,1,10,7.0,1,10,9.94,40,5,21076.0,31,5
tc_public_28/input.blif,11,baseline_mab_prefix,"steps=10,iters=20,ucb_c=0.4,seed=0",8.5,1.0,520.0,1,10,7.0,1,10,9.71,39,5,21280.0,47,5
tc_public_28/input.blif,11,baseline_mab_prefix,"steps=10,iters=20,ucb_c=0.4,seed=1",8.5,1.0,520.0,1,10,7.0,1,10,10.32,48,5,21268.0,46,5
tc_public_28/input.blif,11,baseline_mab_prefix,"steps=10,iters=20,ucb_c=0.4,seed=2",8.5,1.0,520.0,1,10,7.0,1,10,9.98,43,5,21280.0,47,5
tc_public_28/input.blif,11,baseline_mab_prefix,"steps=10,iters=20,ucb_c=0.4,seed=3",8.5,1.0,520.0,1,10,7.0,1,10,6.63,35,5,21280.0,47,5
tc_public_28/input.blif,11,baseline_mab_prefix,"steps=10,iters=20,ucb_c=0.4,seed=4",8.5,1.0,520.0,1,10,7.0,1,10,10.33,49,5,21280.0,47,5
tc_public_28/input.blif,11,baseline_mab_prefix,"steps=10,iters=20,ucb_c=0.4,seed=5",8.5,1.0,520.0,1,10,7.0,1,10,9.97,42,5,21236.0,39,5
tc_public_28/input.blif,11,baseline_mab_prefix,"steps=10,iters=20,ucb_c=0.4,seed=6",8.5,1.0,520.0,1,10,7.0,1,10,10.51,54,5,21280.0,47,5
tc_public_28/input.blif,11,baseline_mab_prefix,"steps=10,iters=20,ucb_c=0.4,seed=7",8.5,1.0,520.0,1,10,7.0,1,10,10.06,44,5,21112.0,34,5
tc_public_28/input.blif,11,baseline_mab_prefix,"steps=10,iters=20,ucb_c=0.4,seed=8",8.5,1.0,520.0,1,10,7.0,1,10,10.22,47,5,21120.0,35,5
tc_public_28/input.blif,11,baseline_mab_prefix,"steps=10,iters=20,ucb_c=0.4,seed=9",8.5,1.0,520.0,1,10,7.0,1,10,11.22,60,5,21280.0,47,5
tc_public_28/input.blif,11,baseline_mab_prefix,"steps=10,iters=20,ucb_c=0.8,seed=0",8.5,1.0,520.0,1,10,7.0,1,10,10.83,58,5,21236.0,39,5
tc_public_28/input.blif,11,baseline_mab_prefix,"steps=10,iters=20,ucb_c=0.8,seed=1",8.5,1.0,520.0,1,10,7.0,1,10,10.55,56,5,21404.0,60,5
tc_public_28/input.blif,11,baseline_mab_prefix,"steps=10,iters=20,ucb_c=0.8,seed=2",8.5,1.0,520.0,1,10,7.0,1,10,10.53,55,5,21240.0,42,5
tc_public_28/input.blif,11,baseline_mab_prefix,"steps=10,iters=20,ucb_c=0.8,seed=3",8.5,1.0,520.0,1,10,7.0,1,10,10.39,50,5,21076.0,31,5
tc_public_28/input.blif,11,baseline_mab_prefix,"steps=10,iters=20,ucb_c=0.8,seed=4",8.5,1.0,520.0,1,10,7.0,1,10,10.42,52,5,21280.0,47,5
tc_public_28/input.blif,11,baseline_mab_prefix,"steps=10,iters=20,ucb_c=0.8,seed=5",8.5,1.0,520.0,1,10,7.0,1,10,10.58,57,5,21236.0,39,5
tc_public_28/input.blif,11,baseline_mab_prefix,"steps=10,iters=20,ucb_c=0.8,seed=6",8.5,1.0,520.0,1,10,7.0,1,10,6.39,34,5,21280.0,47,5
tc_public_28/input.blif,11,baseline_mab_prefix,"steps=10,iters=20,ucb_c=0.8,seed=7",8.5,1.0,520.0,1,10,7.0,1,10,10.39,50,5,21240.0,42,5
tc_public_28/input.blif,11,baseline_mab_prefix,"steps=10,iters=20,ucb_c=0.8,seed=8",8.5,1.0,520.0,1,10,7.0,1,10,11.07,59,5,21280.0,47,5
tc_public_28/input.blif,11,baseline_mab_prefix,"steps=10,iters=20,ucb_c=0.8,seed=9",8.5,1.0,520.0,1,10,7.0,1,10,10.5,53,5,21120.0,35,5
tc_public_29/input.blif,1,baseline_mab,"steps=10,iters=20,ucb_c=1.5,seed=5",9.6,1.0,109.0,1,10,7.0,1,10,0.84,2,9,14904.0,3,8
tc_public_29/input.blif,2,baseline_mab,"steps=10,iters=20,ucb_c=0.4,seed=4",9.5,1.0,109.0,1,10,7.0,1,10,0.83,1,10,14960.0,23,5
tc_public_29/input.blif,3,baseline_mab,"steps=10,iters=20,ucb_c=0.4,seed=5",9.3,1.0,109.0,1,10,7.0,1,10,0.84,2,9,14916.0,14,5
tc_public_29/input.blif,3,baseline_mab,"steps=10,iters=20,ucb_c=0.4,seed=6",9.3,1.0,109.0,1,10,7.0,1,10,0.84,2,9,14956.0,19,5
tc_public_29/input.blif,3,baseline_mab,"steps=10,iters=20,ucb_c=1.0,seed=6",9.3,1.0,109.0,1,10,7.0,1,10,0.84,2,9,14912.0,6,5
tc_public_29/input.blif,3,baseline_mab,"steps=10,iters=20,ucb_c=1.0,seed=8",9.3,1.0,109.0,1,10,7.0,1,10,0.84,2,9,14960.0,23,5
tc_public_29/input.blif,3,baseline_mab,"steps=10,iters=20,ucb_c=1.5,seed=6",9.3,1.0,109.0,1,10,7.0,1,10,0.84,2,9,14916.0,14,5
tc_public_29/input.blif,8,baseline_mab,"steps=10,iters=20,ucb_c=0.4,seed=7",9.0,1.0,109.0,1,10,7.0,1,10,0.85,8,5,14888.0,1,10
tc_public_29/input.blif,9,baseline_mab,"steps=10,iters=20,ucb_c=1.5,seed=0",8.9,1.0,109.0,1,10,7.0,1,10,0.87,28,5,14900.0,2,9
tc_public_29/input.blif,10,baseline_mab,"steps=10,iters=20,ucb_c=0.4,seed=3",8.7,1.0,109.0,1,10,7.0,1,10,0.85,8,5,14908.0,4,7
tc_public_29/input.blif,10,baseline_mab,"steps=10,iters=20,ucb_c=1.0,seed=4",8.7,1.0,109.0,1,10,7.0,1,10,0.85,8,5,14908.0,4,7
tc_public_29/input.blif,12,alphasyn,"seq=10,iters=20,cpuct=0.5,mu=0.9,",8.5,1.0,109.0,1,10,7.0,1,10,63.29,76,5,23480.0,86,5
tc_public_29/input.blif,12,alphasyn,"seq=10,iters=20,cpuct=0.5,mu=0.9,",8.5,1.0,109.0,1,10,7.0,1,10,43.16,72,5,23164.0,67,5
tc_public_29/input.blif,12,alphasyn,"seq=10,iters=20,cpuct=0.5,mu=0.9,",8.5,1.0,109.0,1,10,7.0,1,10,62.94,75,5,23320.0,77,5
tc_public_29/input.blif,12,alphasyn,"seq=10,iters=20,cpuct=0.5,mu=0.9,",8.5,1.0,109.0,1,10,7.0,1,10,57.62,73,5,23320.0,77,5
tc_public_29/input.blif,12,alphasyn,"seq=10,iters=20,cpuct=0.5,mu=0.9,",8.5,1.0,109.0,1,10,7.0,1,10,61.96,74,5,23160.0,63,5
tc_public_29/input.blif,12,alphasyn,"seq=10,iters=20,cpuct=0.5,mu=0.9,",8.5,1.0,109.0,1,10,7.0,1,10,28.97,61,5,23200.0,76,5
tc_public_29/input.blif,12,alphasyn,"seq=10,iters=20,cpuct=0.5,mu=0.9,",8.5,1.0,109.0,1,10,7.0,1,10,82.95,84,5,23000.0,61,5
tc_public_29/input.blif,12,alphasyn,"seq=10,iters=20,cpuct=0.5,mu=0.9,",8.5,1.0,109.0,1,10,7.0,1,10,83.06,86,5,23328.0,85,5
tc_public_29/input.blif,12,alphasyn,"seq=10,iters=20,cpuct=0.5,mu=0.9,",8.5,1.0,109.0,1,10,7.0,1,10,83.31,88,5,23320.0,77,5
tc_public_29/input.blif,12,alphasyn,"seq=10,iters=20,cpuct=0.5,mu=0.9,",8.5,1.0,109.0,1,10,7.0,1,10,82.49,79,5,23164.0,67,5
tc_public_29/input.blif,12,alphasyn,"seq=10,iters=20,cpuct=1.0,mu=0.9,",8.5,1.0,109.0,1,10,7.0,1,10,82.49,79,5,23164.0,67,5
tc_public_29/input.blif,12,alphasyn,"seq=10,iters=20,cpuct=1.0,mu=0.9,",8.5,1.0,109.0,1,10,7.0,1,10,83.2,87,5,23160.0,63,5
tc_public_29/input.blif,12,alphasyn,"seq=10,iters=20,cpuct=1.0,mu=0.9,",8.5,1.0,109.0,1,10,7.0,1,10,82.81,83,5,23164.0,67,5
tc_public_29/input.blif,12,alphasyn,"seq=10,iters=20,cpuct=1.0,mu=0.9,",8.5,1.0,109.0,1,10,7.0,1,10,82.42,78,5,23160.0,63,5
tc_public_29/input.blif,12,alphasyn,"seq=10,iters=20,cpuct=1.0,mu=0.9,",8.5,1.0,109.0,1,10,7.0,1,10,82.59,81,5,23484.0,88,5
tc_public_29/input.blif,12,alphasyn,"seq=10,iters=20,cpuct=1.0,mu=0.9,",8.5,1.0,109.0,1,10,7.0,1,10,83.56,90,5,23320.0,77,5
tc_public_29/input.blif,12,alphasyn,"seq=10,iters=20,cpuct=1.0,mu=0.9,",8.5,1.0,109.0,1,10,7.0,1,10,82.96,85,5,23164.0,67,5
tc_public_29/input.blif,12,alphasyn,"seq=10,iters=20,cpuct=1.0,mu=0.9,",8.5,1.0,109.0,1,10,7.0,1,10,82.41,77,5,23320.0,77,5
tc_public_29/input.blif,12,alphasyn,"seq=10,iters=20,cpuct=1.0,mu=0.9,",8.5,1.0,109.0,1,10,7.0,1,10,82.65,82,5,23004.0,62,5
tc_public_29/input.blif,12,alphasyn,"seq=10,iters=20,cpuct=1.0,mu=0.9,",8.5,1.0,109.0,1,10,7.0,1,10,83.47,89,5,23320.0,77,5
tc_public_29/input.blif,12,alphasyn,"seq=10,iters=20,cpuct=1.5,mu=0.9,",8.5,1.0,109.0,1,10,7.0,1,10,29.39,67,5,23164.0,67,5
tc_public_29/input.blif,12,alphasyn,"seq=10,iters=20,cpuct=1.5,mu=0.9,",8.5,1.0,109.0,1,10,7.0,1,10,29.41,69,5,23160.0,63,5
tc_public_29/input.blif,12,alphasyn,"seq=10,iters=20,cpuct=1.5,mu=0.9,",8.5,1.0,109.0,1,10,7.0,1,10,29.15,63,5,23484.0,88,5
tc_public_29/input.blif,12,alphasyn,"seq=10,iters=20,cpuct=1.5,mu=0.9,",8.5,1.0,109.0,1,10,7.0,1,10,29.21,64,5,23164.0,67,5
tc_public_29/input.blif,12,alphasyn,"seq=10,iters=20,cpuct=1.5,mu=0.9,",8.5,1.0,109.0,1,10,7.0,1,10,29.32,66,5,23480.0,86,5
tc_public_29/input.blif,12,alphasyn,"seq=10,iters=20,cpuct=1.5,mu=0.9,",8.5,1.0,109.0,1,10,7.0,1,10,29.52,71,5,23324.0,84,5
tc_public_29/input.blif,12,alphasyn,"seq=10,iters=20,cpuct=1.5,mu=0.9,",8.5,1.0,109.0,1,10,7.0,1,10,29.39,67,5,23320.0,77,5
tc_public_29/input.blif,12,alphasyn,"seq=10,iters=20,cpuct=1.5,mu=0.9,",8.5,1.0,109.0,1,10,7.0,1,10,29.13,62,5,23164.0,67,5
tc_public_29/input.blif,12,alphasyn,"seq=10,iters=20,cpuct=1.5,mu=0.9,",8.5,1.0,109.0,1,10,7.0,1,10,29.42,70,5,23488.0,90,5
tc_public_29/input.blif,12,alphasyn,"seq=10,iters=20,cpuct=1.5,mu=0.9,",8.5,1.0,109.0,1,10,7.0,1,10,29.27,65,5,23164.0,67,5
tc_public_29/input.blif,12,baseline_mab,"steps=10,iters=20,ucb_c=0.4,seed=0",8.5,1.0,109.0,1,10,7.0,1,10,0.85,8,5,14960.0,23,5
tc_public_29/input.blif,12,baseline_mab,"steps=10,iters=20,ucb_c=0.4,seed=1",8.5,1.0,109.0,1,10,7.0,1,10,0.86,22,5,14912.0,6,5
tc_public_29/input.blif,12,baseline_mab,"steps=10,iters=20,ucb_c=0.4,seed=2",8.5,1.0,109.0,1,10,7.0,1,10,0.86,22,5,14916.0,14,5
tc_public_29/input.blif,12,baseline_mab,"steps=10,iters=20,ucb_c=0.4,seed=8",8.5,1.0,109.0,1,10,7.0,1,10,0.85,8,5,14960.0,23,5
tc_public_29/input.blif,12,baseline_mab,"steps=10,iters=20,ucb_c=0.4,seed=9",8.5,1.0,109.0,1,10,7.0,1,10,0.85,8,5,14956.0,19,5
tc_public_29/input.blif,12,baseline_mab,"steps=10,iters=20,ucb_c=1.0,seed=0",8.5,1.0,109.0,1,10,7.0,1,10,0.85,8,5,14964.0,28,5
tc_public_29/input.blif,12,baseline_mab,"steps=10,iters=20,ucb_c=1.0,seed=1",8.5,1.0,109.0,1,10,7.0,1,10,0.85,8,5,14912.0,6,5
tc_public_29/input.blif,12,baseline_mab,"steps=10,iters=20,ucb_c=1.0,seed=2",8.5,1.0,109.0,1,10,7.0,1,10,0.85,8,5,14912.0,6,5
tc_public_29/input.blif,12,baseline_mab,"steps=10,iters=20,ucb_c=1.0,seed=3",8.5,1.0,109.0,1,10,7.0,1,10,0.85,8,5,14956.0,19,5
tc_public_29/input.blif,12,baseline_mab,"steps=10,iters=20,ucb_c=1.0,seed=5",8.5,1.0,109.0,1,10,7.0,1,10,0.85,8,5,14964.0,28,5
tc_public_29/input.blif,12,baseline_mab,"steps=10,iters=20,ucb_c=1.0,seed=7",8.5,1.0,109.0,1,10,7.0,1,10,0.86,22,5,14952.0,18,5
tc_public_29/input.blif,12,baseline_mab,"steps=10,iters=20,ucb_c=1.0,seed=9",8.5,1.0,109.0,1,10,7.0,1,10,0.87,28,5,14912.0,6,5
tc_public_29/input.blif,12,baseline_mab,"steps=10,iters=20,ucb_c=1.5,seed=1",8.5,1.0,109.0,1,10,7.0,1,10,0.86,22,5,14956.0,19,5
tc_public_29/input.blif,12,baseline_mab,"steps=10,iters=20,ucb_c=1.5,seed=2",8.5,1.0,109.0,1,10,7.0,1,10,0.85,8,5,14912.0,6,5
tc_public_29/input.blif,12,baseline_mab,"steps=10,iters=20,ucb_c=1.5,seed=3",8.5,1.0,109.0,1,10,7.0,1,10,0.85,8,5,14964.0,28,5
tc_public_29/input.blif,12,baseline_mab,"steps=10,iters=20,ucb_c=1.5,seed=4",8.5,1.0,109.0,1,10,7.0,1,10,0.86,22,5,14916.0,14,5
tc_public_29/input.blif,12,baseline_mab,"steps=10,iters=20,ucb_c=1.5,seed=7",8.5,1.0,109.0,1,10,7.0,1,10,0.92,30,5,14912.0,6,5
tc_public_29/input.blif,12,baseline_mab,"steps=10,iters=20,ucb_c=1.5,seed=8",8.5,1.0,109.0,1,10,7.0,1,10,0.85,8,5,14912.0,6,5
tc_public_29/input.blif,12,baseline_mab,"steps=10,iters=20,ucb_c=1.5,seed=9",8.5,1.0,109.0,1,10,7.0,1,10,0.86,22,5,14960.0,23,5
tc_public_29/input.blif,12,baseline_mab_prefix,"steps=10,iters=20,ucb_c=0.2,seed=0",8.5,1.0,109.0,1,10,7.0,1,10,4.56,31,5,21080.0,35,5
tc_public_29/input.blif,12,baseline_mab_prefix,"steps=10,iters=20,ucb_c=0.2,seed=1",8.5,1.0,109.0,1,10,7.0,1,10,4.86,33,5,21120.0,37,5
tc_public_29/input.blif,12,baseline_mab_prefix,"steps=10,iters=20,ucb_c=0.2,seed=2",8.5,1.0,109.0,1,10,7.0,1,10,4.75,32,5,21240.0,52,5
tc_public_29/input.blif,12,baseline_mab_prefix,"steps=10,iters=20,ucb_c=0.2,seed=3",8.5,1.0,109.0,1,10,7.0,1,10,8.66,38,5,21236.0,42,5
tc_public_29/input.blif,12,baseline_mab_prefix,"steps=10,iters=20,ucb_c=0.2,seed=4",8.5,1.0,109.0,1,10,7.0,1,10,7.45,37,5,21236.0,42,5
tc_public_29/input.blif,12,baseline_mab_prefix,"steps=10,iters=20,ucb_c=0.2,seed=5",8.5,1.0,109.0,1,10,7.0,1,10,9.46,39,5,21400.0,60,5
tc_public_29/input.blif,12,baseline_mab_prefix,"steps=10,iters=20,ucb_c=0.2,seed=6",8.5,1.0,109.0,1,10,7.0,1,10,10.08,50,5,21120.0,37,5
tc_public_29/input.blif,12,baseline_mab_prefix,"steps=10,iters=20,ucb_c=0.2,seed=7",8.5,1.0,109.0,1,10,7.0,1,10,9.83,42,5,21076.0,31,5
tc_public_29/input.blif,12,baseline_mab_prefix,"steps=10,iters=20,ucb_c=0.2,seed=8",8.5,1.0,109.0,1,10,7.0,1,10,7.01,35,5,21236.0,42,5
tc_public_29/input.blif,12,baseline_mab_prefix,"steps=10,iters=20,ucb_c=0.2,seed=9",8.5,1.0,109.0,1,10,7.0,1,10,10.02,47,5,21120.0,37,5
tc_public_29/input.blif,12,baseline_mab_prefix,"steps=10,iters=20,ucb_c=0.4,seed=0",8.5,1.0,109.0,1,10,7.0,1,10,10.08,50,5,21280.0,55,5
tc_public_29/input.blif,12,baseline_mab_prefix,"steps=10,iters=20,ucb_c=0.4,seed=1",8.5,1.0,109.0,1,10,7.0,1,10,9.92,45,5,21076.0,31,5
tc_public_29/input.blif,12,baseline_mab_prefix,"steps=10,iters=20,ucb_c=0.4,seed=2",8.5,1.0,109.0,1,10,7.0,1,10,9.81,41,5,21236.0,42,5
tc_public_29/input.blif,12,baseline_mab_prefix,"steps=10,iters=20,ucb_c=0.4,seed=3",8.5,1.0,109.0,1,10,7.0,1,10,7.12,36,5,21236.0,42,5
tc_public_29/input.blif,12,baseline_mab_prefix,"steps=10,iters=20,ucb_c=0.4,seed=4",8.5,1.0,109.0,1,10,7.0,1,10,9.88,44,5,21236.0,42,5
tc_public_29/input.blif,12,baseline_mab_prefix,"steps=10,iters=20,ucb_c=0.4,seed=5",8.5,1.0,109.0,1,10,7.0,1,10,10.32,55,5,21236.0,42,5
tc_public_29/input.blif,12,baseline_mab_prefix,"steps=10,iters=20,ucb_c=0.4,seed=6",8.5,1.0,109.0,1,10,7.0,1,10,10.16,52,5,21120.0,37,5
tc_public_29/input.blif,12,baseline_mab_prefix,"steps=10,iters=20,ucb_c=0.4,seed=7",8.5,1.0,109.0,1,10,7.0,1,10,9.6,40,5,21240.0,52,5
tc_public_29/input.blif,12,baseline_mab_prefix,"steps=10,iters=20,ucb_c=0.4,seed=8",8.5,1.0,109.0,1,10,7.0,1,10,9.86,43,5,21236.0,42,5
tc_public_29/input.blif,12,baseline_mab_prefix,"steps=10,iters=20,ucb_c=0.4,seed=9",8.5,1.0,109.0,1,10,7.0,1,10,11.35,60,5,21240.0,52,5
tc_public_29/input.blif,12,baseline_mab_prefix,"steps=10,iters=20,ucb_c=0.8,seed=0",8.5,1.0,109.0,1,10,7.0,1,10,10.32,55,5,21080.0,35,5
tc_public_29/input.blif,12,baseline_mab_prefix,"steps=10,iters=20,ucb_c=0.8,seed=1",8.5,1.0,109.0,1,10,7.0,1,10,10.07,48,5,21236.0,42,5
tc_public_29/input.blif,12,baseline_mab_prefix,"steps=10,iters=20,ucb_c=0.8,seed=2",8.5,1.0,109.0,1,10,7.0,1,10,9.97,46,5,21076.0,31,5
tc_public_29/input.blif,12,baseline_mab_prefix,"steps=10,iters=20,ucb_c=0.8,seed=3",8.5,1.0,109.0,1,10,7.0,1,10,10.32,55,5,21280.0,55,5
tc_public_29/input.blif,12,baseline_mab_prefix,"steps=10,iters=20,ucb_c=0.8,seed=4",8.5,1.0,109.0,1,10,7.0,1,10,10.07,48,5,21120.0,37,5
tc_public_29/input.blif,12,baseline_mab_prefix,"steps=10,iters=20,ucb_c=0.8,seed=5",8.5,1.0,109.0,1,10,7.0,1,10,10.55,59,5,21236.0,42,5
tc_public_29/input.blif,12,baseline_mab_prefix,"steps=10,iters=20,ucb_c=0.8,seed=6",8.5,1.0,109.0,1,10,7.0,1,10,6.1,34,5,21280.0,55,5
tc_public_29/input.blif,12,baseline_mab_prefix,"steps=10,iters=20,ucb_c=0.8,seed=7",8.5,1.0,109.0,1,10,7.0,1,10,10.25,54,5,21280.0,55,5
tc_public_29/input.blif,12,baseline_mab_prefix,"steps=10,iters=20,ucb_c=0.8,seed=8",8.5,1.0,109.0,1,10,7.0,1,10,10.35,58,5,21076.0,31,5
tc_public_29/input.blif,12,baseline_mab_prefix,"steps=10,iters=20,ucb_c=0.8,seed=9",8.5,1.0,109.0,1,10,7.0,1,10,10.2,53,5,21280.0,55,5
tc_public_30/input.blif,1,baseline_mab,"steps=10,iters=20,ucb_c=1.0,seed=5",7.5,1.0,4539.0,1,10,22.0,23,5,14.68,18,5,26352.0,79,5
tc_public_30/input.blif,2,baseline_mab_prefix,"steps=10,iters=20,ucb_c=0.4,seed=5",7.2,1.0,4545.0,2,9,22.0,23,5,31.6,45,5,23452.0,4,7
tc_public_30/input.blif,3,alphasyn,"seq=10,iters=20,cpuct=1.5,mu=0.9,",6.5,1.0,4590.0,4,7,22.0,23,5,58.19,67,5,23416.0,1,10
tc_public_30/input.blif,3,baseline_mab,"steps=10,iters=20,ucb_c=1.5,seed=7",6.5,1.0,4554.0,3,8,22.0,23,5,17.78,33,5,26508.0,82,5
tc_public_30/input.blif,5,alphasyn,"seq=10,iters=20,cpuct=1.5,mu=0.9,",6.3,1.0,4590.0,4,7,22.0,23,5,58.26,68,5,23420.0,3,8
tc_public_30/input.blif,6,alphasyn,"seq=10,iters=20,cpuct=0.5,mu=0.9,",6.0,1.0,4590.0,4,7,22.0,23,5,50.49,65,5,23736.0,19,5
tc_public_30/input.blif,6,alphasyn,"seq=10,iters=20,cpuct=0.5,mu=0.9,",6.0,1.0,4590.0,4,7,22.0,23,5,34.23,53,5,23732.0,14,5
tc_public_30/input.blif,6,alphasyn,"seq=10,iters=20,cpuct=0.5,mu=0.9,",6.0,1.0,4590.0,4,7,22.0,23,5,50.73,66,5,23736.0,19,5
tc_public_30/input.blif,6,alphasyn,"seq=10,iters=20,cpuct=0.5,mu=0.9,",6.0,1.0,4590.0,4,7,22.0,23,5,48.48,63,5,23736.0,19,5
tc_public_30/input.blif,6,alphasyn,"seq=10,iters=20,cpuct=0.5,mu=0.9,",6.0,1.0,4590.0,4,7,22.0,23,5,49.05,64,5,23736.0,19,5
tc_public_30/input.blif,6,alphasyn,"seq=10,iters=20,cpuct=0.5,mu=0.9,",6.0,1.0,4590.0,4,7,22.0,23,5,22.66,34,5,23732.0,14,5
tc_public_30/input.blif,6,alphasyn,"seq=10,iters=20,cpuct=0.5,mu=0.9,",6.0,1.0,4590.0,4,7,22.0,23,5,63.46,79,5,23732.0,14,5
tc_public_30/input.blif,6,alphasyn,"seq=10,iters=20,cpuct=0.5,mu=0.9,",6.0,1.0,4590.0,4,7,22.0,23,5,63.68,80,5,23736.0,19,5
tc_public_30/input.blif,6,alphasyn,"seq=10,iters=20,cpuct=0.5,mu=0.9,",6.0,1.0,4590.0,4,7,22.0,23,5,63.32,78,5,23736.0,19,5
tc_public_30/input.blif,6,alphasyn,"seq=10,iters=20,cpuct=0.5,mu=0.9,",6.0,1.0,4590.0,4,7,22.0,23,5,62.9,77,5,23736.0,19,5
tc_public_30/input.blif,6,alphasyn,"seq=10,iters=20,cpuct=1.0,mu=0.9,",6.0,1.0,4590.0,4,7,22.0,23,5,136.66,83,5,23736.0,19,5
tc_public_30/input.blif,6,alphasyn,"seq=10,iters=20,cpuct=1.0,mu=0.9,",6.0,1.0,4590.0,4,7,22.0,23,5,136.22,81,5,23728.0,13,5
tc_public_30/input.blif,6,alphasyn,"seq=10,iters=20,cpuct=1.0,mu=0.9,",6.0,1.0,4590.0,4,7,22.0,23,5,138.75,89,5,23612.0,12,5
tc_public_30/input.blif,6,alphasyn,"seq=10,iters=20,cpuct=1.0,mu=0.9,",6.0,1.0,4590.0,4,7,22.0,23,5,136.39,82,5,23736.0,19,5
tc_public_30/input.blif,6,alphasyn,"seq=10,iters=20,cpuct=1.0,mu=0.9,",6.0,1.0,4590.0,4,7,22.0,23,5,137.2,87,5,23732.0,14,5
tc_public_30/input.blif,6,alphasyn,"seq=10,iters=20,cpuct=1.0,mu=0.9,",6.0,1.0,4590.0,4,7,22.0,23,5,138.1,88,5,23736.0,19,5
tc_public_30/input.blif,6,alphasyn,"seq=10,iters=20,cpuct=1.0,mu=0.9,",6.0,1.0,4590.0,4,7,22.0,23,5,136.8,85,5,23736.0,19,5
tc_public_30/input.blif,6,alphasyn,"seq=10,iters=20,cpuct=1.0,mu=0.9,",6.0,1.0,4590.0,4,7,22.0,23,5,136.71,84,5,23736.0,19,5
tc_public_30/input.blif,6,alphasyn,"seq=10,iters=20,cpuct=1.0,mu=0.9,",6.0,1.0,4590.0,4,7,22.0,23,5,136.97,86,5,23576.0,7,5
tc_public_30/input.blif,6,alphasyn,"seq=10,iters=20,cpuct=1.0,mu=0.9,",6.0,1.0,4590.0,4,7,22.0,23,5,138.81,90,5,23896.0,57,5
tc_public_30/input.blif,6,alphasyn,"seq=10,iters=20,cpuct=1.5,mu=0.9,",6.0,1.0,4590.0,4,7,22.0,23,5,58.88,76,5,23736.0,19,5
tc_public_30/input.blif,6,alphasyn,"seq=10,iters=20,cpuct=1.5,mu=0.9,",6.0,1.0,4590.0,4,7,22.0,23,5,58.59,73,5,23736.0,19,5
tc_public_30/input.blif,6,alphasyn,"seq=10,iters=20,cpuct=1.5,mu=0.9,",6.0,1.0,4590.0,4,7,22.0,23,5,58.27,69,5,23736.0,19,5
tc_public_30/input.blif,6,alphasyn,"seq=10,iters=20,cpuct=1.5,mu=0.9,",6.0,1.0,4590.0,4,7,22.0,23,5,58.29,70,5,23736.0,19,5
tc_public_30/input.blif,6,alphasyn,"seq=10,iters=20,cpuct=1.5,mu=0.9,",6.0,1.0,4590.0,4,7,22.0,23,5,58.69,74,5,23572.0,6,5
tc_public_30/input.blif,6,alphasyn,"seq=10,iters=20,cpuct=1.5,mu=0.9,",6.0,1.0,4590.0,4,7,22.0,23,5,58.38,71,5,23736.0,19,5
tc_public_30/input.blif,6,alphasyn,"seq=10,iters=20,cpuct=1.5,mu=0.9,",6.0,1.0,4590.0,4,7,22.0,23,5,58.46,72,5,23896.0,57,5
tc_public_30/input.blif,6,alphasyn,"seq=10,iters=20,cpuct=1.5,mu=0.9,",6.0,1.0,4590.0,4,7,22.0,23,5,58.73,75,5,23892.0,56,5
tc_public_30/input.blif,6,baseline_mab,"steps=10,iters=20,ucb_c=0.4,seed=1",6.0,1.0,7765.0,89,5,20.0,1,10,15.13,24,5,26224.0,76,5
tc_public_30/input.blif,6,baseline_mab,"steps=10,iters=20,ucb_c=0.4,seed=6",6.0,1.0,4766.0,36,5,22.0,23,5,12.78,1,10,25984.0,70,5
tc_public_30/input.blif,6,baseline_mab_prefix,"steps=10,iters=20,ucb_c=0.4,seed=6",6.0,1.0,5837.0,59,5,20.0,1,10,30.81,43,5,23736.0,19,5
tc_public_30/input.blif,6,baseline_mab_prefix,"steps=10,iters=20,ucb_c=0.8,seed=4",6.0,1.0,7135.0,79,5,20.0,1,10,36.95,61,5,23576.0,7,5
tc_public_30/input.blif,6,baseline_mab_prefix,"steps=10,iters=20,ucb_c=0.8,seed=6",6.0,1.0,6690.0,72,5,20.0,1,10,26.18,38,5,23736.0,19,5
tc_public_30/input.blif,39,baseline_mab,"steps=10,iters=20,ucb_c=1.0,seed=4",5.8,1.0,5305.0,45,5,22.0,23,5,12.92,2,9,26132.0,74,5
tc_public_30/input.blif,40,baseline_mab,"steps=10,iters=20,ucb_c=1.5,seed=6",5.6,1.0,6358.0,68,5,22.0,23,5,13.12,3,8,26004.0,71,5
tc_public_30/input.blif,41,baseline_mab_prefix,"steps=10,iters=20,ucb_c=0.8,seed=8",5.5,1.0,7082.0,77,5,22.0,23,5,36.17,57,5,23416.0,1,10
tc_public_30/input.blif,42,baseline_mab,"steps=10,iters=20,ucb_c=0.4,seed=0",5.4,1.0,5209.0,44,5,22.0,23,5,13.31,4,7,26796.0,90,5
tc_public_30/input.blif,43,baseline_mab,"steps=10,iters=20,ucb_c=0.4,seed=4",5.2,1.0,7391.0,85,5,21.0,5,6,16.39,31,5,25244.0,61,5
tc_public_30/input.blif,43,baseline_mab,"steps=10,iters=20,ucb_c=0.4,seed=8",5.2,1.0,7534.0,87,5,21.0,5,6,15.08,23,5,25648.0,65,5
tc_public_30/input.blif,43,baseline_mab,"steps=10,iters=20,ucb_c=0.4,seed=9",5.2,1.0,5393.0,47,5,22.0,23,5,13.4,5,6,26772.0,88,5
tc_public_30/input.blif,43,baseline_mab,"steps=10,iters=20,ucb_c=1.0,seed=2",5.2,1.0,7301.0,82,5,21.0,5,6,14.96,22,5,26504.0,81,5
tc_public_30/input.blif,43,baseline_mab,"steps=10,iters=20,ucb_c=1.5,seed=0",5.2,1.0,5871.0,60,5,21.0,5,6,13.91,10,5,26072.0,72,5
tc_public_30/input.blif,43,baseline_mab,"steps=10,iters=20,ucb_c=1.5,seed=2",5.2,1.0,7290.0,81,5,21.0,5,6,14.68,18,5,26468.0,80,5
tc_public_30/input.blif,43,baseline_mab,"steps=10,iters=20,ucb_c=1.5,seed=3",5.2,1.0,6407.0,70,5,21.0,5,6,14.53,17,5,26620.0,84,5
tc_public_30/input.blif,43,baseline_mab,"steps=10,iters=20,ucb_c=1.5,seed=5",5.2,1.0,7901.0,90,5,21.0,5,6,16.04,30,5,26216.0,75,5
tc_public_30/input.blif,43,baseline_mab,"steps=10,iters=20,ucb_c=1.5,seed=9",5.2,1.0,7301.0,82,5,21.0,5,6,14.84,20,5,26612.0,83,5
tc_public_30/input.blif,43,baseline_mab_prefix,"steps=10,iters=20,ucb_c=0.2,seed=3",5.2,1.0,5443.0,49,5,22.0,23,5,26.52,39,5,23452.0,4,7
tc_public_30/input.blif,43,baseline_mab_prefix,"steps=10,iters=20,ucb_c=0.2,seed=5",5.2,1.0,5413.0,48,5,21.0,5,6,30.06,41,5,23576.0,7,5
tc_public_30/input.blif,43,baseline_mab_prefix,"steps=10,iters=20,ucb_c=0.2,seed=7",5.2,1.0,5562.0,56,5,21.0,5,6,29.81,40,5,23736.0,19,5
tc_public_30/input.blif,43,baseline_mab_prefix,"steps=10,iters=20,ucb_c=0.4,seed=1",5.2,1.0,6328.0,67,5,21.0,5,6,32.14,47,5,23576.0,7,5
tc_public_30/input.blif,43,baseline_mab_prefix,"steps=10,iters=20,ucb_c=0.4,seed=2",5.2,1.0,5802.0,58,5,21.0,5,6,32.89,48,5,23736.0,19,5
tc_public_30/input.blif,43,baseline_mab_prefix,"steps=10,iters=20,ucb_c=0.4,seed=4",5.2,1.0,6625.0,71,5,21.0,5,6,34.49,55,5,23736.0,19,5
tc_public_30/input.blif,43,baseline_mab_prefix,"steps=10,iters=20,ucb_c=0.4,seed=7",5.2,1.0,6021.0,62,5,21.0,5,6,31.61,46,5,23736.0,19,5
tc_public_30/input.blif,43,baseline_mab_prefix,"steps=10,iters=20,ucb_c=0.4,seed=8",5.2,1.0,5922.0,61,5,21.0,5,6,33.2,49,5,23736.0,19,5
tc_public_30/input.blif,43,baseline_mab_prefix,"steps=10,iters=20,ucb_c=0.8,seed=3",5.2,1.0,5117.0,39,5,21.0,5,6,34.12,52,5,23576.0,7,5
tc_public_30/input.blif,43,baseline_mab_prefix,"steps=10,iters=20,ucb_c=0.8,seed=7",5.2,1.0,7405.0,86,5,21.0,5,6,36.71,59,5,23736.0,19,5
tc_public_30/input.blif,43,baseline_mab_prefix,"steps=10,iters=20,ucb_c=0.8,seed=9",5.2,1.0,5174.0,41,5,21.0,5,6,34.63,56,5,23736.0,19,5
tc_public_30/input.blif,63,baseline_mab,"steps=10,iters=20,ucb_c=0.4,seed=2",5.0,1.0,7139.0,80,5,22.0,23,5,16.03,29,5,25740.0,67,5
tc_public_30/input.blif,63,baseline_mab,"steps=10,iters=20,ucb_c=0.4,seed=3",5.0,1.0,5476.0,51,5,22.0,23,5,14.1,12,5,26656.0,85,5
tc_public_30/input.blif,63,baseline_mab,"steps=10,iters=20,ucb_c=0.4,seed=5",5.0,1.0,4896.0,38,5,22.0,23,5,15.31,25,5,25432.0,64,5
tc_public_30/input.blif,63,baseline_mab,"steps=10,iters=20,ucb_c=0.4,seed=7",5.0,1.0,5558.0,55,5,22.0,23,5,13.49,7,5,26784.0,89,5
tc_public_30/input.blif,63,baseline_mab,"steps=10,iters=20,ucb_c=1.0,seed=0",5.0,1.0,5533.0,54,5,22.0,23,5,14.5,16,5,26072.0,72,5
tc_public_30/input.blif,63,baseline_mab,"steps=10,iters=20,ucb_c=1.0,seed=1",5.0,1.0,6878.0,75,5,22.0,23,5,13.59,8,5,25420.0,63,5
tc_public_30/input.blif,63,baseline_mab,"steps=10,iters=20,ucb_c=1.0,seed=3",5.0,1.0,5142.0,40,5,22.0,23,5,15.67,26,5,26232.0,77,5
tc_public_30/input.blif,63,baseline_mab,"steps=10,iters=20,ucb_c=1.0,seed=6",5.0,1.0,6358.0,68,5,22.0,23,5,13.59,8,5,26304.0,78,5
tc_public_30/input.blif,63,baseline_mab,"steps=10,iters=20,ucb_c=1.0,seed=7",5.0,1.0,4616.0,34,5,22.0,23,5,14.14,13,5,26692.0,86,5
tc_public_30/input.blif,63,baseline_mab,"steps=10,iters=20,ucb_c=1.0,seed=8",5.0,1.0,7578.0,88,5,22.0,23,5,15.74,27,5,25676.0,66,5
tc_public_30/input.blif,63,baseline_mab,"steps=10,iters=20,ucb_c=1.0,seed=9",5.0,1.0,5207.0,43,5,22.0,23,5,14.34,14,5,26768.0,87,5
tc_public_30/input.blif,63,baseline_mab,"steps=10,iters=20,ucb_c=1.5,seed=1",5.0,1.0,4783.0,37,5,22.0,23,5,15.97,28,5,25820.0,68,5
tc_public_30/input.blif,63,baseline_mab,"steps=10,iters=20,ucb_c=1.5,seed=4",5.0,1.0,6784.0,74,5,22.0,23,5,16.68,32,5,25400.0,62,5
tc_public_30/input.blif,63,baseline_mab,"steps=10,iters=20,ucb_c=1.5,seed=8",5.0,1.0,6743.0,73,5,22.0,23,5,14.92,21,5,25948.0,69,5
tc_public_30/input.blif,63,baseline_mab_prefix,"steps=10,iters=20,ucb_c=0.2,seed=0",5.0,1.0,6284.0,65,5,22.0,23,5,13.93,11,5,23736.0,19,5
tc_public_30/input.blif,63,baseline_mab_prefix,"steps=10,iters=20,ucb_c=0.2,seed=1",5.0,1.0,6289.0,66,5,22.0,23,5,14.36,15,5,23736.0,19,5
tc_public_30/input.blif,63,baseline_mab_prefix,"steps=10,iters=20,ucb_c=0.2,seed=2",5.0,1.0,5505.0,52,5,22.0,23,5,13.45,6,5,23736.0,19,5
tc_public_30/input.blif,63,baseline_mab_prefix,"steps=10,iters=20,ucb_c=0.2,seed=4",5.0,1.0,5751.0,57,5,22.0,23,5,25.92,37,5,23736.0,19,5
tc_public_30/input.blif,63,baseline_mab_prefix,"steps=10,iters=20,ucb_c=0.2,seed=6",5.0,1.0,5458.0,50,5,22.0,23,5,30.54,42,5,23736.0,19,5
tc_public_30/input.blif,63,baseline_mab_prefix,"steps=10,iters=20,ucb_c=0.2,seed=8",5.0,1.0,5512.0,53,5,22.0,23,5,23.81,35,5,23736.0,19,5
tc_public_30/input.blif,63,baseline_mab_prefix,"steps=10,iters=20,ucb_c=0.2,seed=9",5.0,1.0,5378.0,46,5,22.0,23,5,30.84,44,5,23736.0,19,5
tc_public_30/input.blif,63,baseline_mab_prefix,"steps=10,iters=20,ucb_c=0.4,seed=0",5.0,1.0,5174.0,41,5,22.0,23,5,33.37,50,5,23896.0,57,5
tc_public_30/input.blif,63,baseline_mab_prefix,"steps=10,iters=20,ucb_c=0.4,seed=3",5.0,1.0,6121.0,63,5,22.0,23,5,24.17,36,5,23736.0,19,5
tc_public_30/input.blif,63,baseline_mab_prefix,"steps=10,iters=20,ucb_c=0.4,seed=9",5.0,1.0,4701.0,35,5,22.0,23,5,34.0,51,5,23736.0,19,5
tc_public_30/input.blif,63,baseline_mab_prefix,"steps=10,iters=20,ucb_c=0.8,seed=0",5.0,1.0,7374.0,84,5,22.0,23,5,36.37,58,5,23896.0,57,5
tc_public_30/input.blif,63,baseline_mab_prefix,"steps=10,iters=20,ucb_c=0.8,seed=1",5.0,1.0,6249.0,64,5,22.0,23,5,36.89,60,5,23736.0,19,5
tc_public_30/input.blif,63,baseline_mab_prefix,"steps=10,iters=20,ucb_c=0.8,seed=2",5.0,1.0,7036.0,76,5,22.0,23,5,37.36,62,5,23736.0,19,5
tc_public_30/input.blif,63,baseline_mab_prefix,"steps=10,iters=20,ucb_c=0.8,seed=5",5.0,1.0,7120.0,78,5,22.0,23,5,34.35,54,5,23732.0,14,5
